Date,Notification Type,Device ID,Device Type,OS Version,Relation
2025-04-14T17:24Z,Other,00008101-001365000CD1001E,"iPhone13,2",iOS 17.3.1,Received
2025-04-14T17:24Z,Other,68CAC48E9465,Macintosh,OS X 15.2,Received
2025-04-14T17:24Z,Other,00008120-000E3C622E82601E,"iPhone15,4",iOS 18.3.2,Received
2025-04-14T00:22Z,Other,00008120-000E3C622E82601E,"iPhone15,4",iOS 18.3.2,Received
2025-04-14T00:22Z,Other,00008101-001365000CD1001E,"iPhone13,2",iOS 17.3.1,Received
2025-04-14T00:21Z,Other,00008120-000E3C622E82601E,"iPhone15,4",iOS 18.3.2,Received
2025-04-14T00:21Z,Other,00008101-001365000CD1001E,"iPhone13,2",iOS 17.3.1,Received
2025-04-12T14:02Z,New Release,00008101-001365000CD1001E---content:new-release-opt-in-subs,,N/A,Received
2025-04-12T14:02Z,New Release,00008101-001365000CD1001E---content:new-release-inapp-only-subs,,N/A,Received
2025-04-12T14:02Z,New Release,00008120-000E3C622E82601E---content:new-release-opt-in-subs,,N/A,Received
2025-04-12T14:02Z,New Release,00008120-000E3C622E82601E---content:new-release-inapp-only-subs,,N/A,Received
2025-04-11T12:15Z,Other,00008101-001365000CD1001E,"iPhone13,2",iOS 17.3.1,Received
2025-04-11T12:15Z,Other,00008120-000E3C622E82601E,"iPhone15,4",iOS 18.3.2,Received
2025-04-11T12:15Z,Other,68CAC48E9465,Macintosh,OS X 15.2,Received
2025-04-11T12:14Z,Other,68CAC48E9465,Macintosh,OS X 15.2,Received
2025-04-11T12:14Z,Other,00008101-001365000CD1001E,"iPhone13,2",iOS 17.3.1,Received
2025-04-11T12:14Z,Other,00008120-000E3C622E82601E,"iPhone15,4",iOS 18.3.2,Received
2025-04-11T12:10Z,Other,00008101-001365000CD1001E,"iPhone13,2",iOS 17.3.1,Received
2025-04-11T12:10Z,Other,00008120-000E3C622E82601E,"iPhone15,4",iOS 18.3.2,Received
2025-04-11T12:10Z,Other,68CAC48E9465,Macintosh,OS X 15.2,Received
2025-04-11T11:59Z,Other,00008101-001365000CD1001E,"iPhone13,2",iOS 17.3.1,Received
2025-04-11T11:59Z,Other,00008120-000E3C622E82601E,"iPhone15,4",iOS 18.3.2,Received
2025-04-11T11:59Z,Other,68CAC48E9465,Macintosh,OS X 15.2,Received
2025-04-10T05:45Z,Other,00008120-000E3C622E82601E,"iPhone15,4",iOS 18.3.2,Received
2025-04-10T05:45Z,Other,68CAC48E9465,Macintosh,OS X 15.2,Received
2025-04-10T05:45Z,Other,00008101-001365000CD1001E,"iPhone13,2",iOS 17.3.1,Received
2025-04-09T19:14Z,Other,68CAC48E9465,Macintosh,OS X 15.2,Received
2025-04-09T19:14Z,Other,00008120-000E3C622E82601E,"iPhone15,4",iOS 18.3.2,Received
2025-04-09T19:14Z,Other,00008101-001365000CD1001E,"iPhone13,2",iOS 17.3.1,Received
2025-04-07T11:32Z,Other,68CAC48E9465,Macintosh,OS X 15.2,Received
2025-04-07T11:32Z,Other,00008120-000E3C622E82601E,"iPhone15,4",iOS 18.3.2,Received
2025-04-07T11:32Z,Other,00008101-001365000CD1001E,"iPhone13,2",iOS 17.3.1,Received
2025-04-06T12:58Z,Other,68CAC48E9465,Macintosh,OS X 15.2,Received
2025-04-06T12:58Z,Other,00008101-001365000CD1001E,"iPhone13,2",iOS 17.3.1,Received
2025-04-06T12:58Z,Other,00008120-000E3C622E82601E,"iPhone15,4",iOS 18.3.2,Received
2025-04-01T18:44Z,Other,68CAC48E9465,Macintosh,OS X 15.2,Received
2025-04-01T18:44Z,Other,00008101-001365000CD1001E,"iPhone13,2",iOS 17.3.1,Received
2025-04-01T18:44Z,Other,00008120-000E3C622E82601E,"iPhone15,4",iOS 18.3.2,Received
2025-03-29T22:15Z,Other,68CAC48E9465,Macintosh,OS X 15.2,Received
2025-03-29T22:15Z,Other,00008101-001365000CD1001E,"iPhone13,2",iOS 17.3.1,Received
2025-03-29T22:15Z,Other,00008120-000E3C622E82601E,"iPhone15,4",iOS 18.3.2,Received
2025-03-29T22:02Z,Other,68CAC48E9465,Macintosh,OS X 15.2,Received
2025-03-29T22:02Z,Other,00008101-001365000CD1001E,"iPhone13,2",iOS 17.3.1,Received
2025-03-29T22:02Z,Other,00008120-000E3C622E82601E,"iPhone15,4",iOS 18.3.2,Received
2025-03-29T22:01Z,Other,00008120-000E3C622E82601E,"iPhone15,4",iOS 18.3.2,Received
2025-03-29T22:01Z,Other,00008101-001365000CD1001E,"iPhone13,2",iOS 17.3.1,Received
2025-03-29T22:01Z,Other,68CAC48E9465,Macintosh,OS X 15.2,Received
2025-03-29T21:47Z,Other,00008101-001365000CD1001E,"iPhone13,2",iOS 17.3.1,Received
2025-03-29T21:47Z,Other,00008120-000E3C622E82601E,"iPhone15,4",iOS 18.3.2,Received
2025-03-29T21:47Z,Other,68CAC48E9465,Macintosh,OS X 15.2,Received
2025-03-29T21:46Z,Other,00008101-001365000CD1001E,"iPhone13,2",iOS 17.3.1,Received
2025-03-29T21:46Z,Other,68CAC48E9465,Macintosh,OS X 15.2,Received
2025-03-29T21:46Z,Other,00008120-000E3C622E82601E,"iPhone15,4",iOS 18.3.2,Received
2025-03-28T22:04Z,Other,68CAC48E9465,Macintosh,OS X 15.2,Received
2025-03-28T22:04Z,Other,00008120-000E3C622E82601E,"iPhone15,4",iOS 18.3.2,Received
2025-03-28T22:04Z,Other,00008101-001365000CD1001E,"iPhone13,2",iOS 17.3.1,Received
2025-03-28T17:39Z,Other,00008120-000E3C622E82601E,"iPhone15,4",iOS 18.3.2,Received
2025-03-28T17:39Z,Other,00008101-001365000CD1001E,"iPhone13,2",iOS 17.3.1,Received
2025-03-28T17:39Z,Other,68CAC48E9465,Macintosh,OS X 15.2,Received
2025-03-28T17:23Z,Other,00008101-001365000CD1001E,"iPhone13,2",iOS 17.3.1,Received
2025-03-28T17:23Z,Other,68CAC48E9465,Macintosh,OS X 15.2,Received
2025-03-28T17:23Z,Other,00008120-000E3C622E82601E,"iPhone15,4",iOS 18.3.2,Received
2025-03-28T17:21Z,Other,68CAC48E9465,Macintosh,OS X 15.2,Received
2025-03-28T17:21Z,Other,00008101-001365000CD1001E,"iPhone13,2",iOS 17.3.1,Received
2025-03-28T17:21Z,Other,00008120-000E3C622E82601E,"iPhone15,4",iOS 18.3.2,Received
2025-03-28T16:13Z,Other,00008120-000E3C622E82601E,"iPhone15,4",iOS 18.3.2,Received
2025-03-28T16:13Z,Other,68CAC48E9465,Macintosh,OS X 15.2,Received
2025-03-28T16:13Z,Other,00008101-001365000CD1001E,"iPhone13,2",iOS 17.3.1,Received
2025-03-25T20:55Z,Other,00008120-000E3C622E82601E,"iPhone15,4",iOS 18.3.2,Received
2025-03-25T20:55Z,Other,00008101-001365000CD1001E,"iPhone13,2",iOS 17.3.1,Received
2025-03-25T20:17Z,Other,00008101-001365000CD1001E,"iPhone13,2",iOS 17.3.1,Received
2025-03-25T20:17Z,Other,68CAC48E9465,Macintosh,OS X 15.2,Received
2025-03-25T20:17Z,Other,00008120-000E3C622E82601E,"iPhone15,4",iOS 18.3.2,Received
2025-03-24T23:09Z,Other,00008120-000E3C622E82601E,"iPhone15,4",iOS 18.3.2,Received
2025-03-24T23:09Z,Other,68CAC48E9465,Macintosh,OS X 15.2,Received
2025-03-24T23:09Z,Other,00008101-001365000CD1001E,"iPhone13,2",iOS 17.3.1,Received
2025-03-24T22:46Z,Other,68CAC48E9465,Macintosh,OS X 15.2,Received
2025-03-24T22:46Z,Other,00008120-000E3C622E82601E,"iPhone15,4",iOS 18.3.2,Received
2025-03-24T22:46Z,Other,00008101-001365000CD1001E,"iPhone13,2",iOS 17.3.1,Received
2025-03-24T13:28Z,Other,00008120-000E3C622E82601E,"iPhone15,4",iOS 18.3.2,Received
2025-03-24T13:28Z,Other,00008101-001365000CD1001E,"iPhone13,2",iOS 17.3.1,Received
2025-03-22T11:05Z,Other,00008101-001365000CD1001E,"iPhone13,2",iOS 17.3.1,Received
2025-03-22T11:05Z,Other,00008120-000E3C622E82601E,"iPhone15,4",iOS 18.3.2,Received
2025-03-22T11:05Z,Other,68CAC48E9465,Macintosh,OS X 15.2,Received
2025-03-21T21:33Z,Other,68CAC48E9465,Macintosh,OS X 15.2,Received
2025-03-21T21:33Z,Other,00008120-000E3C622E82601E,"iPhone15,4",iOS 18.3.2,Received
2025-03-21T21:33Z,Other,00008101-001365000CD1001E,"iPhone13,2",iOS 17.3.1,Received
2025-03-21T00:02Z,Other,68CAC48E9465,Macintosh,OS X 15.2,Received
2025-03-21T00:02Z,Other,00008101-001365000CD1001E,"iPhone13,2",iOS 17.3.1,Received
2025-03-21T00:02Z,Other,00008120-000E3C622E82601E,"iPhone15,4",iOS 18.3.2,Received
2025-03-20T22:30Z,Other,00008101-001365000CD1001E,"iPhone13,2",iOS 17.3.1,Received
2025-03-20T22:30Z,Other,00008120-000E3C622E82601E,"iPhone15,4",iOS 18.3.2,Received
2025-03-20T22:30Z,Other,68CAC48E9465,Macintosh,OS X 15.2,Received
2025-03-20T17:19Z,Other,00008101-001365000CD1001E,"iPhone13,2",iOS 17.3.1,Received
2025-03-20T17:19Z,Other,00008120-000E3C622E82601E,"iPhone15,4",iOS 18.3.2,Received
2025-03-20T17:19Z,Other,68CAC48E9465,Macintosh,OS X 15.2,Received
2025-03-18T21:34Z,Other,68CAC48E9465,Macintosh,OS X 15.2,Received
2025-03-18T21:34Z,Other,00008120-000E3C622E82601E,"iPhone15,4",iOS 18.3.2,Received
2025-03-18T21:34Z,Other,00008101-001365000CD1001E,"iPhone13,2",iOS 17.3.1,Received
