{
   "profile_privacy": "everyone",
   "game_state": [
      {
         "game_name": "Temple Run",
         "leaderboard": [
            {
               "leaderboard_score": [],
               "leaderboard_title": "High Score"
            },
            {
               "leaderboard_score": [],
               "leaderboard_title": "Longest Run"
            },
            {
               "leaderboard_score": [],
               "leaderboard_title": "Most Coins"
            },
            {
               "leaderboard_score": [],
               "leaderboard_title": "High Score with Revive"
            },
            {
               "leaderboard_score": [],
               "leaderboard_title": "Longest Run with Revive"
            },
            {
               "leaderboard_score": [],
               "leaderboard_title": "Most Coins with Revive"
            }
         ],
         "achievements": [],
         "last_played_utc": "03/20/2024 18:59:43"
      },
      {
         "game_name": "Chess",
         "leaderboard": [],
         "achievements": [{
            "last_update_utc": "01/14/2025 12:24:45",
            "percentage_complete": 100,
            "achievements_title": "One Step Beyond"
         }],
         "last_played_utc": "01/14/2025 12:24:44"
      },
      {
         "game_name": "Seekers Notes: Hidden Objects",
         "leaderboard": [],
         "achievements": [
            {
               "last_update_utc": "03/11/2023 08:36:42",
               "percentage_complete": 2,
               "achievements_title": "Alchemist"
            },
            {
               "last_update_utc": "03/11/2023 13:08:43",
               "percentage_complete": 22,
               "achievements_title": "Jack of All Trades"
            },
            {
               "last_update_utc": "03/11/2023 08:23:22",
               "percentage_complete": 50,
               "achievements_title": "Skeleton Key"
            },
            {
               "last_update_utc": "03/11/2023 13:05:03",
               "percentage_complete": 5,
               "achievements_title": "Puzzle Master"
            },
            {
               "last_update_utc": "03/11/2023 11:04:06",
               "percentage_complete": 60,
               "achievements_title": "First Step"
            },
            {
               "last_update_utc": "03/11/2023 13:01:27",
               "percentage_complete": 18,
               "achievements_title": "By Leaps and Bounds"
            },
            {
               "last_update_utc": "03/11/2023 08:35:52",
               "percentage_complete": 7,
               "achievements_title": "There It Is!"
            },
            {
               "last_update_utc": "03/11/2023 08:33:42",
               "percentage_complete": 4,
               "achievements_title": "Shock Wave"
            },
            {
               "last_update_utc": "03/10/2023 03:41:37",
               "percentage_complete": 2,
               "achievements_title": "Life of the party"
            },
            {
               "last_update_utc": "03/11/2023 11:01:09",
               "percentage_complete": 2,
               "achievements_title": "Sharp Eye"
            },
            {
               "last_update_utc": "03/11/2023 08:35:52",
               "percentage_complete": 12,
               "achievements_title": "Ends Justify the Means"
            },
            {
               "last_update_utc": "03/10/2023 07:47:56",
               "percentage_complete": 1,
               "achievements_title": "Regular Customer"
            },
            {
               "last_update_utc": "03/11/2023 13:05:57",
               "percentage_complete": 16,
               "achievements_title": "Collector"
            },
            {
               "last_update_utc": "03/11/2023 13:01:17",
               "percentage_complete": 1,
               "achievements_title": "Defender"
            },
            {
               "last_update_utc": "03/11/2023 13:05:03",
               "percentage_complete": 32,
               "achievements_title": "Clever Cookie"
            },
            {
               "last_update_utc": "03/11/2023 08:22:53",
               "percentage_complete": 1,
               "achievements_title": "Time Master"
            },
            {
               "last_update_utc": "03/11/2023 13:08:43",
               "percentage_complete": 66,
               "achievements_title": "One in a Million"
            }
         ],
         "last_played_utc": "03/11/2023 13:00:17"
      },
      {
         "game_name": "Traffic Rider",
         "leaderboard": [
            {
               "leaderboard_score": [],
               "leaderboard_title": "Endless - One Way - 2016"
            },
            {
               "leaderboard_score": [],
               "leaderboard_title": "Endless - Two Way - 2016"
            },
            {
               "leaderboard_score": [],
               "leaderboard_title": "Time Trial - One Way"
            },
            {
               "leaderboard_score": [],
               "leaderboard_title": "Time Trial - Two Way"
            },
            {
               "leaderboard_score": [],
               "leaderboard_title": "Max Distance - 2016"
            },
            {
               "leaderboard_score": [],
               "leaderboard_title": "Max Overtake Combo"
            },
            {
               "leaderboard_score": [],
               "leaderboard_title": "Old Scores (Endless - One Way)"
            },
            {
               "leaderboard_score": [],
               "leaderboard_title": "Old Scores (Endless - Two Way)"
            },
            {
               "leaderboard_score": [],
               "leaderboard_title": "Old Scores (Max Distance)"
            }
         ],
         "achievements": [
            {
               "last_update_utc": "02/07/2023 11:44:59",
               "percentage_complete": 100,
               "achievements_title": "Resurrector"
            },
            {
               "last_update_utc": "02/07/2023 11:44:59",
               "percentage_complete": 100,
               "achievements_title": "Cash Collector"
            },
            {
               "last_update_utc": "02/07/2023 11:39:49",
               "percentage_complete": 100,
               "achievements_title": "Eat Asphalt!"
            }
         ],
         "last_played_utc": "02/07/2023 11:43:57"
      },
      {
         "game_name": "Racing Limits",
         "leaderboard": [
            {
               "leaderboard_score": [{
                  "submitted_time_utc": "02/11/2023 18:49:32",
                  "score": "3,805",
                  "rank": 490308,
                  "time_scope": "ALLTIME"
               }],
               "leaderboard_title": "DRIVER SCORS"
            },
            {
               "leaderboard_score": [],
               "leaderboard_title": "MULTIPLAYER RACE WINS"
            },
            {
               "leaderboard_score": [],
               "leaderboard_title": "TWO WAY INFINITE MODE SCORES"
            },
            {
               "leaderboard_score": [{
                  "submitted_time_utc": "02/10/2023 14:39:47",
                  "score": "14,835",
                  "rank": 235893,
                  "time_scope": "ALLTIME"
               }],
               "leaderboard_title": "ONE WAY INFINITE MODE SCORES"
            },
            {
               "leaderboard_score": [],
               "leaderboard_title": "TWO WAY TIME MODE SCORES"
            },
            {
               "leaderboard_score": [],
               "leaderboard_title": "ONE WAY TIME MODE SCORES"
            },
            {
               "leaderboard_score": [{
                  "submitted_time_utc": "02/07/2023 11:50:08",
                  "score": "11",
                  "rank": 532919,
                  "time_scope": "ALLTIME"
               }],
               "leaderboard_title": "MAX COMBO OVERTAKES"
            },
            {
               "leaderboard_score": [{
                  "submitted_time_utc": "02/10/2023 14:39:47",
                  "score": "9,480",
                  "rank": 270795,
                  "time_scope": "ALLTIME"
               }],
               "leaderboard_title": "MAX DISTANCE"
            }
         ],
         "achievements": [
            {
               "last_update_utc": "02/07/2023 11:47:34",
               "percentage_complete": 100,
               "achievements_title": "PIECE OF CAKE"
            },
            {
               "last_update_utc": "02/10/2023 14:44:49",
               "percentage_complete": 100,
               "achievements_title": "WELL THAT WAS EASY"
            }
         ],
         "last_played_utc": "02/16/2023 09:05:07"
      },
      {
         "game_name": "Among Us!",
         "leaderboard": [],
         "achievements": [
            {
               "last_update_utc": "02/09/2023 15:09:30",
               "percentage_complete": 100,
               "achievements_title": "IMPOSSIBLE TASK"
            },
            {
               "last_update_utc": "02/10/2023 07:43:01",
               "percentage_complete": 100,
               "achievements_title": "KILLER"
            },
            {
               "last_update_utc": "02/10/2023 07:35:33",
               "percentage_complete": 100,
               "achievements_title": "SURVIVOR"
            },
            {
               "last_update_utc": "02/09/2023 15:01:15",
               "percentage_complete": 100,
               "achievements_title": "A TASTE FOR IT"
            },
            {
               "last_update_utc": "02/10/2023 14:12:12",
               "percentage_complete": 100,
               "achievements_title": "A SHIP ADRIFT"
            },
            {
               "last_update_utc": "02/10/2023 07:52:29",
               "percentage_complete": 100,
               "achievements_title": "INTERN"
            },
            {
               "last_update_utc": "02/10/2023 07:43:00",
               "percentage_complete": 100,
               "achievements_title": "TRUST NO ONE"
            }
         ],
         "last_played_utc": "02/16/2023 08:40:39"
      },
      {
         "game_name": "Manor Matters",
         "leaderboard": [],
         "achievements": [],
         "last_played_utc": "12/18/2022 13:55:34"
      }
   ],
   "turn_based_games": [],
   "terms_data": {
      "terms_version": 0,
      "previous_terms_version": 0,
      "terms_accepted_time": 0
   },
   "auth_data": {
      "auth_modified_epoch": 1744473276251,
      "auth_status": 0,
      "auth_password_serial_number": 576552134,
      "auth_version": 34
   },
   "friends_api": {"allow_friends_api": "undetermined"}
}