"Advertisement Placement","Agency ID","AppAdam ID","Apple ID Number","Application Campaign ID","Applied From Web Browser","Campaign Channel","Campaign Country Code","Campaign Device ID","Campaign Group","Campaign ID","Campaign Token","Country Code","Event Date","Event Date Time","Event ID","Event Post Date Time","Event Receipt Time","Event Time","Event Type","Historical Vendor ID","Metadata ID","Platform ID","Search Term","Topic","URI","URI Description","User Agent","Vendor ID"
"","","","18019095426","","","","","","50800","","MusicSing_Music_FS___20221110","143517","2023-08-08","","MRFLVYDWGNZJEYNBA3DTN65N3Y000","2023-08-08T15:34:25.019Z","2023-08-08T15:34:25.019Z","2023-08-08T15:34:25.018Z","request","","","","","xp_its_campaign","/content/54a1317a0ad442d3965d64ef6bfaae1c/subscribe?itscg=50800&itsct=MusicSing_Music_FS___20221110","","Music/3.1 iOS/16.4.1 model/iPhone13,2 hwp/t8101 build/20E252 (6; dt:229) AMS/1",""
"","","","18019095426","","","","","","","","","143441","2023-11-29","","UQL6F6HKMCOHMB7ZLYJL3LULAY000","2023-11-29T10:02:29.959Z","2023-11-29T10:02:29.961Z","2023-11-29T10:02:00Z","request","","","","","xp_its_campaign","https://apps.apple.com/kz/app/google-docs-sync-edit-share/id842842640?ct=gkt-asw-dlg-unknown-&pt=9008&cc=kz&id=842842640&urlDesc=%2Fgoogle-docs-sync-edit-share","","com.apple.AppStore.ProductPageExtension/1.0 iOS/17.1.1 model/iPhone13,2 hwp/t8101 build/21B91 (6; dt:229) AMS/1",""
"NOT_AVAILABLE","NOT_AVAILABLE","NOT_AVAILABLE","18019095426","NOT_AVAILABLE","0","","NOT_AVAILABLE","","","sheets_mo","","143517","2025-01-27","2025-01-27 06:52:00","LFEZM7VCSDQZJWUXXNNW4AFGLY000","2025-01-27T06:52:00.984Z","2025-01-27T06:52:00.984Z","2025-01-27T06:52:00Z","request","NOT_AVAILABLE","NOT_AVAILABLE","Others","NOT_AVAILABLE","xp_its_campaign","https://itunes.apple.com/app/apple-store/id842849113?mt=8","","Apache-HttpClient/4.5.8 (Java/17.0.10)","NOT_AVAILABLE"
"NOT_AVAILABLE","NOT_AVAILABLE","NOT_AVAILABLE","18019095426","NOT_AVAILABLE","0","","NOT_AVAILABLE","","","qr.unknown","","143517","2025-01-09","2025-01-09 17:30:00","NQZZWKCJSLNFEKVTFN3HYLHQHY000","2025-01-09T17:30:31.424Z","2025-01-09T17:30:31.424Z","2025-01-09T17:30:00Z","request","NOT_AVAILABLE","NOT_AVAILABLE","Others","NOT_AVAILABLE","xp_its_campaign","https://apps.apple.com/app/instagram/id389801252?mt=8&vt=lo","","Apache-HttpClient/4.5.8 (Java/17.0.10)","NOT_AVAILABLE"
"","","","18019095426","","","","","","","","","143441","2023-10-31","","6CZ5FCCNVU3OCOMCZOY7QC5JSE000","2023-10-31T18:50:26.935Z","2023-10-31T18:50:27Z","2023-10-31T18:50:00Z","request","","","","","xp_its_campaign","itms-apps://apps.apple.com/app/undefined?ct=coverage.settings&pt=2003&urlDesc=%2Fundefined","","com.apple.appstorecomponentsd/3.0 iOS/16.4.1 model/iPhone13,2 hwp/t8101 build/20E252 (6; dt:229) AMS/1",""
"NOT_AVAILABLE","NOT_AVAILABLE","NOT_AVAILABLE","18019095426","NOT_AVAILABLE","0","","NOT_AVAILABLE","","","IGTifu","","143517","2024-10-29","2024-10-29 06:05:00","NS62YDCS34O463EFFSTTJM5KHQ000","2024-10-29T06:05:07.032Z","2024-10-29T06:05:07.032Z","2024-10-29T06:05:00Z","request","NOT_AVAILABLE","NOT_AVAILABLE","Others","NOT_AVAILABLE","xp_its_campaign","itms-apps://apps.apple.com/app/undefined","","Apache-HttpClient/4.5.8 (Java/17.0.10)","NOT_AVAILABLE"
"","","","18019095426","","","","","","","","","143517","2024-01-04","","QC6QUGFH5MIYL3IIMMZC6OPJ7Y000","2024-01-04T12:44:39.787Z","2024-01-04T12:44:39.788Z","2024-01-04T12:44:00Z","request","","","","","xp_its_campaign","https://apps.apple.com/kz/app/google-chrome/id535886823?pt=9008&id=535886823","","com.apple.AppStore.ProductPageExtension/1.0 iOS/17.1.1 model/iPhone13,2 hwp/t8101 build/21B91 (6; dt:229) AMS/1",""
"","","","18019095426","","","","","","","","","143441","2023-10-31","","QDCAFWBTDCWKZD2NPRRUG763B4000","2023-10-31T18:50:26.937Z","2023-10-31T18:50:26.937Z","2023-10-31T18:50:00Z","request","","","","","xp_its_campaign","itms-apps://apps.apple.com/app/undefined?ct=coverage.settings&pt=2003&urlDesc=%2Fundefined","","com.apple.appstorecomponentsd/3.0 iOS/16.4.1 model/iPhone13,2 hwp/t8101 build/20E252 (6; dt:229) AMS/1",""
"NOT_AVAILABLE","NOT_AVAILABLE","NOT_AVAILABLE","18019095426","NOT_AVAILABLE","0","","NOT_AVAILABLE","","","IGTifu","","143517","2024-10-29","2024-10-29 06:05:00","WVJ74ZV34YMIY2WXG6PRH5NN6Q000","2024-10-29T06:05:09.194Z","2024-10-29T06:05:09.195Z","2024-10-29T06:05:00Z","request","NOT_AVAILABLE","NOT_AVAILABLE","Others","NOT_AVAILABLE","xp_its_campaign","itms-apps://apps.apple.com/app/undefined","","Apache-HttpClient/4.5.8 (Java/17.0.10)","NOT_AVAILABLE"
"","","","18019095426","","","","","","","","","143441","2023-11-02","","UUQNHVW3J47D5N2D72DRR7PA2I000","2023-11-02T15:36:35.031Z","2023-11-02T15:36:35.032Z","2023-11-02T15:36:00Z","request","","","","","xp_its_campaign","https://apps.apple.com/kz/app/google-docs-sync-edit-share/id842842640?ct=gkt-asw-dlg-unknown-&pt=9008&cc=kz&id=842842640&urlDesc=%2Fgoogle-docs-sync-edit-share","","com.apple.AppStore.ProductPageExtension/1.0 iOS/16.4.1 model/iPhone13,2 hwp/t8101 build/20E252 (6; dt:229) AMS/1",""
