"Achievements Title","Allow Contact Lookup","App Name","Apple ID Number","Application ID","Challenge ID","Challenge Type","Current Opt-In Status","Device Identifier","Environment","Event Date","Event Post Date","Event Type","Friend Candidate List Count","Friends","Friends Count","Friends Count Opted-In","Friends Score","Game Ratings","Hardware Family","IP City","IP Country","Is Child Account","Language","Leaderboard Name","Leaderboard Score","Matchmaking Session ID","Media Type","Media Version","Network Connection","Operating System","Participant Relationship","Participants","Percentage Complete","Player Count Max","Player Count Min","Player Relationship","Player Relationship Type","Previous Opt-In Status","Privacy Setting","Session ID","Store Front","Token","Turn-Based Action","Turn-Based ID","Turn-Based Number","Turn-Based State"
"","1","Chess","18019095426","","","","","","","2025-01-14T12:25:28.647Z","","Game init","","","","","","","mac","ALMATY","KZ","false","","","","","Mac14,2","macbookairm22022","","14.2","Unknown","","","","","","","","everyone","0119464c5fcdb:1673E4AF07B1DC88394CAEF9D93B34AB","","","","","",""
"","1","Chess","18019095426","","","","","","","2025-01-14T12:24:43.335Z","","Game init","","","","","","","mac","ALMATY","KZ","false","","","","","Mac14,2","macbookairm22022","","14.2","Unknown","","","","","","","","everyone","0119464c5c755:A0DC3BF67ACC51A010DD152D280223E1","","","","","",""
"","1","Chess","18019095426","","","","","","","2024-07-18T11:31:34.860Z","","Game init","","","","","","","mac","ALMATY","KZ","false","","","","","Mac14,2","macbookairm22022","","14.2","Unknown","","","","","","","","everyone","01190c59c65c4:5380071BE089E6EB082AD4B8FC3E076D","","","","","",""
"","0","Chess","18019095426","","","","","","","2024-07-18T11:31:13.840Z","","Game init","","","","","","","mac","ALMATY","KZ","false","","","","","Mac14,2","macbookairm22022","","14.2","Unknown","","","","","","","","everyone","01190c59c22d5:0C5AB01D41B1D4C456ACC65AF57423FF","","","","","",""
"","0","Chess","18019095426","","","","","","","2024-07-18T11:30:59.598Z","","Game init","","","","","","","mac","ALMATY","KZ","false","","","","","Mac14,2","macbookairm22022","","14.2","Unknown","","","","","","","","everyone","01190c59bf4f7:7BC952B22B9BF0ED983AE4E1F4DD2A78","","","","","",""
"","","Seekers Notes: Hidden Objects","18019095426","com.mytona.seekersnotes.mysteriesofdarkwood","","","","","","2023-03-11T13:00:22.847Z","","Authentication generated for third party server","","","","","","","","","","","","","","","","","","","Unknown","","","","","","","","","","","legacy","","","",""
"","","Seekers Notes: Hidden Objects","18019095426","","","","","ATQK717n7SrlsxE3vJI3GsspgK86mRrlPeuUJwcVZty+","","2023-03-11T13:00:19.121Z","","Game init","","","","","","","iphone","ALMATY","KZ","false","","","","","iPhone13,2","iphone12","","16.0","Unknown","","","","","","","","everyone","01186d0c1fb2c:BEC12F24A5239D5ABA71F4CFD75517D1","","","","","",""
"","","Seekers Notes: Hidden Objects","18019095426","com.mytona.seekersnotes.mysteriesofdarkwood","","","","","","2023-03-11T10:58:25.622Z","","Authentication generated for third party server","","","","","","","","","","","","","","","","","","","Unknown","","","","","","","","","","","legacy","","","",""
"","","Seekers Notes: Hidden Objects","18019095426","","","","","ATQK717n7SrlsxE3vJI3GsspgK86mRrlPeuUJwcVZty+","","2023-03-11T10:58:22.001Z","","Game init","","","","","","","iphone","ALMATY","KZ","false","","","","","iPhone13,2","iphone12","","16.0","Unknown","","","","","","","","everyone","01186d05254ac:040AD132A00783AFC83448785799A200","","","","","",""
"","","Seekers Notes: Hidden Objects","18019095426","com.mytona.seekersnotes.mysteriesofdarkwood","","","","","","2023-03-11T08:35:15.997Z","","Authentication generated for third party server","","","","","","","","","","","","","","","","","","","Unknown","","","","","","","","","","","legacy","","","",""
"","","Seekers Notes: Hidden Objects","18019095426","","","","","ATQK717n7SrlsxE3vJI3GsspgK86mRrlPeuUJwcVZty+","","2023-03-11T08:35:14.062Z","","Game init","","","","","","","iphone","ALMATY","KZ","false","","","","","iPhone13,2","iphone12","","16.0","Unknown","","","","","","","","everyone","01186cfcf4a08:0C867466C1FAAEB1830560A06A493316","","","","","",""
"","","Seekers Notes: Hidden Objects","18019095426","com.mytona.seekersnotes.mysteriesofdarkwood","","","","","","2023-03-11T08:21:13.643Z","","Authentication generated for third party server","","","","","","","","","","","","","","","","","","","Unknown","","","","","","","","","","","legacy","","","",""
"","","Seekers Notes: Hidden Objects","18019095426","","","","","ATQK717n7SrlsxE3vJI3GsspgK86mRrlPeuUJwcVZty+","","2023-03-11T08:21:09.825Z","","Game init","","","","","","","iphone","ALMATY","KZ","false","","","","","iPhone13,2","iphone12","","16.0","Unknown","","","","","","","","everyone","01186cfc2683d:F604D4B314F84B72801C3CC72117D078","","","","","",""
"","","Seekers Notes: Hidden Objects","18019095426","com.mytona.seekersnotes.mysteriesofdarkwood","","","","","","2023-03-10T10:27:15.283Z","","Authentication generated for third party server","","","","","","","","","","","","","","","","","","","Unknown","","","","","","","","","","","legacy","","","",""
"","","Seekers Notes: Hidden Objects","18019095426","","","","","ATQK717n7SrlsxE3vJI3GsspgK86mRrlPeuUJwcVZty+","","2023-03-10T10:27:13.968Z","","Game init","","","","","","","iphone","ALMATY","KZ","false","","","","","iPhone13,2","iphone12","","16.0","Unknown","","","","","","","","everyone","01186cb0f77ac:1F553F9F2F92C4F099C20A4F8D6D5E9A","","","","","",""
"","","Seekers Notes: Hidden Objects","18019095426","com.mytona.seekersnotes.mysteriesofdarkwood","","","","","","2023-03-10T10:22:13.026Z","","Authentication generated for third party server","","","","","","","","","","","","","","","","","","","Unknown","","","","","","","","","","","legacy","","","",""
"","","Seekers Notes: Hidden Objects","18019095426","","","","","ATQK717n7SrlsxE3vJI3GsspgK86mRrlPeuUJwcVZty+","","2023-03-10T10:22:09.717Z","","Game init","","","","","","","iphone","ALMATY","KZ","false","","","","","iPhone13,2","iphone12","","16.0","Unknown","","","","","","","","everyone","01186cb0ad331:615A579647ACE637F0D205DD09E561DD","","","","","",""
"","","Seekers Notes: Hidden Objects","18019095426","com.mytona.seekersnotes.mysteriesofdarkwood","","","","","","2023-03-10T07:45:14.448Z","","Authentication generated for third party server","","","","","","","","","","","","","","","","","","","Unknown","","","","","","","","","","","legacy","","","",""
"","","Seekers Notes: Hidden Objects","18019095426","","","","","ATQK717n7SrlsxE3vJI3GsspgK86mRrlPeuUJwcVZty+","","2023-03-10T07:45:12.785Z","","Game init","","","","","","","iphone","ALMATY","KZ","false","","","","","iPhone13,2","iphone12","","16.0","Unknown","","","","","","","","everyone","01186ca7b224d:A6174F069DA0F9C216CA70D3E0755865","","","","","",""
"","","Seekers Notes: Hidden Objects","18019095426","com.mytona.seekersnotes.mysteriesofdarkwood","","","","","","2023-03-10T07:41:04.471Z","","Authentication generated for third party server","","","","","","","","","","","","","","","","","","","Unknown","","","","","","","","","","","legacy","","","",""
"","","Seekers Notes: Hidden Objects","18019095426","","","","","ATQK717n7SrlsxE3vJI3GsspgK86mRrlPeuUJwcVZty+","","2023-03-10T07:41:01.224Z","","Game init","","","","","","","iphone","ALMATY","KZ","false","","","","","iPhone13,2","iphone12","","16.0","Unknown","","","","","","","","everyone","01186ca774ba3:8E85A5F0E0BC330A1D7C471A1ED8E440","","","","","",""
"","","Seekers Notes: Hidden Objects","18019095426","com.mytona.seekersnotes.mysteriesofdarkwood","","","","","","2023-03-10T06:04:24.091Z","","Authentication generated for third party server","","","","","","","","","","","","","","","","","","","Unknown","","","","","","","","","","","legacy","","","",""
"","","Seekers Notes: Hidden Objects","18019095426","","","","","ATQK717n7SrlsxE3vJI3GsspgK86mRrlPeuUJwcVZty+","","2023-03-10T06:04:21.296Z","","Game init","","","","","","","iphone","ALMATY","KZ","false","","","","","iPhone13,2","iphone12","","16.0","Unknown","","","","","","","","everyone","01186ca1ecbab:993B4F0325BB946FE162F6D13A083B92","","","","","",""
"","","Seekers Notes: Hidden Objects","18019095426","","","","","ATQK717n7SrlsxE3vJI3GsspgK86mRrlPeuUJwcVZty+","","2023-03-10T06:04:06.475Z","","Game init","","","","","","","iphone","ALMATY","KZ","false","","","","","iPhone13,2","iphone12","","16.0","Unknown","","","","","","","","everyone","01186ca1e91c7:F842232C67EEC1ED2C632762A547E7BD","","","","","",""
"","","Seekers Notes: Hidden Objects","18019095426","com.mytona.seekersnotes.mysteriesofdarkwood","","","","","","2023-03-10T05:11:43.361Z","","Authentication generated for third party server","","","","","","","","","","","","","","","","","","","Unknown","","","","","","","","","","","legacy","","","",""
"","","Seekers Notes: Hidden Objects","18019095426","","","","","ATQK717n7SrlsxE3vJI3GsspgK86mRrlPeuUJwcVZty+","","2023-03-10T05:11:41.721Z","","Game init","","","","","","","iphone","ALMATY","KZ","false","","","","","iPhone13,2","iphone12","","16.0","Unknown","","","","","","","","everyone","01186c9ee9594:E7E84FF4C2E392DDA3E753A699B8A33B","","","","","",""
"","","Seekers Notes: Hidden Objects","18019095426","com.mytona.seekersnotes.mysteriesofdarkwood","","","","","","2023-03-10T05:04:28.911Z","","Authentication generated for third party server","","","","","","","","","","","","","","","","","","","Unknown","","","","","","","","","","","legacy","","","",""
"","","Seekers Notes: Hidden Objects","18019095426","","","","","ATQK717n7SrlsxE3vJI3GsspgK86mRrlPeuUJwcVZty+","","2023-03-10T05:04:24.338Z","","Game init","","","","","","","iphone","ALMATY","KZ","false","","","","","iPhone13,2","iphone12","","16.0","Unknown","","","","","","","","everyone","01186c9e7e90b:F3E6E31D01B28BF0B01D16BBF9B35F5B","","","","","",""
"","","Seekers Notes: Hidden Objects","18019095426","com.mytona.seekersnotes.mysteriesofdarkwood","","","","","","2023-03-10T04:29:46.047Z","","Authentication generated for third party server","","","","","","","","","","","","","","","","","","","Unknown","","","","","","","","","","","legacy","","","",""
"","","Seekers Notes: Hidden Objects","18019095426","","","","","ATQK717n7SrlsxE3vJI3GsspgK86mRrlPeuUJwcVZty+","","2023-03-10T04:29:43.756Z","","Game init","","","","","","","iphone","ALMATY","KZ","false","","","","","iPhone13,2","iphone12","","16.0","Unknown","","","","","","","","everyone","01186c9c829c8:85FCFA96E6BDDEB8C282CE18DCAEC850","","","","","",""
"","","Seekers Notes: Hidden Objects","18019095426","com.mytona.seekersnotes.mysteriesofdarkwood","","","","","","2023-03-10T03:40:51.120Z","","Authentication generated for third party server","","","","","","","","","","","","","","","","","","","Unknown","","","","","","","","","","","legacy","","","",""
"","","Seekers Notes: Hidden Objects","18019095426","","","","","ATQK717n7SrlsxE3vJI3GsspgK86mRrlPeuUJwcVZty+","","2023-03-10T03:40:47.277Z","","Game init","","","","","","","iphone","ALMATY","KZ","false","","","","","iPhone13,2","iphone12","","16.0","Unknown","","","","","","","","everyone","01186c99b5b26:90BFB6411198B8DC542E7E9391863DC3","","","","","",""
"","","Racing Limits","18019095426","com.sbkgames.racinglimits","","","","","","2023-02-16T09:05:22.882Z","","Authentication generated for third party server","","","","","","","","","","","","","","","","","","","Unknown","","","","","","","","","","","scoped","","","",""
"","","Racing Limits","18019095426","","","","","ATQK717n7SrlsxE3vJI3GsspgK86mRrlPeuUJwcVZty+","","2023-02-16T09:05:11.663Z","","Game init","","","","","","","iphone","ALMATY","KZ","false","","","","","iPhone13,2","iphone12","","16.0","Unknown","","","","","","","","everyone","01186597873e9:893600331EDBDB5052D12FE14CC021D1","","","","","",""
"","","Among Us!","18019095426","","","","","ATQK717n7SrlsxE3vJI3GsspgK86mRrlPeuUJwcVZty+","","2023-02-16T08:40:40.053Z","","Game init","","","","","","","iphone","ALMATY","KZ","false","","","","","iPhone13,2","iphone12","","16.0","Unknown","","","","","","","","everyone","011865961ff6e:C839126EBB547169F25DB22E9EAED181","","","","","",""
"","","Racing Limits","18019095426","com.sbkgames.racinglimits","","","","","","2023-02-16T08:38:32.924Z","","Authentication generated for third party server","","","","","","","","","","","","","","","","","","","Unknown","","","","","","","","","","","scoped","","","",""
"","","Racing Limits","18019095426","","","","","ATQK717n7SrlsxE3vJI3GsspgK86mRrlPeuUJwcVZty+","","2023-02-16T08:38:27.625Z","","Game init","","","","","","","iphone","ALMATY","KZ","false","","","","","iPhone13,2","iphone12","","16.0","Unknown","","","","","","","","everyone","01186595ffa24:F2E04EC878F4D0B9580CCD0525014EB3","","","","","",""
"","","Racing Limits","18019095426","com.sbkgames.racinglimits","","","","","","2023-02-14T07:01:18.592Z","","Authentication generated for third party server","","","","","","","","","","","","","","","","","","","Unknown","","","","","","","","","","","scoped","","","",""
"","","Racing Limits","18019095426","","","","","ATQK717n7SrlsxE3vJI3GsspgK86mRrlPeuUJwcVZty+","","2023-02-14T07:01:13.700Z","","Game init","","","","","","","iphone","ALMATY","KZ","false","","","","","iPhone13,2","iphone12","","16.0","Unknown","","","","","","","","everyone","011864eba3d5a:01B536920B9BEE74209B58BD682D918B","","","","","",""
"","","Among Us!","18019095426","","","","","ATQK717n7SrlsxE3vJI3GsspgK86mRrlPeuUJwcVZty+","","2023-02-14T06:59:13.120Z","","Game init","","","","","","","iphone","ALMATY","KZ","false","","","","","iPhone13,2","iphone12","","16.0","Unknown","","","","","","","","everyone","011864eb8665a:487AD380E448191EFF14EC21C395F1F7","","","","","",""
"","","Racing Limits","18019095426","com.sbkgames.racinglimits","","","","","","2023-02-13T07:05:04.855Z","","Authentication generated for third party server","","","","","","","","","","","","","","","","","","","Unknown","","","","","","","","","","","scoped","","","",""
"","","Racing Limits","18019095426","","","","","ATQK717n7SrlsxE3vJI3GsspgK86mRrlPeuUJwcVZty+","","2023-02-13T07:05:00.928Z","","Game init","","","","","","","iphone","ALMATY","KZ","false","","","","","iPhone13,2","iphone12","","16.0","Unknown","","","","","","","","everyone","01186499758f5:CF00B4D2E7F2BD68B4683AC3A1E4917E","","","","","",""
"","","Among Us!","18019095426","","","","","ATQK717n7SrlsxE3vJI3GsspgK86mRrlPeuUJwcVZty+","","2023-02-13T04:45:42.248Z","","Game init","","","","","","","iphone","ALMATY","KZ","false","","","","","iPhone13,2","iphone12","","16.0","Unknown","","","","","","","","everyone","011864917cddd:37BF59559228ABCC5AED4AF8CC2B6ABB","","","","","",""
"","","Among Us!","18019095426","","","","","ATQK717n7SrlsxE3vJI3GsspgK86mRrlPeuUJwcVZty+","","2023-02-13T04:45:40.021Z","","Game init","","","","","","","iphone","ALMATY","KZ","false","","","","","iPhone13,2","iphone12","","16.0","Unknown","","","","","","","","everyone","011864917c52d:1258BF47D72854F02B22488FB893356C","","","","","",""
"","","Among Us!","18019095426","","","","","ATQK717n7SrlsxE3vJI3GsspgK86mRrlPeuUJwcVZty+","","2023-02-13T04:40:09.039Z","","Game init","","","","","","","iphone","ALMATY","KZ","false","","","","","iPhone13,2","iphone12","","16.0","Unknown","","","","","","","","everyone","011864912b846:9DDFD7D3439DCE7564221A34E6D3414D","","","","","",""
"","","Among Us!","18019095426","","","","","ATQK717n7SrlsxE3vJI3GsspgK86mRrlPeuUJwcVZty+","","2023-02-13T02:12:46.693Z","","Game init","","","","","","","iphone","ALMATY","KZ","false","","","","","iPhone13,2","iphone12","","16.0","Unknown","","","","","","","","everyone","01186488bcbd7:92BE710B64DC4781CACB4418CB92E928","","","","","",""
"","","Racing Limits","18019095426","com.sbkgames.racinglimits","","","","","","2023-02-11T18:52:11.069Z","","Authentication generated for third party server","","","","","","","","","","","","","","","","","","","Unknown","","","","","","","","","","","scoped","","","",""
"","","Racing Limits","18019095426","","","","","ATQK717n7SrlsxE3vJI3GsspgK86mRrlPeuUJwcVZty+","","2023-02-11T18:52:06.276Z","","Game init","","","","","","","iphone","ALMATY","KZ","false","","","","","iPhone13,2","iphone12","","16.0","Unknown","","","","","","","","everyone","0118641d1fcfd:D33125BC0408DF4FFD0D59C5E668C479","","","","","",""
"","","Racing Limits","18019095426","com.sbkgames.racinglimits","","","","","","2023-02-11T18:49:33.850Z","","Authentication generated for third party server","","","","","","","","","","","","","","","","","","","Unknown","","","","","","","","","","","scoped","","","",""
"","","Racing Limits","18019095426","","","","","ATQK717n7SrlsxE3vJI3GsspgK86mRrlPeuUJwcVZty+","","2023-02-11T18:49:32.006Z","","Game init","","","","","","","iphone","ALMATY","KZ","false","","","","","iPhone13,2","iphone12","","16.0","Unknown","","","","","","","","everyone","0118641cfa25a:87FC6A8A3464C4E1D0EF32A1F1A7BAAD","","","","","",""
"","","Racing Limits","18019095426","com.sbkgames.racinglimits","","","","","","2023-02-11T18:47:04.998Z","","Authentication generated for third party server","","","","","","","","","","","","","","","","","","","Unknown","","","","","","","","","","","scoped","","","",""
"","","Racing Limits","18019095426","","","","","ATQK717n7SrlsxE3vJI3GsspgK86mRrlPeuUJwcVZty+","","2023-02-11T18:46:56.112Z","","Game init","","","","","","","iphone","ALMATY","KZ","false","","","","","iPhone13,2","iphone12","","16.0","Unknown","","","","","","","","everyone","0118641cd4168:16C9F88AD3A0CF90C7DD84A16DCCA332","","","","","",""
"","","Among Us!","18019095426","","","","","ATQK717n7SrlsxE3vJI3GsspgK86mRrlPeuUJwcVZty+","","2023-02-11T14:36:43.245Z","","Game init","","","","","","","iphone","ALMATY","KZ","false","","","","","iPhone13,2","iphone12","","16.0","Unknown","","","","","","","","everyone","0118640e82d5c:2E5398561F2E918E61F3E56D8EB7DD49","","","","","",""
"","","Racing Limits","18019095426","com.sbkgames.racinglimits","","","","","","2023-02-11T08:21:11.440Z","","Authentication generated for third party server","","","","","","","","","","","","","","","","","","","Unknown","","","","","","","","","","","scoped","","","",""
"","","Racing Limits","18019095426","","","","","ATQK717n7SrlsxE3vJI3GsspgK86mRrlPeuUJwcVZty+","","2023-02-11T08:20:55.846Z","","Game init","","","","","","","iphone","ALMATY","KZ","false","","","","","iPhone13,2","iphone12","","16.0","Unknown","","","","","","","","everyone","011863f9021a2:0CEFDA3DEF3ECC04929737EF22EA522C","","","","","",""
"","","Racing Limits","18019095426","com.sbkgames.racinglimits","","","","","","2023-02-11T08:17:50.702Z","","Authentication generated for third party server","","","","","","","","","","","","","","","","","","","Unknown","","","","","","","","","","","scoped","","","",""
"","","Racing Limits","18019095426","","","","","ATQK717n7SrlsxE3vJI3GsspgK86mRrlPeuUJwcVZty+","","2023-02-11T08:17:44.938Z","","Game init","","","","","","","iphone","ALMATY","KZ","false","","","","","iPhone13,2","iphone12","","16.0","Unknown","","","","","","","","everyone","011863f8d37e0:86E4A8A4C7DAFC734CC161D6611E6843","","","","","",""
"","","Among Us!","18019095426","","","","","ATQK717n7SrlsxE3vJI3GsspgK86mRrlPeuUJwcVZty+","","2023-02-10T19:27:42.437Z","","Game init","","","","","","","iphone","ALMATY","KZ","false","","","","","iPhone13,2","iphone12","","16.0","Unknown","","","","","","","","everyone","011863ccc395c:5AB4930A3988C6EF176902F0560848AE","","","","","",""
"","","Racing Limits","18019095426","com.sbkgames.racinglimits","","","","","","2023-02-10T14:43:14.003Z","","Authentication generated for third party server","","","","","","","","","","","","","","","","","","","Unknown","","","","","","","","","","","scoped","","","",""
"","","Racing Limits","18019095426","","","","","ATQK717n7SrlsxE3vJI3GsspgK86mRrlPeuUJwcVZty+","","2023-02-10T14:43:07.475Z","","Game init","","","","","","","iphone","ALMATY","KZ","false","","","","","iPhone13,2","iphone12","","16.0","Unknown","","","","","","","","everyone","011863bc7ae31:5A3EFDF73EC2A55191FA7E38575ECE13","","","","","",""
"","","Racing Limits","18019095426","com.sbkgames.racinglimits","","","","","","2023-02-10T14:40:37.851Z","","Authentication generated for third party server","","","","","","","","","","","","","","","","","","","Unknown","","","","","","","","","","","scoped","","","",""
"","","Racing Limits","18019095426","","","","","ATQK717n7SrlsxE3vJI3GsspgK86mRrlPeuUJwcVZty+","","2023-02-10T14:40:30.971Z","","Game init","","","","","","","iphone","ALMATY","KZ","false","","","","","iPhone13,2","iphone12","","16.0","Unknown","","","","","","","","everyone","011863bc54aed:A4F0032715F18CCE16036422BF0660F4","","","","","",""
"","","Racing Limits","18019095426","com.sbkgames.racinglimits","","","","","","2023-02-10T14:37:00.913Z","","Authentication generated for third party server","","","","","","","","","","","","","","","","","","","Unknown","","","","","","","","","","","scoped","","","",""
"","","Racing Limits","18019095426","","","","","ATQK717n7SrlsxE3vJI3GsspgK86mRrlPeuUJwcVZty+","","2023-02-10T14:36:49.040Z","","Game init","","","","","","","iphone","ALMATY","KZ","false","","","","","iPhone13,2","iphone12","","16.0","Unknown","","","","","","","","everyone","011863bc1e7fc:5D068293B4B3F7DE35FB23C3A5DCBFE9","","","","","",""
"","","Racing Limits","18019095426","","","","","ATQK717n7SrlsxE3vJI3GsspgK86mRrlPeuUJwcVZty+","","2023-02-10T14:32:45.506Z","","Game init","","","","","","","iphone","ALMATY","KZ","false","","","","","iPhone13,2","iphone12","","16.0","Unknown","","","","","","","","everyone","011863bbe30a9:3F5CDAF47B3D1F05DCC64066ACC28604","","","","","",""
"","","Racing Limits","18019095426","com.sbkgames.racinglimits","","","","","","2023-02-10T14:32:21.515Z","","Authentication generated for third party server","","","","","","","","","","","","","","","","","","","Unknown","","","","","","","","","","","scoped","","","",""
"","","Racing Limits","18019095426","","","","","ATQK717n7SrlsxE3vJI3GsspgK86mRrlPeuUJwcVZty+","","2023-02-10T14:32:09.587Z","","Game init","","","","","","","iphone","ALMATY","KZ","false","","","","","iPhone13,2","iphone12","","16.0","Unknown","","","","","","","","everyone","011863bbda46d:951F6E526139CB16F1E3DF02B6E2E08E","","","","","",""
"","","Among Us!","18019095426","","","","","ATQK717n7SrlsxE3vJI3GsspgK86mRrlPeuUJwcVZty+","","2023-02-10T14:01:59.329Z","","Game init","","","","","","","iphone","ALMATY","KZ","false","","","","","iPhone13,2","iphone12","","16.0","Unknown","","","","","","","","everyone","011863ba20518:6E7525C3E24917BFB26F370929DD8776","","","","","",""
"","","Among Us!","18019095426","","","","","ATQK717n7SrlsxE3vJI3GsspgK86mRrlPeuUJwcVZty+","","2023-02-10T13:54:41.238Z","","Game init","","","","","","","iphone","ALMATY","KZ","false","","","","","iPhone13,2","iphone12","","16.0","Unknown","","","","","","","","everyone","011863b9b55d0:83BE720B8A1F9AB02B113998A8A1B340","","","","","",""
"","","Among Us!","18019095426","","","","","ATQK717n7SrlsxE3vJI3GsspgK86mRrlPeuUJwcVZty+","","2023-02-10T13:54:19.125Z","","Game init","","","","","","","iphone","ALMATY","KZ","false","","","","","iPhone13,2","iphone12","","16.0","Unknown","","","","","","","","everyone","011863b9aff6e:1C5496EDE6719745743491171406F8B4","","","","","",""
"","","Among Us!","18019095426","","","","","ATQK717n7SrlsxE3vJI3GsspgK86mRrlPeuUJwcVZty+","","2023-02-10T13:48:23.662Z","","Game init","","","","","","","iphone","ALMATY","KZ","false","","","","","iPhone13,2","iphone12","","16.0","Unknown","","","","","","","","everyone","011863b9592e8:9278DBED4D713DBD96855769250D200D","","","","","",""
"","","Among Us!","18019095426","","","","","ATQK717n7SrlsxE3vJI3GsspgK86mRrlPeuUJwcVZty+","","2023-02-10T07:28:20.235Z","","Game init","","","","","","","iphone","ALMATY","KZ","false","","","","","iPhone13,2","iphone12","","16.0","Unknown","","","","","","","","everyone","011863a399ed6:5B15D3C8843238EF901D3F29FE637AE2","","","","","",""
"","","Among Us!","18019095426","","","","","ATQK717n7SrlsxE3vJI3GsspgK86mRrlPeuUJwcVZty+","","2023-02-09T15:05:52.409Z","","Game init","","","","","","","iphone","ALMATY","KZ","false","","","","","iPhone13,2","iphone12","","16.0","Unknown","","","","","","","","everyone","0118636b62614:7851E4631B97E633E81534764EE41F92","","","","","",""
"","","Among Us!","18019095426","","","","","ATQK717n7SrlsxE3vJI3GsspgK86mRrlPeuUJwcVZty+","","2023-02-09T14:48:35.415Z","","Game init","","","","","","","iphone","ALMATY","KZ","false","","","","","iPhone13,2","iphone12","","16.0","Unknown","","","","","","","","everyone","0118636a6534d:F78D421E3723C4567DD0132E19B5A8AA","","","","","",""
"","","Racing Limits","18019095426","com.sbkgames.racinglimits","","","","","","2023-02-09T14:43:44.534Z","","Authentication generated for third party server","","","","","","","","","","","","","","","","","","","Unknown","","","","","","","","","","","scoped","","","",""
"","","Racing Limits","18019095426","","","","","ATQK717n7SrlsxE3vJI3GsspgK86mRrlPeuUJwcVZty+","","2023-02-09T14:43:35.168Z","","Game init","","","","","","","iphone","ALMATY","KZ","false","","","","","iPhone13,2","iphone12","","16.0","Unknown","","","","","","","","everyone","0118636a1be49:4E2C5D33B0D9EF1F0E478C55C295872F","","","","","",""
"","","Racing Limits","18019095426","com.sbkgames.racinglimits","","","","","","2023-02-07T13:48:43.424Z","","Authentication generated for third party server","","","","","","","","","","","","","","","","","","","Unknown","","","","","","","","","","","scoped","","","",""
"","","Racing Limits","18019095426","","","","","ATQK717n7SrlsxE3vJI3GsspgK86mRrlPeuUJwcVZty+","","2023-02-07T13:48:37.139Z","","Game init","","","","","","","iphone","ALMATY","KZ","false","","","","","iPhone13,2","iphone12","","16.0","Unknown","","","","","","","","everyone","011862c22b38d:4732762279607F0C73B06681126C0708","","","","","",""
"","","Racing Limits","18019095426","com.sbkgames.racinglimits","","","","","","2023-02-07T13:39:23.278Z","","Authentication generated for third party server","","","","","","","","","","","","","","","","","","","Unknown","","","","","","","","","","","scoped","","","",""
"","","Racing Limits","18019095426","","","","","ATQK717n7SrlsxE3vJI3GsspgK86mRrlPeuUJwcVZty+","","2023-02-07T13:39:21.162Z","","Game init","","","","","","","iphone","ALMATY","KZ","false","","","","","iPhone13,2","iphone12","","16.0","Unknown","","","","","","","","everyone","011862c1a3793:26A3419668F82E5027D5D0D2AA8F09E7","","","","","",""
"","","Racing Limits","18019095426","","","","","ATQK717n7SrlsxE3vJI3GsspgK86mRrlPeuUJwcVZty+","","2023-02-07T13:39:05.804Z","","Game init","","","","","","","iphone","ALMATY","KZ","false","","","","","iPhone13,2","iphone12","","16.0","Unknown","","","","","","","","everyone","011862c19fbbd:F5F9671358DAB92AA1015133A7F9AA5B","","","","","",""
"","","Racing Limits","18019095426","com.sbkgames.racinglimits","","","","","","2023-02-07T13:33:34.820Z","","Authentication generated for third party server","","","","","","","","","","","","","","","","","","","Unknown","","","","","","","","","","","scoped","","","",""
"","","Racing Limits","18019095426","","","","","ATQK717n7SrlsxE3vJI3GsspgK86mRrlPeuUJwcVZty+","","2023-02-07T13:33:24.908Z","","Game init","","","","","","","iphone","ALMATY","KZ","false","","","","","iPhone13,2","iphone12","","16.0","Unknown","","","","","","","","everyone","011862c14c820:54C1F35906A7CBB99A02A57F448FE164","","","","","",""
"","","Racing Limits","18019095426","com.sbkgames.racinglimits","","","","","","2023-02-07T13:33:09.854Z","","Authentication generated for third party server","","","","","","","","","","","","","","","","","","","Unknown","","","","","","","","","","","scoped","","","",""
"","","Racing Limits","18019095426","","","","","ATQK717n7SrlsxE3vJI3GsspgK86mRrlPeuUJwcVZty+","","2023-02-07T13:32:49.703Z","","Game init","","","","","","","iphone","ALMATY","KZ","false","","","","","iPhone13,2","iphone12","","16.0","Unknown","","","","","","","","everyone","011862c143ea2:B3FAF3C6D7CDDC1345A4B287DA6E1F27","","","","","",""
"","","Racing Limits","18019095426","com.sbkgames.racinglimits","","","","","","2023-02-07T11:48:11.043Z","","Authentication generated for third party server","","","","","","","","","","","","","","","","","","","Unknown","","","","","","","","","","","scoped","","","",""
"","","Racing Limits","18019095426","","","","","ATQK717n7SrlsxE3vJI3GsspgK86mRrlPeuUJwcVZty+","","2023-02-07T11:47:35.971Z","","Game init","","","","","","","iphone","ALMATY","KZ","false","","","","","iPhone13,2","iphone12","","16.0","Unknown","","","","","","","","everyone","011862bb3e78c:5D261E8EE8997DCEF9DA26976D95B94C","","","","","",""
"","","Traffic Rider","18019095426","","","","","ATQK717n7SrlsxE3vJI3GsspgK86mRrlPeuUJwcVZty+","","2023-02-07T11:43:58.121Z","","Game init","","","","","","","iphone","ALMATY","KZ","false","","","","","iPhone13,2","iphone12","","16.0","Unknown","","","","","","","","everyone","011862bb094a4:644BBE4938D584F00E9656910ACD8EE5","","","","","",""
"","","Traffic Rider","18019095426","","","","","ATQK717n7SrlsxE3vJI3GsspgK86mRrlPeuUJwcVZty+","","2023-02-07T11:37:22.161Z","","Game init","","","","","","","iphone","ALMATY","KZ","false","","","","","iPhone13,2","iphone12","","16.0","Unknown","","","","","","","","everyone","011862baa89e9:D724E38ECD388FE2E7B32CAAD69E1E4A","","","","","",""
"","","Manor Matters","18019095426","","","","","ATQK717n7SrlsxE3vJI3GsspgK86mRrlPeuUJwcVZty+","","2022-12-14T07:38:31.963Z","","Game init","","","","","","","iphone","NURSULTAN","KZ","false","","","","","iPhone13,2","iphone12","","16.0","Unknown","","","","","","","","everyone","011850f921c4d:6B4F7DEB4EA1388939E3EB8DDEEDB3DC","","","","","",""
"","","Manor Matters","18019095426","com.playrix.manor-matters","","","","","","2022-12-14T07:38:12.142Z","","Authentication generated for third party server","","","","","","","","","","","","","","","","","","","Unknown","","","","","","","","","","","legacy","","","",""
"","","Manor Matters","18019095426","","","","","ATQK717n7SrlsxE3vJI3GsspgK86mRrlPeuUJwcVZty+","","2022-12-14T07:37:57.800Z","","Game init","","","","","","","iphone","NURSULTAN","KZ","false","","","","","iPhone13,2","iphone12","","16.0","Unknown","","","","","","","","everyone","011850f919720:05A7FFC4EF1C6FCC15D0B08A14B76571","","","","","",""
"","","Manor Matters","18019095426","com.playrix.manor-matters","","","","","","2022-12-13T10:12:55.922Z","","Authentication generated for third party server","","","","","","","","","","","","","","","","","","","Unknown","","","","","","","","","","","legacy","","","",""
"","","Manor Matters","18019095426","","","","","ATQK717n7SrlsxE3vJI3GsspgK86mRrlPeuUJwcVZty+","","2022-12-13T10:12:52.160Z","","Game init","","","","","","","iphone","ALMATY","KZ","false","","","","","iPhone13,2","iphone12","","16.0","Unknown","","","","","","","","everyone","011850af90d36:3987FC55C1139EE49F646493EDEE5756","","","","","",""
"","","Manor Matters","18019095426","com.playrix.manor-matters","","","","","","2022-12-12T16:09:48.990Z","","Authentication generated for third party server","","","","","","","","","","","","","","","","","","","Unknown","","","","","","","","","","","legacy","","","",""
"","","Manor Matters","18019095426","","","","","ATQK717n7SrlsxE3vJI3GsspgK86mRrlPeuUJwcVZty+","","2022-12-12T16:09:45.956Z","","Game init","","","","","","","iphone","ALMATY","KZ","false","","","","","iPhone13,2","iphone12","","16.0","Unknown","","","","","","","","everyone","01185071970c2:DE667C3B8DC191AB2D7064D846134442","","","","","",""
"","","","18019095426","","","","","","","2022-12-12T15:46:43.572Z","","nickname changes","","","","","","","iphone","","","","","","","","iPhone13,2","iphone12","","16.0","Unknown","","","","","","","","","","","","","","",""
"","","Manor Matters","18019095426","","","","","ATQK717n7SrlsxE3vJI3GsspgK86mRrlPeuUJwcVZty+","","2022-12-12T15:46:15.751Z","","Game init","","","","","","","iphone","ALMATY","KZ","false","","","","","iPhone13,2","iphone12","","16.0","Unknown","","","","","","","","","011850703ec3a:71744B89B52627F97F65F4DC30D77D1F","","","","","",""
"","","Manor Matters","18019095426","","","","","ATQK717n7SrlsxE3vJI3GsspgK86mRrlPeuUJwcVZty+","","2022-12-12T15:44:56.053Z","","Game init","","","","","","","iphone","ALMATY","KZ","false","","","","","iPhone13,2","iphone12","","16.0","Unknown","","","","","","","","","011850702b4ec:739B40B8A2324ADED4A1253F97436EB0","","","","","",""
"","","Manor Matters","18019095426","com.playrix.manor-matters","","","","","","2022-12-12T15:36:42.857Z","","Authentication generated for third party server","","","","","","","","","","","","","","","","","","","Unknown","","","","","","","","","","","legacy","","","",""
"","","Manor Matters","18019095426","","","","","ATQK717n7SrlsxE3vJI3GsspgK86mRrlPeuUJwcVZty+","","2022-12-12T15:36:38.640Z","","Game init","","","","","","","iphone","ALMATY","KZ","false","","","","","iPhone13,2","iphone12","","16.0","Unknown","","","","","","","","","0118506fb1de6:F39DE3FEBE24EDE9F0200B05C2C5B8BB","","","","","",""
