"Account Sequence Number","Active Payment Method","Apple Card Account ID","Apple ID Number","Apple Pay Payment Method","Apple Pay Payment Method Enrolled","Apple Pay Payment Method Exist","Apple Pay Payment Method ID","Apple Pay Payment Method Removed","Apple Pay Payment Re-Enrolled","Apple Pay Storefront Enrollment","Apple Pay Used as Payment Method","Billing Information ID","Card Issuing Bank Name","Card Name","Card Processor","First Time Apple Pay Enrollment","First Time Enrollment","First Time Payment Method Removal","Last Updated Payment Method ID","Payment Credential Timestamp","Payment Enrollment","Payment Execution Method","Payment Method Approval Timestamp","Payment Method Date","Payment Method Last Modified Timestamp","Payment Method Removal Timestamp","Payment Method Removed","Payment Source","Primary Payment Method","Re-Enrolled Apple Pay","Service Date","Storefront Apple Pay Option","Storefront Name","Storefront Sequence Number","Storefront Wallet ID","Sum of Apple Pay Payment Methods","Sum of Total Payment Methods","Transaction Payment Method","Wallet App Payment Method","Wallet Card ID"
"3","No","420000170260748","18019095426","User Not Enrolled","","User Not Enrolled","NA","User Not Churned with Apple Pay","User Not Apple Pay Re-Enrolled","","Not Apple Pay Cred","420000496910129","","None","Others","No","No","No","","2022-08-04 02:41:17","","NA","2022-08-04 02:41:17","2022-08-04","2024-07-18 09:30:50","","","Wallet","0","User Not Re-Enrolled","2024-07-29 14:30:52","","Kazakhstan","3","420000102619703","0","0","0","","420000150540721"
"4","No","420000170260748","18019095426","User Not Enrolled","","User Not Enrolled","NA","User Not Churned with Apple Pay","User Not Apple Pay Re-Enrolled","","Not Apple Pay Cred","420000496910129","","None","Others","No","No","No","","2024-07-18 09:30:47","","NA","2024-07-18 09:30:47","2024-07-18","2024-07-18 09:30:50","2024-07-18 09:30:47","","Wallet","0","User Not Re-Enrolled","2024-08-04 17:09:31","","Kazakhstan","4","420000102619703","0","0","0","","420000150540721"
"5","No","420000170260748","18019095426","User Not Enrolled","","User Enrolled","NA","User Not Churned with Apple Pay","User Not Apple Pay Re-Enrolled","","Not Apple Pay Cred","420000600990581","KASPI BANK JSC","Visa","Others","No","Yes","No","","2024-07-18 09:30:50","Wallet Entry Enrolled","NA","2024-07-18 09:30:50","2024-07-18","2024-07-18 09:30:50","","Wallet Entry Not Churned","Wallet","1","User Not Re-Enrolled","2024-08-04 17:09:31","","Kazakhstan","5","420000102619703","0","1","1","","420000223007244"
"1","No","420000170260748","18019095426","User Not Enrolled","","User Not Enrolled","NA","User Not Churned with Apple Pay","User Not Apple Pay Re-Enrolled","","Not Apple Pay Cred","420000496909093","NA","None","Others","No","No","No","","2022-08-04 02:31:14","","NA","2022-08-04 02:31:14","2022-08-04","2022-08-04 02:31:14","","","Wallet","0","User Not Re-Enrolled","2024-07-29 14:30:52","","Kazakhstan","1","420000102619427","0","0","0","","420000150540103"
"2","No","420000170260748","18019095426","User Not Enrolled","","User Not Enrolled","NA","User Not Churned with Apple Pay","User Not Apple Pay Re-Enrolled","","Not Apple Pay Cred","420000496909093","NA","None","Others","No","No","No","","2022-08-04 02:41:16","","NA","2022-08-04 02:41:16","2022-08-04","2022-08-04 02:31:14","2022-08-04 02:41:16","","Wallet","","User Not Re-Enrolled","2024-07-29 14:30:52","","Kazakhstan","2","420000102619427","0","0","0","","420000150540103"
