"Favorite Type","Item Reference","Item Description","Last Modified",Preference
Artist,960127446,"Brent Faiyaz",2025-03-17T17:06:03.322Z,LIKE
Song,699744061,"Whitesnake - Is This Love",2025-04-13T14:44:26.941Z,LIKE
Song,1445667962,"Nina Simone - I Put a Spell On You",2025-04-13T14:41:16.564Z,LIKE
Song,726189776,"The Animals - The House of the Rising Sun",2025-04-13T14:37:14.233Z,LIKE
Song,1445668114,"Nina Simone - Feeling Good",2025-04-13T14:36:34.339Z,LIKE
Song,1533513537,"The White Stripes - Seven Nation Army",2025-04-13T13:58:24.141Z,LIKE
Song,799969786,"The Smiths - Heaven Knows I'm Miserable Now",2025-04-13T13:50:54.768Z,LIKE
Song,945832628,"Bertha Tilman - Oh My Angel",2025-04-13T13:50:29.348Z,LIKE
Song,1494043223,"Scorpions - Still Loving You (2015 - Remaster)",2025-04-13T13:46:44.935Z,LIKE
Song,1781052381,"Ernar Amandyq - Meni kut",2025-04-12T21:24:13.882Z,LIKE
Song,1786481197,"sombr - back to friends",2025-04-12T17:57:00.460Z,NEUTRAL
Song,1545737144,"Не Всё Сказано - Будь собой",2025-04-11T14:26:38.372Z,LIKE
Song,574044008,"AC/DC - Highway to Hell",2025-04-06T13:07:57.386Z,LIKE
Song,574050602,"AC/DC - Back In Black",2025-04-06T13:03:23.197Z,LIKE
Song,1785446120,"Nafeesisboujee - Stephanie",2025-04-05T20:27:07.618Z,LIKE
Song,1446118012,"Cigarettes After Sex - Neon Moon",2025-03-29T22:52:24.993Z,LIKE
Song,1783182940,"Cigarettes After Sex - Motion Picture Soundtrack",2025-03-29T22:42:33.998Z,LIKE
Song,1266067537,"Cigarettes After Sex - I'm a Firefighter",2025-03-29T22:33:45.508Z,LIKE
Song,1266067538,"Cigarettes After Sex - Dreaming of You",2025-03-29T22:28:11.011Z,LIKE
Song,1783182609,"Cigarettes After Sex - Silver Sable",2025-03-29T22:22:08.701Z,LIKE
Song,1444321728,"MOVEMENT - Us",2025-03-28T17:34:39Z,LIKE
Song,1445306035,"MOVEMENT - Us",2025-03-28T17:23:26Z,LIKE
Song,111153858,"Arctic Monkeys - A Certain Romance",2025-03-28T17:22:33Z,LIKE
Song,1362274278,"Billie Eilish - bitches broken hearts",2025-03-25T15:31:47.986Z,LIKE
Song,1488413377,"Selena Gomez - Ring",2025-03-25T11:09:04.036Z,LIKE
Song,1444332603,"Selena Gomez - Fetish (feat. Gucci Mane)",2025-03-25T11:08:44.018Z,LIKE
Song,1775202083,"Jacal - Resonance (Midwest Emo Version)",2025-03-21T21:43:14.682Z,NEUTRAL
Song,1769043666,"gtrhell - Home (Resonance Midwest Emo Version + slowed + reverbed)",2025-03-21T21:43:08.889Z,LIKE
Song,1699505097,"Wavebeatmaker - Resonance (Slowed + Reverb)",2025-03-21T21:41:56.159Z,LIKE
Song,1682525458,"Ark Patrol - Let Go (feat. Veronika Redd)",2025-03-21T21:33:51.188Z,LIKE
Song,1702842342,"NBSPLV - The Lost Soul Down X Lost Soul",2025-03-20T23:36:59.115Z,LIKE
Song,1577363199,"Moby - The Last Day (feat. Skylar Grey & Darlingside) [Reprise Version]",2025-03-19T14:37:08.770Z,LIKE
Song,1759043692,"The American Dawn - Her",2025-03-18T21:29:05.093Z,LIKE
Song,1751240148,"катя милтей - HIGHLY INSULTED",2025-03-17T17:04:03.851Z,LIKE
Song,1440828651,"Hozier - Do I Wanna Know? (Live at the BBC)",2025-03-16T16:00:33.314Z,LIKE
Song,1794799234,"Santiz.mc - Моей семье",2025-03-15T13:25:26.188Z,LIKE
Song,1530812332,"Gorillaz - The Valley of The Pagans (feat. Beck)",2025-03-05T10:50:58.486Z,LIKE
Song,1509667929,"Ollane - Touch the Sky (feat. Miyagi)",2025-03-04T19:37:09.336Z,LIKE
Song,1439344334,"Vendredi sur Mer - La femme à la peau bleue",2025-03-04T18:31:26.822Z,LIKE
Song,1767511513,"The Weeknd - Dancing In The Flames",2025-03-03T18:54:05.068Z,LIKE
Song,1097862845,"Radiohead - Fake Plastic Trees",2025-03-02T20:00:25.854Z,LIKE
Song,1794071364,"alan vuong - DEEP IN YOUR SOUL",2025-03-02T14:23:18Z,LIKE
Song,1716417998,"lucidbeatz & Emilia Ali - You & I",2025-03-02T14:20:35Z,LIKE
Song,1682053641,"lucidbeatz - Let U Go",2025-03-02T14:19:57Z,LIKE
Song,1761151128,"lucidbeatz - dance with me",2025-03-02T14:19:03Z,LIKE
Song,1455520440,"TARA202 - Магистрали",2025-02-27T17:01:16.681Z,LIKE
Song,252606598,"Justin Timberlake - Rock Your Body",2025-02-27T16:41:38.957Z,LIKE
Song,1229315050,"Portugal. The Man - Feel It Still",2025-02-27T16:40:29.123Z,LIKE
Song,1694808715,"Flume - Take A Chance (feat. Little Dragon)",2025-02-27T16:38:09.843Z,LIKE
Song,264720106,"MGMT - Electric Feel",2025-02-27T16:36:52.721Z,LIKE
Song,1536236078,"21 Savage & Metro Boomin - Rich Nigga Shit (feat. Young Thug)",2025-02-26T11:20:30.332Z,LIKE
Song,1440773626,"Teriyaki Boyz - Tokyo Drift",2025-02-25T17:14:52.543Z,LIKE
Song,850464293,"Basta - Моя Вселенная",2025-02-24T07:43:16.781Z,LIKE
Song,859844936,"Gorillaz - Empire Ants (feat. Little Dragon)",2025-02-22T15:53:46.004Z,LIKE
Song,992221997,"Muse - Supermassive Black Hole",2025-02-22T13:13:52.616Z,LIKE
Song,1282327790,"FACE - Baby",2025-02-21T19:16:43.496Z,LIKE
Song,1686611175,"M'Dee - asyl janym",2025-02-21T09:52:44.725Z,LIKE
Song,1722580706,"Медеу Арынбаев - Есімде",2025-02-21T09:51:14.845Z,LIKE
Song,1544732542,"Kairat Nurtas - Нәзік Гүлім",2025-02-19T21:10:39.485Z,LIKE
Song,1506596341,"МОТ - Парабола",2025-02-19T21:07:49.982Z,LIKE
Song,1667526067,"Timati - Сколько Стоит Любовь",2025-02-19T21:07:18.359Z,LIKE
Song,1667526063,"Timati - Forever (feat. Mario Winans)",2025-02-19T21:05:18.694Z,LIKE
Song,1789690647,"chipbagov, SCARIONIX & IMMORTAL PLAYA - Funk Da Montanha (Super Slowed)",2025-02-19T18:15:59Z,LIKE
Song,1698673437,"chau - wantu",2025-02-18T19:17:21Z,LIKE
Song,1712698512,"ХАНЗА & OWEEK - Вечеринка",2025-02-17T19:15:40.632Z,LIKE
Song,1415203739,"Sting - Shape of My Heart",2025-02-15T16:21:40Z,LIKE
Song,1097862833,"Radiohead - High and Dry",2025-02-13T18:42:17.103Z,LIKE
Song,1497231182,"Tame Impala - One More Hour",2025-02-13T18:39:03.707Z,LIKE
Song,433375971,"Miles Kane - Rearrange",2025-02-13T18:31:53.299Z,LIKE
Song,1793572829,"Blur - Coffee and TV (Radio Edit)",2025-02-13T18:25:23.396Z,LIKE
Song,848103023,"Basta - Одна любовь (feat. Рем Дигга)",2025-02-13T16:06:05Z,LIKE
Song,193085066,"George Michael - Careless Whisper",2025-02-11T17:45:12.255Z,LIKE
Song,1476822132,"Tanir & Tyomcha - Da Da Da",2025-02-10T15:35:43.329Z,LIKE
Song,1611637849,"Bruno Mars, Anderson .Paak & Silk Sonic - Leave the Door Open",2025-02-06T16:36:08Z,LIKE
Song,1760169027,"beamglow - baby do you wanna dance? (did it first)",2025-02-06T16:09:13Z,LIKE
Song,1528113199,"ARO - S.Ó.Seni",2025-01-30T06:58:39.865Z,LIKE
Song,1472615480,"Baby Keem - ORANGE SODA",2025-01-26T10:05:58.812Z,LIKE
Song,1760428041,"Addison Rae - Diet Pepsi",2025-01-21T17:03:49.782Z,LIKE
Song,1588079445,"Артем Пивоваров - Собирай меня",2025-01-19T02:21:12.708Z,LIKE
Song,1358286224,"Kali Uchis - After the Storm (feat. Tyler, The Creator & Bootsy Collins)",2025-01-16T14:02:00.010Z,LIKE
Song,1510806531,"Yaeji - Raingurl",2025-01-16T14:01:33Z,LIKE
Song,1440881708,"Kendrick Lamar - LOVE. (feat. Zacari)",2025-01-07T20:25:35.098Z,LIKE
Song,1408280019,"Cigarettes After Sex - Sesame Syrup",2025-01-02T13:10:29.741Z,LIKE
Song,1217912232,"Gorillaz - Andromeda (feat. DRAM)",2025-01-01T15:10:25Z,LIKE
Song,1423648886,"Strawberry Guy - F Song",2024-12-29T19:15:08.570Z,LIKE
Song,1030116020,"The Neighbourhood - Baby Came Home 2 / Valentines",2024-12-04T19:16:07.959Z,LIKE
Song,1440674160,"The Police - Every Breath You Take (Remastered 2003)",2024-12-03T21:11:02.531Z,LIKE
Song,1440873033,"Drake - Hold On, We're Going Home (feat. Majid Jordan)",2024-12-02T18:12:02.261Z,LIKE
Song,1441388353,"Metro Boomin - Space Cadet (feat. Gunna)",2024-12-02T17:59:57.971Z,LIKE
Song,1586410663,"Nirvana - Come As You Are (Remastered)",2024-12-02T17:23:50Z,LIKE
Song,726416468,"Blur - Beetlebum (2012 Remaster)",2024-12-02T17:01:10.438Z,LIKE
Song,1369439264,"Bazzi - Fantasy",2024-11-28T19:58:44.532Z,LIKE
Song,1683141463,"OG Buda - Строчки о Бывших",2024-11-25T23:28:22.363Z,LIKE
Song,1183512590,"Валентин Стрыкало - Кайен",2024-11-25T23:28:03.642Z,LIKE
Song,689363109,"Arctic Monkeys - I Wanna Be Yours",2024-11-25T23:02:02.493Z,DISLIKE
Song,1451903287,"Kanye West - Can't Tell Me Nothing",2024-11-23T08:31:01.885Z,LIKE
Song,699606050,"Blur - Song 2 (2012 Remaster)",2024-11-23T08:29:01.382Z,LIKE
