Origin,"Date Created","Play Duration Milliseconds","Artist Name","Last Played","Play Count",Genres,Artists
UNKNOWN,20241203,121160,N/A,1733203735458,1,"Music, Pop",Blur
UNKNOWN,20241204,837853,N/A,1733343268253,6,"Alternative, Baile Funk, Brazilian, Electronic, Music, Rock","DJ Erik JP, Dj Patrick R, MC GW, MRL, Mc Magrinho, The Police, Валентин Стрыкало"
UNKNOWN,20241205,136907,N/A,1733398070809,1,"Electronic, Music","MC GW, MRL"
UNKNOWN,20241206,915858,N/A,1733497251251,6,"Alternative, Electronic, Hard Rock, Hip Hop/Rap, Music, Pop, Rock","Blur, MC GW, MRL, Måneskin, Radiohead, Travis Scott, Валентин Стрыкало"
UNKNOWN,20241207,3826269,N/A,1733584997812,21,"Adult Alternative, Alternative, Electronic, Hip Hop/Rap, Indie Rock, Music, Rap, Rock, Soundtrack","21 Savage, Arctic Monkeys, Basta, Chris Isaak, Cigarettes After Sex, FACE, HammAli & Navai, LXNGVX, Labrinth, MC GW, MRL, Miyagi & Эндшпиль, Radiohead, The Neighbourhood, Travis Scott, Валентин Стрыкало"
UNKNOWN,20241210,1161577,N/A,1733868433426,8,"Adult Alternative, Alternative, Dance, Electronic, Funk, Hip Hop/Rap, Indie Rock, Music, R&B/Soul, Rap, Rock","21 Savage, Arctic Monkeys, Chris Isaak, DJ ANXVAR, KREZUS, MC LONE, Mc Lysa, Ren0wned, askat"
UNKNOWN,20241212,8064673,N/A,1734008808609,45,"Adult Alternative, Alternative, College Rock, Dance, Electronic, Grunge, Hard Rock, Hip Hop/Rap, Indie Rock, Music, Pop, Rock","Arctic Monkeys, Basta, Blur, Chris Isaak, Cigarettes After Sex, FACE, Future, HammAli & Navai, LXNGVX, MC GW, MRL, Metro Boomin, Miyagi & Эндшпиль, Måneskin, Nirvana, OG Buda, Playboi Carti, Radiohead, TOKYOPHILE, The Police, Travis Scott, V $ X V PRiNCE, chehollows, Валентин Стрыкало, Гуф"
UNKNOWN,20241213,1734427,N/A,1734105255052,13,"Alternative, Dance, Electronic, Hip Hop/Rap, Music, Pop, Rock","ARShAT, Basta, Cigarettes After Sex, HammAli & Navai, MARAQE, MC GW, MRL, Nirvana, QYRMAN, Radiohead, TOKYOPHILE, dudeontheguitar, Валентин Стрыкало"
UNKNOWN,20241214,333877,N/A,1734194747894,3,"Alternative, Dance, Hip Hop/Rap, Indie Pop, Music","Basta, HammAli & Navai, Pompeya, TOKYOPHILE"
UNKNOWN,20241216,603618,N/A,1734337126680,4,"Dance, Electronic, Music, Pop","ARShAT, Kylie Minogue, MARAQE, QYRMAN, TOKYOPHILE, dudeontheguitar"
UNKNOWN,20241217,428797,N/A,1734448236557,3,"Adult Alternative, Alternative, Alternative Rap, Dance, Hip Hop/Rap, Music, Pop, Rap, Rock, Underground Rap","Basta, Gorillaz, HammAli & Navai, TOKYOPHILE"
UNKNOWN,20241219,547749,N/A,1734629413829,4,"Alternative, Dance, Electronic, Music, Pop","Cigarettes After Sex, Kylie Minogue, MARAQE, QYRMAN"
UNKNOWN,20241220,802959,N/A,1734720561830,4,"Adult Alternative, Alternative, Indie Rock, Music, Rock","Arctic Monkeys, Chris Isaak"
UNKNOWN,20241221,4991261,N/A,1734812805661,25,"Adult Alternative, Alternative, Alternative Rap, College Rock, Dance, Grunge, Hip Hop/Rap, Indie Pop, Indie Rock, Music, Pop, Rap, Rock, Underground Rap","21 Savage, ARShAT, Arctic Monkeys, Basta, Chris Isaak, Gorillaz, HammAli & Navai, MARAQE, Nirvana, Pompeya, QYRMAN, TOKYOPHILE, The Neighbourhood, The Police, dudeontheguitar"
UNKNOWN,20241222,1249854,N/A,1734859182348,9,"Adult Alternative, Alternative, Hip Hop/Rap, Indie Rock, Music, Pop, Rock","ARShAT, Arctic Monkeys, Blur, Radiohead, V $ X V PRiNCE, dudeontheguitar, Валентин Стрыкало"
UNKNOWN,20241223,3285623,N/A,1734986234074,16,"Adult Alternative, Alternative, Alternative Rap, Hip Hop/Rap, Indie Rock, Music, Pop, Rap, Rock, Soundtrack, Underground Rap","Arctic Monkeys, Cigarettes After Sex, Gorillaz, Labrinth, The Neighbourhood"
UNKNOWN,20241224,617685,N/A,1735065976065,5,"Adult Alternative, Alternative, Dance, Electronic, Indie Rock, Music, Rock","Arctic Monkeys, DJ Guih Da ZO, MC Pogba, TOKYOPHILE, Tame Impala"
UNKNOWN,20241225,190410,N/A,1735103356043,2,"Electronic, Music","MC GW, MRL"
UNKNOWN,20241226,4199409,N/A,1735253998025,21,"Adult Alternative, Alternative, Alternative Rap, Hip Hop/Rap, Indie Rock, Music, Pop, Rap, Rock, Underground Rap","21 Savage, ARShAT, Arctic Monkeys, Basta, Cigarettes After Sex, Gorillaz, HammAli & Navai, MARAQE, Metro Boomin, OG Buda, QYRMAN, Radiohead, Travis Scott, V $ X V PRiNCE, Young Thug, dudeontheguitar, Гуф"
UNKNOWN,20241229,1855583,N/A,1735500320139,9,"Adult Alternative, Alternative, Electronic, Indie Rock, Music, Rock","Arctic Monkeys, Chris Isaak, Cigarettes After Sex, MC GW, MRL, Radiohead, The Police"
UNKNOWN,20241230,1233229,N/A,1735568372687,6,"Adult Alternative, Alternative, Hip Hop/Rap, Indie Rock, Music, Rock","Arctic Monkeys, Basta, Chris Isaak, FACE, HammAli & Navai, Miyagi & Эндшпиль, V $ X V PRiNCE, Гуф"
UNKNOWN,20241231,3625205,N/A,1735681341465,20,"Adult Alternative, Alternative, Alternative Rap, College Rock, Dance, Electronic, Grunge, Hip Hop/Rap, Hip-Hop, Indie Rock, Music, Pop, Rap, Rock, Soundtrack, Underground Rap","21 Savage, Arctic Monkeys, Blur, Cigarettes After Sex, FACE, Gorillaz, Kylie Minogue, Labrinth, Lil Peep, MC GW, MRL, Mac DeMarco, Mr.Santiz, Nirvana, The Police, Trippie Redd, XXXTENTACION, Валентин Стрыкало, Ирина Кайратовна, Кот Балу"
UNKNOWN,20250101,588607,N/A,1735759413565,3,"Alternative, Hip Hop/Rap, Music, R&B/Soul","Cigarettes After Sex, TaeKobain"
UNKNOWN,20250106,245499,N/A,1736171004941,3,"Alternative, Indie Pop, Music, Pop, Rock","Blur, Pompeya, Валентин Стрыкало"
UNKNOWN,20250107,231221,N/A,1736243483108,3,"Hip Hop/Rap, Music, Pop, Rap","21 Savage, ARShAT, Metro Boomin, Travis Scott, Young Thug, dudeontheguitar"
UNKNOWN,20250110,304777,N/A,1736510733750,2,"Hip Hop/Rap, Music, R&B/Soul","Kendrick Lamar, TaeKobain"
UNKNOWN,20250113,288448,N/A,1736780560603,2,"Hip Hop/Rap, Music, Pop, R&B/Soul","TaeKobain, А'Студио"
UNKNOWN,20250115,674478,N/A,1736934432302,3,"Hip Hop/Rap, Music, Pop","Kendrick Lamar, А'Студио"
UNKNOWN,20250116,580931,N/A,1737049240610,4,"Hip Hop/Rap, Music, R&B/Soul","Kendrick Lamar, SZA, TaeKobain, Tyler, The Creator"
UNKNOWN,20250118,354609,N/A,1737191962802,3,"Hip Hop/Rap, Music, Pop, Rock","Kendrick Lamar, The Police, А'Студио"
UNKNOWN,20250119,4987083,N/A,1737288100521,26,"Adult Alternative, Alternative, Alternative Rap, Dance, Electronic, Hip Hop/Rap, Music, Pop, R&B/Soul, Rap, Rock, Soundtrack, Underground Rap","Chris Isaak, Cigarettes After Sex, Gorillaz, Kali Uchis, Kendrick Lamar, Labrinth, Nirvana, SZA, TaeKobain, The Police, Tyler, The Creator, Yaeji, beabadoobee, А'Студио, Артем Пивоваров"
UNKNOWN,20250120,147365,N/A,1737362227975,1,"Alternative, Music",beabadoobee
UNKNOWN,20250121,2109144,N/A,1737453091269,12,"Alternative, Hip Hop/Rap, Music, Pop, R&B/Soul","Kendrick Lamar, SZA, TaeKobain, Tyler, The Creator, beabadoobee, А'Студио, Артем Пивоваров"
UNKNOWN,20250122,390415,N/A,1737567399573,3,"Alternative, Hip Hop/Rap, Music, Pop","Addison Rae, Kendrick Lamar, beabadoobee"
UNKNOWN,20250123,931374,N/A,1737651192910,6,"Alternative, Music, Pop, Rock","Addison Rae, Argonya, Bake, Chris Isaak, Radiohead, The Police"
UNKNOWN,20250124,200649,N/A,1737739073072,1,"Music, Rock","Chris Isaak"
UNKNOWN,20250126,1249731,N/A,1737925309487,7,"Alternative, Dance, Hip Hop/Rap, Hip-Hop, House, Music, Pop","Addison Rae, Baby Keem, Cigarettes After Sex, Kendrick Lamar, Nils van Zandt, beabadoobee, Артем Пивоваров"
UNKNOWN,20250128,1063532,N/A,1738055462284,5,"Hip Hop/Rap, Hip-Hop, Music","Baby Keem, Kendrick Lamar, Tyler, The Creator"
UNKNOWN,20250129,808233,N/A,1738173515116,4,"Hip Hop/Rap, Music, R&B/Soul","Kali Uchis, Kendrick Lamar, Tyler, The Creator"
UNKNOWN,20250130,724670,N/A,1738257297899,4,"Adult Alternative, Alternative, Electronic, Hip Hop/Rap, Indie Rock, Music, Rock","Arctic Monkeys, Moldanazar, Кот Балу"
UNKNOWN,20250201,198707,N/A,1738407033852,1,"Hip Hop/Rap, Music","Kendrick Lamar"
UNKNOWN,20250202,424434,N/A,1738503579543,5,"Alternative, Electronic, Hip Hop/Rap, Indie Pop, Music","ARO, Kendrick Lamar, Moldanazar"
UNKNOWN,20250205,176000,N/A,1738789583769,1,"Electronic, Music",Moldanazar
UNKNOWN,20250206,1107520,N/A,1738876629811,7,"Adult Alternative, Alternative, Electronic, Electronica, Hip Hop/Rap, Music, Pop, R&B/Soul, Rock","Ayau, Empire Of The Sun, Kali Uchis, beamglow, Горячий шоколад, Кот Балу"
UNKNOWN,20250208,3087815,N/A,1739049673244,21,"Adult Alternative, Alternative, Alternative Rap, Dance, Electronic, Electronica, Hip Hop/Rap, Hip-Hop, Music, Pop, R&B/Soul, Rap, Rock, Underground Rap","21 Savage, Baby Keem, Blur, Chris Isaak, Cigarettes After Sex, Gorillaz, Kendrick Lamar, Nirvana, OG Buda, TaeKobain, Tyler, The Creator, Yaeji, beamglow"
UNKNOWN,20250209,516049,N/A,1739092186611,3,"Hip Hop/Rap, Hip-Hop, Music, R&B/Soul, Rock","Baby Keem, Chris Isaak, TaeKobain"
UNKNOWN,20250211,879020,N/A,1739238420370,4,"Alternative, Electronic, Electronica, Hip Hop/Rap, Music, Rap","Doja Cat, Lana Del Rey, beamglow"
UNKNOWN,20250213,141331,N/A,1739464727738,1,"Electronic, Electronica, Music",beamglow
UNKNOWN,20250214,876227,N/A,1739566470571,5,"Adult Alternative, Alternative, Hip Hop/Rap, Indie Rock, Music, Rock","Basta, Blur, Miles Kane, Radiohead"
UNKNOWN,20250215,288507,N/A,1739643698700,3,"Hip Hop/Rap, Music, Pop, World","MAYOT, Катя Самбука, Марк Бернес"
UNKNOWN,20250216,1764423,N/A,1739724041849,14,"Adult Alternative, Adult Contemporary, Alternative, Arena Rock, Dance, Electronic, Electronica, Hip Hop/Rap, Music, Pop, Pop/Rock, R&B/Soul, Rock, Soft Rock, World","Anderson .Paak, Basta, Bruno Mars, HammAli & Navai, Radiohead, Silk Sonic, Sting, Yaeji, beamglow, А'Студио, Ерлан Кокеев, Катя Самбука, Марк Бернес"
UNKNOWN,20250217,1024115,N/A,1739781868082,5,"Alternative, Hip Hop/Rap, Music, Pop, R&B/Soul, Rock","Blur, Gorillaz, M'Dee, TaeKobain, А'Студио"
UNKNOWN,20250218,1366498,N/A,1739902942302,8,"Adult Alternative, Alternative, Electronic, Electronica, Hip Hop/Rap, Music, Pop, Pop/Rock, Rock","Basta, Blood Orange, Empire Of The Sun, OWEEK, Penguin Piano, beamglow, ХАНЗА"
UNKNOWN,20250219,860092,N/A,1739966737521,4,"Adult Alternative, Adult Contemporary, Alternative, Arena Rock, Dance, House, Music, Pop, Pop/Rock, Rock, Soft Rock","Sting, Tame Impala, chau"
UNKNOWN,20250220,1648048,N/A,1740081448126,12,"Brazilian, Dance, Electronic, Electronica, Hip Hop/Rap, House, Music, Pop, Rock","Blur, IMMORTAL PLAYA, Kairat Nurtas, SCARIONIX, Timati, beamglow, chau, chipbagov, МОТ"
UNKNOWN,20250221,691597,N/A,1740175961512,4,"Brazilian, Dance, Hip Hop/Rap, House, Music, Pop","Basta, IMMORTAL PLAYA, M'Dee, SCARIONIX, chau, chipbagov"
UNKNOWN,20250222,5083212,N/A,1740232409042,35,"Adult Alternative, Alternative, Alternative Rap, Brazilian, College Rock, Dance, Electronic, Electronica, Grunge, Hip Hop/Rap, Hip-Hop, House, Indie Rock, Music, Pop, Rap, Rock, Russian, Russian Chanson, Underground Rap","21 Savage, Addison Rae, Arctic Monkeys, Baby Keem, Basta, Chris Isaak, Empire Of The Sun, FACE, Gorillaz, IMMORTAL PLAYA, Kendrick Lamar, M'Dee, Metro Boomin, Nirvana, OWEEK, SCARIONIX, Timati, Travis Scott, Tyler, The Creator, Young Thug, beamglow, chau, chipbagov, А'Студио, Ваграм Вазян, Диана Гурцкая, ХАНЗА"
UNKNOWN,20250223,4350202,N/A,1740314855127,25,"Adult Alternative, Alternative, Brazilian, Hip Hop/Rap, Indie Rock, Music, Pop, Rock, Russian, Russian Chanson, Singer/Songwriter","ARO, Arctic Monkeys, FACE, Gorillaz, IMMORTAL PLAYA, Kendrick Lamar, M'Dee, Muse, SCARIONIX, Timati, Tony Tonite, chipbagov, А'Студио, Ваграм Вазян, Кот Балу, Медеу Арынбаев"
UNKNOWN,20250225,178897,N/A,1740502801887,2,"Hip Hop/Rap, Latin, Music","Basta, FloyyMenor"
UNKNOWN,20250226,254600,N/A,1740568123680,2,"Hip Hop/Rap, Music, Rock","Basta, Chris Isaak"
UNKNOWN,20250227,772367,N/A,1740683389000,3,"Electronic, Hip Hop/Rap, Music, Rock","Chris Isaak, FACE, Flume"
UNKNOWN,20250228,289688,N/A,1740749912883,4,"Adult Contemporary, Contemporary R&B, Dance, Electronic, Music, Pop, R&B/Soul, Soundtrack, Teen Pop","ARO, Justin Timberlake, TARA202, Teriyaki Boyz"
UNKNOWN,20250301,1372081,N/A,1740821507903,9,"Adult Contemporary, Alternative, Contemporary R&B, Dance, Electronic, Hip Hop/Rap, Music, Pop, R&B/Soul, Rock, Teen Pop","Basta, Chris Isaak, FACE, HammAli & Navai, Justin Timberlake, Portugal. The Man, Tony Tonite, Кот Балу"
UNKNOWN,20250302,2718793,N/A,1740940192915,14,"Adult Alternative, Alternative, Hip Hop/Rap, Indie Pop, Indie Rock, Music, Pop, Rock, Singer/Songwriter","ARO, ARO, Arctic Monkeys, Basta, Kairat Nurtas, Muse, Radiohead, Медеу Арынбаев"
UNKNOWN,20250303,1108930,N/A,1741032494956,6,"Alternative, Electronic, Hip Hop/Rap, Indie Rock, Music, Pop, Soundtrack","ARO, Basta, Emilia Ali, Teriyaki Boyz, alan vuong, lucidbeatz"
UNKNOWN,20250304,574528,N/A,1741118856780,3,"Electronic, Music, Pop","ARO, Emilia Ali, TARA202, lucidbeatz"
UNKNOWN,20250307,304575,N/A,1741350104495,2,"Adult Alternative, Alternative, Disco, Music, Punk, R&B/Soul, Rock","Ollane, The Subways"
UNKNOWN,20250317,279342,N/A,1742243346896,4,"Dance, Electronic, Music, Pop, Soundtrack","Annie Lennox, Buray, Kylie Minogue, Leat'eq"
UNKNOWN,20250321,248056,N/A,1742593076306,1,"Electronic, Music","Ark Patrol"
UNKNOWN,20250328,1406202,N/A,1743194447601,6,"Adult Alternative, Alternative, Hip Hop/Rap, Indie Rock, Music, Rock","Arctic Monkeys, Drake"
UNKNOWN,20250329,1308971,N/A,1743290100440,6,"Alternative, Music","Cigarettes After Sex"
UNKNOWN,20250406,249675,N/A,1743944596617,2,"Adult Alternative, Alternative, Indie Rock, Music, Rock","Arctic Monkeys"
UNKNOWN,20250409,120264,N/A,1744226218518,1,"Arena Rock, Australia, Hard Rock, Heavy Metal, Music, Rock, World",AC/DC
UNKNOWN,20250411,834648,N/A,1744376017657,4,"Hip Hop/Rap, Music, R&B/Soul","Brent Faiyaz, Drake, Joony"
AUTOPLAY_RADIO_STATION,20241123,381273,N/A,1732350696512,3,"Alternative, Hip Hop/Rap, Music, Pop","Billie Eilish, Blur, Kanye West"
AUTOPLAY_RADIO_STATION,20241126,32462,N/A,1732642191073,1,"Alternative Rap, Hip Hop/Rap, Music","Cold Hart"
AUTOPLAY_RADIO_STATION,20241127,458680,N/A,1732703504433,5,"Alternative Rap, Hip Hop/Rap, Music, Rock, Underground Rap","DJ CAVANHA, Death Plus, Shiza, Travis Scott, Ulukmanapo, Земфира"
AUTOPLAY_RADIO_STATION,20241128,40957,N/A,1732825025035,1,"Music, Pop","Леша Свик"
AUTOPLAY_RADIO_STATION,20241129,245470,N/A,1732889808831,1,"Alternative, Music","Billie Eilish"
AUTOPLAY_RADIO_STATION,20241201,1121511,N/A,1733071621393,8,"Adult Alternative, Alternative, Brazilian, Hip Hop/Rap, Indie Rock, Music, Pop, Rock, Teen Pop","Arctic Monkeys, DJ MAVICC, DJ RD DA DZ7, Future, Migos, Taspay, Travis Scott, V $ X V PRiNCE, Ирина Кайратовна, Монеточка"
AUTOPLAY_RADIO_STATION,20241202,3286717,N/A,1733163350185,20,"Adult Alternative, Alternative, Contemporary R&B, Hardcore Rap, Hip Hop/Rap, Indie Rock, Music, R&B/Soul, Rap, Rock","2 Chainz, 21 Savage, Arctic Monkeys, Drake, Future, Gunna, Kanye West, Metro Boomin, Nirvana, Rich The Kid, SZA, The Smashing Pumpkins, The Weeknd, Travis Scott"
AUTOPLAY_RADIO_STATION,20241203,180213,N/A,1733251476960,2,"Hip Hop/Rap, Music","21 Savage, Kendrick Lamar"
AUTOPLAY_RADIO_STATION,20241204,699915,N/A,1733348136429,8,"Adult Alternative, Alternative, Arena Rock, Baile Funk, Brazilian, Funk, Hard Rock, Hip Hop/Rap, Indie Rock, Music, Prog-Rock/Art Rock, R&B/Soul, Rock","Arctic Monkeys, DJ BL, DJ Batidão, DJ NpcSize, Kanye West, MC Gimenes, Mc Jacaré, Mc Menor Do Alvorada, Mc Pedrinho, OG Buda, Rush, dj dudah"
AUTOPLAY_RADIO_STATION,20241205,37070,N/A,1733375885562,1,"Hip Hop/Rap, Music",kizaru
AUTOPLAY_RADIO_STATION,20241207,635008,N/A,1733585337581,4,"Alternative, Dirty South, Hardcore Rap, Hip Hop/Rap, Music, Rap, Underground Rap","21 Savage, Billie Eilish, Chase Atlantic, Drake, Metro Boomin"
AUTOPLAY_RADIO_STATION,20241210,60615,N/A,1733819980855,1,"Alternative, Music","Cigarettes After Sex"
AUTOPLAY_RADIO_STATION,20241212,564718,N/A,1733988671723,6,"Adult Alternative, Alternative, Dance, Funk, Hip Hop/Rap, House, Indie Rock, Music, Pop, R&B/Soul, Rock","DJ ANXVAR, Lana Del Rey, MC LONE, MRL, The Last Shadow Puppets, The Neighbourhood"
AUTOPLAY_RADIO_STATION,20241213,624490,N/A,1734105360699,4,"Alternative, Brazilian, Electronic, Music, Pop, Rock","Anar, Chris Isaak, Men At Work, Polaris, The Neighbourhood"
AUTOPLAY_RADIO_STATION,20241217,1137823,N/A,1734448733684,7,"Adult Alternative, Alternative, Baile Funk, Brazilian, Dance, Electronic, Hip Hop/Rap, House, Indie Rock, Music, Rock","4WIZZ, Arctic Monkeys, DJ Ikeraus, Kanye West, LXNGVX, MRL, Nirvana, VISXGE, WXCHSXN"
AUTOPLAY_RADIO_STATION,20241219,72078,N/A,1734627195819,1,"Hip Hop/Rap, Music",Rusty
AUTOPLAY_RADIO_STATION,20241220,251133,N/A,1734720946969,2,"Music, Rock","The Police"
AUTOPLAY_RADIO_STATION,20241221,35054,N/A,1734768305562,1,"Alternative, Music, Pop",Gorillaz
AUTOPLAY_RADIO_STATION,20241223,857705,N/A,1734946756201,8,"Adult Alternative, Alternative, Hip Hop/Rap, Music, Pop, Rock","Chris Brown, Future, Kid Cudi, Labrinth, Lana Del Rey, Metro Boomin, Tame Impala, The Neighbourhood, Travis Scott, Tyler, The Creator"
AUTOPLAY_RADIO_STATION,20241224,559129,N/A,1735056481456,4,"Hip Hop/Rap, Music","Don Toliver, Future, Metro Boomin, Playboi Carti"
AUTOPLAY_RADIO_STATION,20241229,586227,N/A,1735499811023,5,"Adult Alternative, Alternative, Hip Hop/Rap, Indie Rock, Music, Pop, Rock","0to8, Arctic Monkeys, Oscar Lang, Slowdive, Strawberry Guy, Veles"
AUTOPLAY_RADIO_STATION,20250101,729280,N/A,1735745593714,7,"Adult Alternative, Alternative, Dirty South, Hardcore Rap, Hip Hop/Rap, Indie Rock, Music, Rap, Rock, Underground Rap","21 Savage, Arctic Monkeys, Cigarettes After Sex, Gorillaz, Metro Boomin, Radiohead, Strawberry Guy, Travis Scott"
AUTOPLAY_RADIO_STATION,20250105,40947,N/A,1736071542495,1,"Dance, Electronic, Music, Rock, Techno","Miami Horror"
AUTOPLAY_RADIO_STATION,20250107,1107063,N/A,1736285622439,5,"Hip Hop/Rap, Music, Pop, R&B/Soul","Frank Ocean, Joey Bada$$, Kendrick Lamar, Metro Boomin, SZA, The Weeknd"
AUTOPLAY_RADIO_STATION,20250108,373788,N/A,1736363802489,3,"Adult Alternative, Alternative, College Rock, Indie Rock, Music, Rock","Mac DeMarco, Radiohead, The Neighbourhood"
AUTOPLAY_RADIO_STATION,20250118,49077,N/A,1737190715061,1,"Hip Hop/Rap, Music",Basta
AUTOPLAY_RADIO_STATION,20250119,491552,N/A,1737287749329,5,"Alternative, Folk, Hip Hop/Rap, Music, Rock, Singer/Songwriter","Liana Flores, Radiohead, Travis Scott, Tyler, The Creator"
AUTOPLAY_RADIO_STATION,20250120,55971,N/A,1737362336055,1,"Music, Pop","Olivia Rodrigo"
AUTOPLAY_RADIO_STATION,20250121,440105,N/A,1737479464168,3,"Alternative, Hip Hop/Rap, Music, Pop, Singer/Songwriter","Olivia Rodrigo, Phoebe Bridgers, Travis Scott"
AUTOPLAY_RADIO_STATION,20250122,446271,N/A,1737524714767,2,"Alternative, Music, R&B/Soul","Cigarettes After Sex, SZA"
AUTOPLAY_RADIO_STATION,20250124,257584,N/A,1737742976065,2,"Alternative, Music, Rock","Nirvana, Pixies"
AUTOPLAY_RADIO_STATION,20250126,534018,N/A,1737925011515,6,"Adult Alternative, Alternative, Alternative Rap, Electronic, Gangsta Rap, Hardcore Rap, Hip Hop/Rap, Hip-Hop, Music, Pop, Rap, Rock, Underground Rap, West Coast Rap","Baby Keem, Cigarettes After Sex, Gorillaz, Jah Khalib, Kendrick Lamar, Portwave, ВесЪ"
AUTOPLAY_RADIO_STATION,20250128,402232,N/A,1738054267728,3,"Alternative, Alternative Rap, Gangsta Rap, Hardcore Rap, Hip Hop/Rap, Music, Rap, Underground Rap, West Coast Rap","Kendrick Lamar, Mac DeMarco, Odd Future"
AUTOPLAY_RADIO_STATION,20250129,289788,N/A,1738171241046,2,"Music, R&B/Soul","Playboi Carti, The Weeknd"
AUTOPLAY_RADIO_STATION,20250130,1203238,N/A,1738269791958,12,"Alternative, Dance, Electronic, Hip Hop/Rap, Indie Pop, Indie Rock, Music, Oldies, Pop, R&B/Soul, Reggae","ARO, ARShAT, Ariana Grande, Basta, DOROFEEVA, Geoxor, Justin Bieber, M'Dee, Miyagi, Miyagi & Эндшпиль, Rusha, SZA, The Ronettes, Ассаи"
AUTOPLAY_RADIO_STATION,20250206,1124127,N/A,1738877204429,8,"Brazilian, Electronic, Hip Hop/Rap, Music, Pop, R&B/Soul","Anar, Ayau, Doechii, Doja Cat, Kazybek Kuraiysh, M'Dee, Polaris, Ringo Madlingozi, Rusha"
AUTOPLAY_RADIO_STATION,20250208,30710,N/A,1739030681888,1,"Music, Pop",Sting
AUTOPLAY_RADIO_STATION,20250209,4444413,N/A,1739132231740,25,"Alternative, Hip Hop/Rap, Music, Pop, Pop/Rock, R&B/Soul, Rap, Rock","21 Savage, Ariana Grande, Billie Eilish, Bruno Mars, Childish Gambino, Chris Brown, Doja Cat, Future, Justin Bieber, Kanye West, Kendrick Lamar, Lil Peep, Metro Boomin, Phil Collins, Ricky Hil, The Weeknd, XXXTENTACION"
AUTOPLAY_RADIO_STATION,20250211,451157,N/A,1739295996646,4,"Adult Contemporary, Alternative, Contemporary R&B, Dance, Electronic, Hip Hop/Rap, Music, New Wave, Pop, Pop/Rock, R&B/Soul, Rock","Aaliyah, George Michael, Kali Uchis, Kendrick Lamar"
AUTOPLAY_RADIO_STATION,20250212,667501,N/A,1739351438917,5,"Hip Hop/Rap, Music, Pop, R&B/Soul","Drake, Metro Boomin, Post Malone, SZA, Sting, Travis Scott, Young Thug"
AUTOPLAY_RADIO_STATION,20250213,2169448,N/A,1739474018346,12,"Adult Alternative, Alternative, Hip Hop/Rap, Indie Rock, Music, Pop, R&B/Soul, Rock","Arctic Monkeys, Blur, Charli xcx, Doja Cat, Drake, Kendrick Lamar, Lana Del Rey, Miles Kane, Radiohead, Tame Impala, The Last Shadow Puppets"
AUTOPLAY_RADIO_STATION,20250215,459915,N/A,1739643046564,3,"Hip Hop/Rap, Latin, Latin Urban, Music","21 Savage, Cris MJ, Kail BRL, Tobal Mj, Travis Scott"
AUTOPLAY_RADIO_STATION,20250216,1457893,N/A,1739730346022,10,"Adult Alternative, Bebop, Dance, Electronic, Electronica, Hardcore, Hip Hop/Rap, Jazz, Music, Pop, R&B/Soul, Rock, Singer/Songwriter","BOWSY, HammAli & Navai, Jaman T, LUCAVEROS, Portishead, SZA, Tony Tonite, Tyler, The Creator, Банума"
AUTOPLAY_RADIO_STATION,20250218,1509731,N/A,1739908254694,12,"Adult Alternative, Alternative, Alternative Rap, Dance, Hip Hop/Rap, Music, Pop, R&B/Soul, Rap, Rock, Underground Rap","Artik & Asti, Basta, Calvin Harris, Disciples, Gorillaz, Lana Del Rey, M'Dee, Ritter Lean, Röya, The Weeknd, Ulukmanapo, Zvonkiy, Каспийский груз"
AUTOPLAY_RADIO_STATION,20250219,2769171,N/A,1739999231458,19,"Adult Alternative, Alternative, Alternative Rap, Electronic, Hip Hop/Rap, Indie Rock, Music, Pop, R&B/Soul, Rap, Rock, Singer/Songwriter, Underground Rap","Arctic Monkeys, Childish Gambino, DEVTH CXRN, Dan C. Parkes, Doja Cat, Gorillaz, Kid Cudi, Moldanazar, Phoenix, Prod. 94, Radiohead, The Neighbourhood, The Weeknd, Timati, Джиган"
AUTOPLAY_RADIO_STATION,20250220,114417,N/A,1740046161428,1,"Adult Alternative, Britpop, Electronic, Music, Pop, Pop/Rock, Rock",Blur
AUTOPLAY_RADIO_STATION,20250221,184923,N/A,1740175230168,4,"Hip Hop/Rap, Music, Pop, Rap, Russian Pop","21 Savage, GONE.Fludd, MORGENSHTERN, Sabir Axmedov"
AUTOPLAY_RADIO_STATION,20250222,724076,N/A,1740240521105,5,"Adult Alternative, Alternative, Alternative Rap, Electronic, Hip Hop/Rap, Indie Rock, Music, Pop, Rap, Rock, Underground Rap","Arctic Monkeys, DEVTH CXRN, Duman, Gorillaz, Phonkha"
AUTOPLAY_RADIO_STATION,20250223,442000,N/A,1740310010528,2,"Music, Pop","Ayau, M'Dee, Shiza"
AUTOPLAY_RADIO_STATION,20250224,647179,N/A,1740425975390,6,"Hip Hop/Rap, Music, Pop, Pop/Rock, Rock, Rock & Roll, Soft Rock","ADAM, Aarne, BUSHIDO ZHO, Basta, Big Baby Tape, Jah Khalib, Roy Orbison"
AUTOPLAY_RADIO_STATION,20250225,492619,N/A,1740503556920,4,"Electronic, Hip Hop/Rap, Music, Pop, Rap","21 Savage, FindMyName, HOVANNII, Slovalava"
AUTOPLAY_RADIO_STATION,20250226,148178,N/A,1740568994492,1,"Hip Hop/Rap, Music","21 Savage, Metro Boomin"
AUTOPLAY_RADIO_STATION,20250227,335134,N/A,1740684191522,3,"Music, Pop, Rock, Singer/Songwriter","Ernar Amandyq, Kazybek Kuraiysh, The Police"
AUTOPLAY_RADIO_STATION,20250302,1219145,N/A,1740939596642,9,"Alternative, Folk-Rock, Indie Pop, Music, Pop, Rock, Singer/Songwriter, World","ARO, Ayau, Bimo, Darkhan Juzz, Kazybek Kuraiysh, Qonyratbay Fam, Son Pascal, akimmmich"
AUTOPLAY_RADIO_STATION,20250303,65007,N/A,1740991744821,1,"Hip Hop/Rap, Music","Nobu Woods"
AUTOPLAY_RADIO_STATION,20250304,474148,N/A,1741116852206,2,"Hip Hop/Rap, Music, Pop","Ayau, Miyagi & Эндшпиль"
AUTOPLAY_RADIO_STATION,20250305,42857,N/A,1741171882883,1,"Hip Hop/Rap, Music",Gorillaz
AUTOPLAY_RADIO_STATION,20250307,39864,N/A,1741348585124,1,"Adult Alternative, Alternative Rap, Hip Hop/Rap, Music, Pop, Rap, Rock, Underground Rap",Gorillaz
AUTOPLAY_RADIO_STATION,20250310,115477,N/A,1741613712941,1,"Music, Pop","M'Dee"
AUTOPLAY_RADIO_STATION,20250314,41103,N/A,1741964386868,1,"Music, Pop",Moldanazar
AUTOPLAY_RADIO_STATION,20250315,165934,N/A,1742045517895,1,"Music, Pop","Ernar Amandyq"
USER_PLAYLIST,20241114,1051243,N/A,1731588094902,10,"Adult Alternative, Adult Contemporary, Alternative, Disco, Music, Pop, Pop/Rock, R&B/Soul, Rock, Singer/Songwriter, Soft Rock","ABBA, Bishop Briggs, Bruno Mars, Lady Gaga, Queen, Sam Brown, Земфира"
USER_PLAYLIST,20241115,91342,N/A,1731707500199,1,"Music, Singer/Songwriter",Земфира
USER_PLAYLIST,20241203,385369,N/A,1733260661602,3,"Hip Hop/Rap, Music, Pop, Rock","Blur, Kanye West, Nirvana"
USER_PLAYLIST,20241207,333307,N/A,1733602212255,1,"Music, R&B/Soul","The Weeknd"
USER_PLAYLIST,20241210,631232,N/A,1733832074426,3,"Alternative, Hip Hop/Rap, Music, Rock","Childish Gambino, Radiohead, The Police"
USER_PLAYLIST,20241212,297030,N/A,1734034178637,3,"Dance, Music, R&B/Soul","TOKYOPHILE, The Weeknd"
USER_PLAYLIST,20241213,93099,N/A,1734084373355,1,"Dance, Music",TOKYOPHILE
USER_PLAYLIST,20241221,124218,N/A,1734768520092,1,"Electronic, Music","MC GW, MRL"
USER_PLAYLIST,20241222,82909,N/A,1734860519704,1,"Music, R&B/Soul","The Weeknd"
USER_PLAYLIST,20241225,127064,N/A,1735099942372,2,"Dance, Electronic, Music","LXNGVX, TOKYOPHILE"
USER_PLAYLIST,20241226,290303,N/A,1735211648552,3,"Dance, Electronic, Music","MC GW, MRL, TOKYOPHILE"
USER_PLAYLIST,20241228,908334,N/A,1735369522630,4,"Alternative, Music","Cigarettes After Sex"
USER_PLAYLIST,20241229,93000,N/A,1735462254216,1,"Dance, Music",TOKYOPHILE
USER_PLAYLIST,20241230,888201,N/A,1735583915896,4,"Alternative, Music","Cigarettes After Sex"
USER_PLAYLIST,20250101,8105176,N/A,1735758279324,41,"Adult Alternative, Alternative, Alternative Rap, College Rock, Dance, Hip Hop/Rap, Indie Rock, Music, Pop, R&B/Soul, Rap, Rock, Teen Pop, Underground Rap","21 Savage, Anitta, Arctic Monkeys, Chris Isaak, Cigarettes After Sex, Everything But the Girl, Gorillaz, Lil Peep, Mac DeMarco, Strawberry Guy, TaeKobain, The Police, The Weeknd, Todd Terry, Trippie Redd, XXXTENTACION, Ирина Кайратовна, Монеточка"
USER_PLAYLIST,20250102,1659506,N/A,1735835513596,12,"Adult Alternative, Alternative, College Rock, Dance, Hip Hop/Rap, Indie Rock, Music, Pop, R&B/Soul, Rock","Arctic Monkeys, Cigarettes After Sex, Everything But the Girl, Gorillaz, Mac DeMarco, TaeKobain, Todd Terry"
USER_PLAYLIST,20250103,809675,N/A,1735885964009,6,"Dance, Hip Hop/Rap, Music, Pop, R&B/Soul, Rock","Anitta, Everything But the Girl, TaeKobain, The Police, The Weeknd, Todd Terry"
USER_PLAYLIST,20250104,1697973,N/A,1735992220527,8,"Adult Alternative, Alternative, Alternative Rap, Hip Hop/Rap, Indie Rock, Music, Pop, Rap, Rock, Underground Rap","Chris Isaak, Cigarettes After Sex, Gorillaz, Lil Peep, Mac DeMarco, Ирина Кайратовна"
USER_PLAYLIST,20250105,2301104,N/A,1736112595735,10,"Alternative, Alternative Rap, Hip Hop/Rap, Music, R&B/Soul, Rap, Rock","21 Savage, Chris Isaak, Cigarettes After Sex, Gorillaz, Lil Peep, TaeKobain"
USER_PLAYLIST,20250106,1046488,N/A,1736170699565,7,"Adult Alternative, Alternative, Alternative Rap, Hip Hop/Rap, Indie Rock, Music, Rock","Arctic Monkeys, Chris Isaak, Cigarettes After Sex, Lil Peep, The Police, Ирина Кайратовна"
USER_PLAYLIST,20250107,293757,N/A,1736243239272,3,"Adult Alternative, Alternative, Alternative Rap, Dance, Hip Hop/Rap, Indie Rock, Music, Pop, Rap, Rock","Arctic Monkeys, Everything But the Girl, Lil Peep, Todd Terry"
USER_PLAYLIST,20250115,1251084,N/A,1736935534305,6,"Adult Alternative, Alternative, Hip Hop/Rap, Indie Rock, Music, Rock","Arctic Monkeys, Cigarettes After Sex, Nirvana, The Police, Ирина Кайратовна"
USER_PLAYLIST,20250118,226852,N/A,1737220710690,1,"Alternative, Music","Cigarettes After Sex"
USER_PLAYLIST,20250122,205874,N/A,1737567620871,1,"Music, Rock","The Police"
USER_PLAYLIST,20250123,93607,N/A,1737626046444,1,"Hip Hop/Rap, Music","Trippie Redd, XXXTENTACION"
USER_PLAYLIST,20250209,2085153,N/A,1739099660539,11,"Adult Alternative, Alternative, Alternative Rap, Dance, Electronic, Hip Hop/Rap, Indie Rock, Music, Pop, Rap, Rock, Teen Pop, Underground Rap","21 Savage, Arctic Monkeys, Empire Of The Sun, Everything But the Girl, Gorillaz, Nirvana, Todd Terry, Ирина Кайратовна, Монеточка"
USER_PLAYLIST,20250213,1068637,N/A,1739484168479,4,"Alternative, Music","Cigarettes After Sex"
USER_PLAYLIST,20250306,1259954,N/A,1741285565947,6,"Alternative, Music","Cigarettes After Sex"
USER_PLAYLIST,20250319,230679,N/A,1742397686297,2,"Alternative, Music","Billie Eilish"
USER_PLAYLIST,20250320,196960,N/A,1742510055217,1,"Music, Rock","The American Dawn"
USER_PLAYLIST,20250411,32705,N/A,1744373700572,1,"Music, Rock","The American Dawn"
FAVORITE_SONGS_PLAYLIST,20241202,121160,N/A,1733158788670,1,"Music, Pop",Blur
FAVORITE_SONGS_PLAYLIST,20241203,177180,N/A,1733219177633,2,"Contemporary R&B, Hardcore Rap, Hip Hop/Rap, Music, R&B/Soul, Rap","Drake, Metro Boomin"
FAVORITE_SONGS_PLAYLIST,20241204,135021,N/A,1733332306250,1,"Music, Rock",Nirvana
FAVORITE_SONGS_PLAYLIST,20241210,722871,N/A,1733866273256,4,"Alternative, Hip Hop/Rap, Music, Pop, Rock","Blur, Metro Boomin, The Police, Валентин Стрыкало"
FAVORITE_SONGS_PLAYLIST,20241212,64581,N/A,1734031588864,1,"Hip Hop/Rap, Music","Metro Boomin"
FAVORITE_SONGS_PLAYLIST,20241220,311036,N/A,1734721571676,2,"Alternative, Electronic, Music, Rock","MC GW, MRL, Валентин Стрыкало"
FAVORITE_SONGS_PLAYLIST,20241221,702352,N/A,1734777639921,3,"Alternative, Music, Rock","Radiohead, The Neighbourhood, The Police"
FAVORITE_SONGS_PLAYLIST,20241231,694564,N/A,1735643577881,4,"Adult Alternative, Alternative, Contemporary R&B, Hardcore Rap, Hip Hop/Rap, Indie Rock, Music, R&B/Soul, Rap, Rock","Arctic Monkeys, Drake, Nirvana, The Police"
FAVORITE_SONGS_PLAYLIST,20250302,2525382,N/A,1740936970877,17,"Alternative, Electronic, Hip Hop/Rap, Indie Rock, Music, Pop, Rock, Soundtrack","Blur, Emilia Ali, Nirvana, TARA202, Teriyaki Boyz, alan vuong, lucidbeatz, Валентин Стрыкало"
FAVORITE_SONGS_PLAYLIST,20250306,105134,N/A,1741260955581,1,"Hip Hop/Rap, Music",Gorillaz
FAVORITE_SONGS_PLAYLIST,20250313,3073152,N/A,1741900376114,19,"Adult Alternative, Alternative, Alternative Rap, Brazilian, Dance, Disco, Electronic, Hip Hop/Rap, House, Indie Rock, Music, Pop, R&B/Soul, Rap, Rock, Singer/Songwriter, Underground Rap","Basta, Emilia Ali, FACE, Gorillaz, IMMORTAL PLAYA, M'Dee, Muse, OWEEK, Ollane, SCARIONIX, The Weeknd, Timati, Vendredi sur Mer, alan vuong, chau, chipbagov, lucidbeatz, Медеу Арынбаев, ХАНЗА"
FAVORITE_SONGS_PLAYLIST,20250317,50739,N/A,1742243136458,1,"Brazilian, Music","IMMORTAL PLAYA, SCARIONIX, chipbagov"
FAVORITE_SONGS_PLAYLIST,20250321,451119,N/A,1742515827275,3,"Electronic, Hip Hop/Rap, Music","Gorillaz, NBSPLV, Santiz.mc"
FAVORITE_SONGS_PLAYLIST,20250322,720219,N/A,1742642247215,5,"Electronic, Music, Pop, Rock","Ark Patrol, Moby, NBSPLV, The American Dawn, Wavebeatmaker"
FAVORITE_SONGS_PLAYLIST,20250324,987065,N/A,1742859223464,5,"Electronic, Hip Hop/Rap, Music, Pop","Ark Patrol, Hozier, NBSPLV, Santiz.mc, Wavebeatmaker"
FAVORITE_SONGS_PLAYLIST,20250325,4205665,N/A,1742938205142,23,"Alternative, Dance, Downtempo, Electronic, Electronica, Hip Hop/Rap, Hip-Hop, Music, Pop, R&B/Soul, Rock","Addison Rae, Ark Patrol, Baby Keem, Bazzi, Cigarettes After Sex, Emilia Ali, Gorillaz, Kali Uchis, Kendrick Lamar, Metro Boomin, Moby, NBSPLV, Nirvana, Santiz.mc, The Police, Wavebeatmaker, Yaeji, beamglow, gtrhell, lucidbeatz, Артем Пивоваров"
FAVORITE_SONGS_PLAYLIST,20250326,144169,N/A,1743016492432,1,"Alternative, Music","Billie Eilish"
FAVORITE_SONGS_PLAYLIST,20250328,2535020,N/A,1743202069929,12,"Adult Alternative, Alternative, Downtempo, Electronic, Hip Hop/Rap, Indie Rock, Music, Pop, Rock","Arctic Monkeys, Ark Patrol, Billie Eilish, Hozier, MOVEMENT, NBSPLV, Radiohead, Santiz.mc, Vendredi sur Mer, Wavebeatmaker, alan vuong, gtrhell"
FAVORITE_SONGS_PLAYLIST,20250331,123273,N/A,1743285862883,1,"Electronic, Music",MOVEMENT
FAVORITE_SONGS_PLAYLIST,20250401,408636,N/A,1743534170965,2,"Alternative, Music","Cigarettes After Sex"
FAVORITE_SONGS_PLAYLIST,20250403,93905,N/A,1743689792255,1,"Alternative, Music","Billie Eilish"
FAVORITE_SONGS_PLAYLIST,20250407,306378,N/A,1744026085001,3,"Alternative, Arena Rock, Australia, Hard Rock, Heavy Metal, Music, Rock, World","AC/DC, Billie Eilish, Cigarettes After Sex"
FAVORITE_SONGS_PLAYLIST,20250414,1416461,N/A,1744653026147,8,"Adult Alternative, Alternative, Arena Rock, Blues, Blues-Rock, British Invasion, College Rock, Country Blues, Hair Metal, Hard Rock, Heavy Metal, Jazz, Music, Pop, Pop/Rock, Psychedelic, Rock, Rock & Roll, Soft Rock, Standards, Vocal, Vocal Jazz","Bertha Tilman, Nina Simone, The Animals, The Smiths, The White Stripes, Whitesnake"
EDITORIAL_PLAYLIST,20250119,44047,N/A,1737286501046,1,"Hip Hop/Rap, Music",PNL
EDITORIAL_PLAYLIST,20250206,917818,N/A,1738876179732,5,"Music, Pop, R&B/Soul, Rock, Russian Pop, Singer/Songwriter","Anderson .Paak, Bruno Mars, Silk Sonic, Земфира, Мурат Насыров, Наутилус Помпилиус, Света"
EDITORIAL_PLAYLIST,20250208,86875,N/A,1739017604874,1,"Music, Rock","Наутилус Помпилиус"
EDITORIAL_PLAYLIST,20250222,689248,N/A,1740232610788,4,"Hip Hop/Rap, Music, Pop, Teen Pop","PNL, Монеточка, Мурат Насыров, Отпетые Мошенники"
EDITORIAL_PLAYLIST,20250302,208145,N/A,1740939826284,1,"Music, Pop, Teen Pop",Монеточка
EDITORIAL_PLAYLIST,20250303,2055161,N/A,1741029598407,11,"Music, R&B/Soul, Soundtrack","Ariana Grande, JENNIE, Lily Rose Depp, Playboi Carti, The Weeknd"
"ARTIST_SHUFFLE_RADIO_STATION",20250317,716733,N/A,1742235828231,4,"Music, R&B/Soul, Singer/Songwriter","Brent Faiyaz"
"ARTIST_SHUFFLE_RADIO_STATION",20250411,1561914,N/A,1744364581154,10,"Music, R&B/Soul","Brent Faiyaz"
CHARTS_PLAYLIST,20250127,249725,N/A,1737962354748,2,"Hip Hop/Rap, Music","Zvonkiy, bir kyz, Рем Дигга, ния"
CHARTS_PLAYLIST,20250209,367660,N/A,1739133372709,3,"Hip Hop/Rap, Music, R&B/Soul","MACAN, Playboi Carti, The Weeknd, Zvonkiy"
CHARTS_PLAYLIST,20250211,910412,N/A,1739237538296,4,"Hip Hop/Rap, Music, R&B/Soul","Basta, HammAli & Navai, Playboi Carti, The Weeknd, Xcho, Zvonkiy, Рем Дигга"
CHARTS_PLAYLIST,20250215,397145,N/A,1739644608605,2,"Hip Hop/Rap, Music, Pop","Kazybek Kuraiysh, Zvonkiy, Рем Дигга"
CHARTS_PLAYLIST,20250216,306226,N/A,1739644203225,3,"Hip Hop/Rap, Music, Pop","Kazybek Kuraiysh, Zvonkiy"
"RELAXATION_PERSONAL_MIX_PLAYLIST",20241214,43967,N/A,1734204351708,1,"Music, Pop, Singer/Songwriter","Kazybek Kuraiysh"
"RELAXATION_PERSONAL_MIX_PLAYLIST",20250218,636325,N/A,1739906087040,3,"Music, Pop, R&B/Soul","Ayau, Brent Faiyaz, ORYNKHAN"
"RELAXATION_PERSONAL_MIX_PLAYLIST",20250219,493772,N/A,1739907283638,4,"Dance, House, Music, Pop, R&B/Soul, Singer/Songwriter","Sonder, chau, Жігіттер кв, Марія Чайковська"
PERSONAL_RADIO_STATION,20241212,346118,N/A,1734034548176,2,"Electronic, Electronica, Hip Hop/Rap, Music, R&B/Soul","Jacques B, beamglow"
PERSONAL_RADIO_STATION,20241216,45906,N/A,1734349783190,1,"Electronic, Music",MRL
PERSONAL_RADIO_STATION,20250206,491685,N/A,1738858727444,4,"Adult Alternative, Alternative, Electronic, Electronica, Hip Hop/Rap, Indie Rock, Music, R&B/Soul, Rock","LL Clawz, beamglow, dopuu, my bloody valentine"
DISCOVERY_RADIO_STATION,20250206,539561,N/A,1738867149889,4,"Dance, Hip Hop/Rap, Music, Rap","ADTurnUp, The Pineears, internetBoi, johan333"
DISCOVERY_RADIO_STATION,20250218,33951,N/A,1739904709017,1,"Adult Alternative, Alternative, College Rock, Indie Rock, Music, Rock","Mac DeMarco"
QUERY_RADIO_STATION,20241210,464876,N/A,1733868191025,3,"Hip Hop/Rap, Music, Rock, Singer/Songwriter","Miyagi & Эндшпиль, Земфира, Марія Чайковська"
"UPBEAT_PERSONAL_MIX_PLAYLIST",20250217,313795,N/A,1739782344752,5,"Alternative, Hip Hop/Rap, Music, Pop, Pop/Rock, R&B/Soul, Rock","21 Savage, Blur, Lil Baby, The Police, The Weeknd, beabadoobee"
"FAVOURITE_PERSONAL_MIX_PLAYLIST",20250218,273491,N/A,1739904623053,2,"Electronic, Music, Pop","DJ Guih Da ZO, MC Pogba, Иван Дорн"
CURATOR_PLAYLIST,20250130,228900,N/A,1738219051481,3,"Baile Funk, Brazilian, Dance, Electronic, Funk, IDM/Experimental, Music, R&B/Soul","DJ ANXVAR, Lurk, MC LONE, Scythermane, cvzxeov, luc wall, løøm"
