Country,"Container Name","Impression Create Date",Location,"Recommendation ID"
Kazakhstan,"XXXTENTACION - ?",20250302,FY.Module.Genre,"89542848-b794-48e1-bcb8-eca72c190e90~f4bb7ed8-9d9c-4086-947c-a55dc1b8f039~15"
Kazakhstan,"Brent Faiyaz - Larger Than Life",20250302,FY.Module.Genre,"89542848-b794-48e1-bcb8-eca72c190e90~f4bb7ed8-9d9c-4086-947c-a55dc1b8f039~15"
Kazakhstan,"Tyler, The Creator - CHROMAKOPIA",20250302,FY.Module.Genre,"89542848-b794-48e1-bcb8-eca72c190e90~f4bb7ed8-9d9c-4086-947c-a55dc1b8f039~15"
Kazakhstan,"Ashbeck - Local - Single",20250302,FY.Module.Genre,"89542848-b794-48e1-bcb8-eca72c190e90~f4bb7ed8-9d9c-4086-947c-a55dc1b8f039~15"
Kazakhstan,"T-Fest & Скриптонит - Ламбада - Single",20250302,FY.Module.MoreLike.Album,"89542848-b794-48e1-bcb8-eca72c190e90~0b5435bd-3532-4c2b-b625-7ef994a88956~15"
Kazakhstan,"OG Buda - Вина (feat. 17 SEVENTEEN & MAYOT) - Single",20250302,FY.Module.MoreLike.Album,"89542848-b794-48e1-bcb8-eca72c190e90~0b5435bd-3532-4c2b-b625-7ef994a88956~15"
Kazakhstan,"OG Buda - Tourlife - Single",20250302,FY.Module.MoreLike.Album,"89542848-b794-48e1-bcb8-eca72c190e90~0b5435bd-3532-4c2b-b625-7ef994a88956~15"
Kazakhstan,"LIL MORTY - I Am Cute - Single",20250302,FY.Module.MoreLike.Album,"89542848-b794-48e1-bcb8-eca72c190e90~0b5435bd-3532-4c2b-b625-7ef994a88956~15"
Kazakhstan,"Darkhan Juzz - Quralai - Single",20250302,FY.Module.MoreLike.Album,"89542848-b794-48e1-bcb8-eca72c190e90~6a916f09-135d-46d2-9510-6a470ecd9f44~15"
Kazakhstan,"Kazybek Kuraiysh - Korkemim - Single",20250302,FY.Module.MoreLike.Album,"89542848-b794-48e1-bcb8-eca72c190e90~6a916f09-135d-46d2-9510-6a470ecd9f44~15"
Kazakhstan,"Moldanazar - Mahabbatym - Single",20250302,FY.Module.MoreLike.Album,"89542848-b794-48e1-bcb8-eca72c190e90~6a916f09-135d-46d2-9510-6a470ecd9f44~15"
Kazakhstan,"ZAQ - Nahurysyp (feat. De Lacure & Ne1tron) - Single",20250302,FY.Module.MoreLike.Album,"89542848-b794-48e1-bcb8-eca72c190e90~6a916f09-135d-46d2-9510-6a470ecd9f44~15"
Kazakhstan,"Novulent - Vol. 1",20250302,"FUSE.ForYou.Module.Friends.Listening","89542848-b794-48e1-bcb8-eca72c190e90~1225b175-938a-43fb-afbe-4589f7cbb2df~11"
Kazakhstan,"chipbagov - Tak Tak Funk (Remixes) - Single",20250302,FY.Module.Genre,"89542848-b794-48e1-bcb8-eca72c190e90~06fb938f-cc9e-40ff-8fd2-0b8f0ae6f004~15"
Kazakhstan,"DJ ANXVAR & MC LONE - VAPO DO VAPO - EP",20250302,FY.Module.Genre,"89542848-b794-48e1-bcb8-eca72c190e90~06fb938f-cc9e-40ff-8fd2-0b8f0ae6f004~15"
Kazakhstan,"atic & onensx - Patrepã - EP",20250302,FY.Module.Genre,"89542848-b794-48e1-bcb8-eca72c190e90~06fb938f-cc9e-40ff-8fd2-0b8f0ae6f004~15"
Kazakhstan,"LISA - Alter Ego",20250302,"FUSE.ForYou.Module.Friends.Listening","89542848-b794-48e1-bcb8-eca72c190e90~1225b175-938a-43fb-afbe-4589f7cbb2df~11"
Kazakhstan,"Scythermane & NXGHT! - Nunca Muda? - Single",20250302,FY.Module.Genre,"89542848-b794-48e1-bcb8-eca72c190e90~06fb938f-cc9e-40ff-8fd2-0b8f0ae6f004~15"
Kazakhstan,"G-DRAGON - Übermensch",20250302,"FUSE.ForYou.Module.Friends.Listening","89542848-b794-48e1-bcb8-eca72c190e90~1225b175-938a-43fb-afbe-4589f7cbb2df~11"
Kazakhstan,"akiaura Radio",20250302,"FUSE.ForYou.Module.Friends.Listening","89542848-b794-48e1-bcb8-eca72c190e90~1225b175-938a-43fb-afbe-4589f7cbb2df~11"
Kazakhstan,"KREZUS, askat & Mc Lysa - Vai Me Bota (Hardstyle Remix) - EP",20250302,FY.Module.Genre,"89542848-b794-48e1-bcb8-eca72c190e90~06fb938f-cc9e-40ff-8fd2-0b8f0ae6f004~15"
Kazakhstan,N/A,20250302,,"89542848-b794-48e1-bcb8-eca72c190e90~c437b218-44c2-4abf-9c4d-7a7cdab4ba25~15"
Kazakhstan,"chipbagov, IMMORTAL PLAYA & SCARIONIX - 2007 Funk - EP",20250302,"FUSE.ForYou.Module.Album.New","89542848-b794-48e1-bcb8-eca72c190e90~d167dca4-a9fe-4590-a724-f764c0479636~9"
Kazakhstan,"beamglow - SILENCED - EP",20250302,"FUSE.ForYou.Module.Album.New","89542848-b794-48e1-bcb8-eca72c190e90~d167dca4-a9fe-4590-a724-f764c0479636~9"
Kazakhstan,"TOKYOPHILE - Montagem Pixel Estelar 1.0 - EP",20250302,"FUSE.ForYou.Module.Album.New","89542848-b794-48e1-bcb8-eca72c190e90~d167dca4-a9fe-4590-a724-f764c0479636~9"
Kazakhstan,"Ayau Radio",20250302,FY.Module.StationsForYou,"89542848-b794-48e1-bcb8-eca72c190e90~dc011cd1-f3b7-4c84-b0a9-1b917ff3b7af~20"
Kazakhstan,N/A,20250302,FY.Module.MoodsForYou,"89542848-b794-48e1-bcb8-eca72c190e90~e2d8d8b6-a0d0-4e33-b57b-305787cee16e~24"
Kazakhstan,N/A,20250302,FY.Module.MoodsForYou,"89542848-b794-48e1-bcb8-eca72c190e90~e2d8d8b6-a0d0-4e33-b57b-305787cee16e~24"
Kazakhstan,N/A,20250302,FY.Module.MoodsForYou,"89542848-b794-48e1-bcb8-eca72c190e90~e2d8d8b6-a0d0-4e33-b57b-305787cee16e~24"
Kazakhstan,N/A,20250302,FY.Module.MoodsForYou,"89542848-b794-48e1-bcb8-eca72c190e90~e2d8d8b6-a0d0-4e33-b57b-305787cee16e~24"
Kazakhstan,N/A,20250302,FY.Module.MoodsForYou,"89542848-b794-48e1-bcb8-eca72c190e90~e2d8d8b6-a0d0-4e33-b57b-305787cee16e~24"
Kazakhstan,N/A,20250302,FY.Module.MoodsForYou,"89542848-b794-48e1-bcb8-eca72c190e90~e2d8d8b6-a0d0-4e33-b57b-305787cee16e~24"
Kazakhstan,N/A,20250302,FY.Module.MoodsForYou,"89542848-b794-48e1-bcb8-eca72c190e90~e2d8d8b6-a0d0-4e33-b57b-305787cee16e~24"
Kazakhstan,"Empire Of The Sun - Ask That God (Deluxe)",20250302,"FUSE.ForYou.Module.Album.New","89542848-b794-48e1-bcb8-eca72c190e90~d167dca4-a9fe-4590-a724-f764c0479636~9"
Kazakhstan,N/A,20250302,FY.Module.StationsForYou,"89542848-b794-48e1-bcb8-eca72c190e90~dc011cd1-f3b7-4c84-b0a9-1b917ff3b7af~20"
Kazakhstan,N/A,20250302,FY.Module.StationsForYou,"89542848-b794-48e1-bcb8-eca72c190e90~dc011cd1-f3b7-4c84-b0a9-1b917ff3b7af~20"
Kazakhstan,"21 Savage Radio",20250302,FY.Module.StationsForYou,"89542848-b794-48e1-bcb8-eca72c190e90~dc011cd1-f3b7-4c84-b0a9-1b917ff3b7af~20"
Kazakhstan,"MRL Radio",20250302,FY.Module.StationsForYou,"89542848-b794-48e1-bcb8-eca72c190e90~dc011cd1-f3b7-4c84-b0a9-1b917ff3b7af~20"
Kazakhstan,"New Music Mix",20250302,FY.Module.MadeForYou,"89542848-b794-48e1-bcb8-eca72c190e90~0acaf675-5778-48c6-949a-4bbf877743cc~6"
Kazakhstan,"Chill Mix",20250302,FY.Module.MadeForYou,"89542848-b794-48e1-bcb8-eca72c190e90~0acaf675-5778-48c6-949a-4bbf877743cc~6"
Kazakhstan,"Get Up! Mix",20250302,FY.Module.MadeForYou,"89542848-b794-48e1-bcb8-eca72c190e90~0acaf675-5778-48c6-949a-4bbf877743cc~6"
Kazakhstan,"Radiohead - Paranoid Android - EP",20250302,FY.Module.MoreLike.Album,"89542848-b794-48e1-bcb8-eca72c190e90~d688b25a-245d-4622-b42b-583f142a4e3c~15"
Kazakhstan,"Kaiser Chiefs - Yours Truly, Angry Mob (Deluxe)",20250302,FY.Module.MoreLike.Album,"89542848-b794-48e1-bcb8-eca72c190e90~d688b25a-245d-4622-b42b-583f142a4e3c~15"
Kazakhstan,"Matt Bellamy - Cryosleep",20250302,FY.Module.MoreLike.Album,"89542848-b794-48e1-bcb8-eca72c190e90~d688b25a-245d-4622-b42b-583f142a4e3c~15"
Kazakhstan,"The Strokes - First Impressions of Earth",20250302,FY.Module.MoreLike.Album,"89542848-b794-48e1-bcb8-eca72c190e90~d688b25a-245d-4622-b42b-583f142a4e3c~15"
Kazakhstan,"The Neighbourhood - Chip Chrome & The Mono-Tones",20250302,FY.Module.Genre,"89542848-b794-48e1-bcb8-eca72c190e90~2104f236-2f33-48fe-ae23-ac38cac5a67d~15"
Kazakhstan,"Arctic Monkeys - Humbug (Bonus Track Version)",20250302,FY.Module.Genre,"89542848-b794-48e1-bcb8-eca72c190e90~2104f236-2f33-48fe-ae23-ac38cac5a67d~15"
Kazakhstan,N/A,20250302,FY.Module.Genre,"89542848-b794-48e1-bcb8-eca72c190e90~2104f236-2f33-48fe-ae23-ac38cac5a67d~15"
Kazakhstan,"Cults - Gilded Lily - EP",20250302,FY.Module.Genre,"89542848-b794-48e1-bcb8-eca72c190e90~2104f236-2f33-48fe-ae23-ac38cac5a67d~15"
Kazakhstan,"M'Dee - asyl janym - Single",20250302,FY.Module.TopPicks,"89542848-b794-48e1-bcb8-eca72c190e90~084bbe61-926e-42be-a851-112c33034a5f~19"
Kazakhstan,N/A,20250302,"FUSE.ForYou.Module.Recently.Played","89542848-b794-48e1-bcb8-eca72c190e90~eab4ede4-ab67-4ee0-b2be-55b7970e3268~7|1740899201072"
Kazakhstan,N/A,20250302,"FUSE.ForYou.Module.Recently.Played","89542848-b794-48e1-bcb8-eca72c190e90~eab4ede4-ab67-4ee0-b2be-55b7970e3268~7|1740899201072"
Kazakhstan,N/A,20250302,"FUSE.ForYou.Module.Recently.Played","89542848-b794-48e1-bcb8-eca72c190e90~eab4ede4-ab67-4ee0-b2be-55b7970e3268~7|1740899201072"
Kazakhstan,N/A,20250302,"FUSE.ForYou.Module.Recently.Played","89542848-b794-48e1-bcb8-eca72c190e90~eab4ede4-ab67-4ee0-b2be-55b7970e3268~7|1740899201072"
Kazakhstan,N/A,20250302,FY.Module.TopPicks,"89542848-b794-48e1-bcb8-eca72c190e90~084bbe61-926e-42be-a851-112c33034a5f~19"
Kazakhstan,"21 Savage Radio",20250302,FY.Module.TopPicks,"89542848-b794-48e1-bcb8-eca72c190e90~084bbe61-926e-42be-a851-112c33034a5f~19"
Kazakhstan,N/A,20250227,"FUSE.ForYou.Module.Recently.Played","79c57aaf-d87e-4a4c-a575-7aa8036fe121~d70b720d-d4ae-48cf-a514-462badf52170~7|1740674509585"
Kazakhstan,"TaeKobain - Street Gospel (feat. C5GEEKN) - Single",20250227,FY.Module.TopPicks,"79c57aaf-d87e-4a4c-a575-7aa8036fe121~f7966ff5-b877-4ce9-be4a-2db97ab77402~19"
Kazakhstan,N/A,20250227,"FUSE.ForYou.Module.Recently.Played","79c57aaf-d87e-4a4c-a575-7aa8036fe121~d70b720d-d4ae-48cf-a514-462badf52170~7|1740674509585"
Kazakhstan,N/A,20250227,"FUSE.ForYou.Module.Recently.Played","79c57aaf-d87e-4a4c-a575-7aa8036fe121~d70b720d-d4ae-48cf-a514-462badf52170~7|1740674509585"
Kazakhstan,N/A,20250227,"FUSE.ForYou.Module.Recently.Played","79c57aaf-d87e-4a4c-a575-7aa8036fe121~d70b720d-d4ae-48cf-a514-462badf52170~7|1740674509585"
Kazakhstan,"Heavy Rotation Mix",20250227,FY.Module.TopPicks,"79c57aaf-d87e-4a4c-a575-7aa8036fe121~f7966ff5-b877-4ce9-be4a-2db97ab77402~19"
Kazakhstan,N/A,20250227,FY.Module.TopPicks,"79c57aaf-d87e-4a4c-a575-7aa8036fe121~f7966ff5-b877-4ce9-be4a-2db97ab77402~19"
