"Total Plays","Last Plays in Sequence","Entry Creation Date","Entry Modification Date","Container Type","Container Description","Track Description","Ignore for recommendations",Country,"Container Reference","Track Reference"
1,1,2025-04-16T16:02:08.340Z,2025-04-16T16:02:08.418Z,Album,"SHY Martin - Sad Songs - EP",N/A,false,Kazakhstan,1523359680,N/A
1,1,2025-04-16T16:01:51.912Z,2025-04-16T16:01:52.357Z,Playlist,N/A,N/A,false,Kazakhstan,"pl.464c6868d80d4c0891e22568c234829f",N/A
1,1,2025-04-16T16:01:06.776Z,2025-04-16T16:01:06.805Z,Playlist,"Sad Songs.",N/A,false,Kazakhstan,"pl.222accb2c6e1449080267efb37c1b278",N/A
1,1,2025-04-16T11:42:17.121Z,2025-04-16T11:42:17.430Z,Album,"Chill Bros Studios & The Remix Station - Fragile (from ""Adolescence"") [lofi] - Single",N/A,false,Kazakhstan,1802981146,N/A
204,1,2025-04-16T11:00:13.233Z,2025-04-16T11:00:22.233Z,Playlist,"Favourite Songs",N/A,false,Kazakhstan,2,N/A
5,1,2025-04-11T12:20:07.656Z,2025-04-11T12:29:51.656Z,Album,"Drake - Take Care (Deluxe Version)",N/A,false,Kazakhstan,1440642493,N/A
12,1,2025-04-11T12:14:18.093Z,2025-04-11T12:14:18.093Z,Playlist,sprıng,N/A,false,Kazakhstan,256000769,N/A
2,1,2025-04-11T12:10:34.093Z,2025-04-11T12:14:18.093Z,Album,"Brent Faiyaz & Joony - Paper Soldier - Single",N/A,false,Kazakhstan,1717688265,N/A
1,1,2025-04-11T11:59:53.909Z,2025-04-11T11:59:53.909Z,Album,"Brent Faiyaz - Fuck the World",N/A,false,Kazakhstan,1488013862,N/A
8,1,2025-04-11T06:31:04.900Z,2025-04-11T06:31:04.900Z,"Radio Station",N/A,N/A,false,Kazakhstan,ra.a-960127446,N/A
1,1,2025-04-09T19:14:57.938Z,2025-04-09T19:14:58.068Z,Album,"AC/DC - Back In Black",N/A,false,Kazakhstan,574050396,N/A
9,1,2025-04-06T13:21:01.615Z,2025-04-06T13:21:01.666Z,Album,"Arctic Monkeys - Whatever People Say I Am, That's What I'm Not",N/A,false,Kazakhstan,111153953,N/A
8,1,2025-03-29T23:15:00.446Z,2025-03-29T23:15:00.468Z,Album,"Cigarettes After Sex - X's",N/A,false,Kazakhstan,1783182368,N/A
1,1,2025-03-29T21:47:03.834Z,2025-03-29T21:47:03.834Z,Album,"Cigarettes After Sex - Cry",N/A,false,Kazakhstan,1476598231,N/A
35,1,2025-03-29T21:46:39.193Z,2025-03-29T22:01:56.193Z,Playlist,cas<3,N/A,false,Kazakhstan,256000517,N/A
12,1,2025-03-28T17:23:02.276Z,2025-03-28T17:23:02.276Z,"Radio Station",N/A,N/A,false,Kazakhstan,ra.q-MNDEBw,N/A
65,1,2025-03-28T16:13:26.171Z,2025-03-28T16:13:26.171Z,Album,"А'Студио - Джулия",N/A,false,Kazakhstan,1586634870,N/A
12,1,2025-03-25T20:17:09.712Z,2025-03-25T20:17:09.712Z,"Radio Station",N/A,N/A,false,Kazakhstan,"ra.q-GAI6IDVlNjgyZmY5ZGNmYWNhYzcxYWJiNzBmZjc1N2FhOTVm",N/A
1,1,2025-03-24T22:46:23.669Z,2025-03-24T22:46:23.669Z,Album,"Justin Bieber - Journals",N/A,false,Kazakhstan,1440861853,N/A
1,1,2025-03-21T21:33:47.490Z,2025-03-21T21:33:47.531Z,Album,"Ark Patrol - Let Go (feat. Veronika Redd) - Single",N/A,false,Kazakhstan,1682525454,N/A
5,1,2025-03-17T20:26:36.659Z,2025-03-17T20:26:36.659Z,Album,"Kylie Minogue - Fever (Deluxe Edition)",N/A,false,Kazakhstan,726320287,N/A
1,1,2025-03-17T20:25:36.458Z,2025-03-17T20:25:36.458Z,Album,"Leat'eq - Tokyo - Single",N/A,false,Kazakhstan,1737506767,N/A
1,1,2025-03-17T20:20:27.968Z,2025-03-17T20:20:28.006Z,Album,"Various Artists - Fifty Shades of Grey (Original Motion Picture Soundtrack)",N/A,false,Kazakhstan,1440845197,N/A
1,1,2025-03-17T12:07:37.824Z,2025-03-17T12:07:37.824Z,Album,"Buray - 1 Şişe Aşk",N/A,false,Kazakhstan,1019165287,N/A
8,1,2025-03-16T10:00:35.267Z,2025-03-16T10:00:36.724Z,Album,"Various Artists - The Fast and the Furious: Tokyo Drift (Original Motion Picture Soundtrack)",N/A,false,Kazakhstan,1440773622,N/A
3,1,2025-03-13T08:56:28.373Z,2025-03-13T16:35:39.151Z,Album,"The Subways - Rock & Roll Queen - Single",N/A,false,Kazakhstan,89225038,N/A
1,1,2025-03-07T12:19:06.070Z,2025-03-07T12:21:45.086Z,Album,"Ollane - Touch the Sky (feat. Miyagi) - Single",N/A,false,Kazakhstan,1509667348,N/A
26,1,2025-03-07T10:07:02.238Z,2025-03-07T10:07:02.303Z,Album,"Kendrick Lamar - GNX",N/A,false,Kazakhstan,1781270319,N/A
7,1,2025-03-06T07:49:36.981Z,2025-03-06T07:49:38.850Z,Album,"Basta - Моя Вселенная - Single",N/A,false,Kazakhstan,850464275,N/A
2,1,2025-03-04T20:04:03.983Z,2025-03-04T20:04:04.109Z,Album,"TARA202 - Магистрали - Single",N/A,false,Kazakhstan,1455520437,N/A
2,1,2025-03-04T18:44:02.179Z,2025-03-04T18:44:02.306Z,Album,"lucidbeatz & Emilia Ali - You & I - Single",N/A,false,Kazakhstan,1716417997,N/A
9,1,2025-03-04T05:12:33.381Z,2025-03-04T05:12:34.979Z,Album,"ARO - Aigyr - Single",N/A,false,Kazakhstan,1514005263,N/A
12,1,2025-03-03T19:02:59.909Z,2025-03-03T19:03:00.557Z,Playlist,N/A,N/A,false,Kazakhstan,"pl.659f6a1cac0f4232ad19d1a2cfdc9fb8",N/A
4,1,2025-03-03T08:41:50.379Z,2025-03-03T08:41:51.073Z,Album,"alan vuong - DEEP IN YOUR SOUL - Single",N/A,false,Kazakhstan,1794071359,N/A
5,1,2025-03-03T05:53:11.749Z,2025-03-03T05:53:11.884Z,Album,"Radiohead - The Bends",N/A,false,Kazakhstan,1097862703,N/A
3,1,2025-03-02T18:27:37.538Z,2025-03-02T18:27:37.724Z,Album,"Медеу Арынбаев - Есімде - Single",N/A,false,Kazakhstan,1722580703,N/A
3,1,2025-03-02T18:24:11.042Z,2025-03-02T18:24:11.125Z,Album,"Kairat Nurtas - Үздік Әндер, Vol. 5",N/A,false,Kazakhstan,1544731881,N/A
24,1,2025-03-02T18:23:46.292Z,2025-03-02T18:23:46.437Z,Playlist,"Love Song in Russian Essentials",N/A,false,Kazakhstan,256000525,N/A
15,1,2025-03-02T18:04:33.578Z,2025-03-02T18:04:33.707Z,Album,"Radiohead - Creep - EP",N/A,false,Kazakhstan,1112408383,N/A
3,1,2025-03-02T18:00:20.372Z,2025-03-02T18:00:20.464Z,Album,"Muse - Black Holes and Revelations",N/A,false,Kazakhstan,992221994,N/A
4,1,2025-03-02T17:27:24.676Z,2025-03-02T17:27:24.676Z,Album,"ARO - S.Ó.Seni - Single",N/A,false,Kazakhstan,1528113197,N/A
2,1,2025-03-02T14:21:01.940Z,2025-03-02T14:34:35.940Z,Album,"Charli xcx - BRAT",N/A,false,Kazakhstan,1739079974,N/A
73,1,2025-03-02T07:54:08.741Z,2025-03-02T07:54:08.783Z,Album,"Arctic Monkeys - AM",N/A,false,Kazakhstan,663097964,N/A
8,1,2025-03-02T07:08:09.378Z,2025-03-02T07:08:09.426Z,"Radio Station",N/A,N/A,false,Kazakhstan,ra.q-MI4G,N/A
48,1,2025-03-02T07:07:01.896Z,2025-03-02T07:07:01.957Z,"Radio Station",N/A,N/A,false,Kazakhstan,"ra.u-5e682ff9dcfacac71abb70ff757aa95f",N/A
4,1,2025-03-01T09:30:38.173Z,2025-03-01T09:30:38.397Z,Album,"Tony Tonite - Я хотел бы знать (feat. Кравц) - Single",N/A,false,Kazakhstan,1111571529,N/A
2,1,2025-03-01T02:27:00.127Z,2025-03-01T02:27:00.291Z,Album,"Justin Timberlake - Justified",N/A,false,Kazakhstan,252606580,N/A
3,1,2025-03-01T02:26:52.957Z,2025-03-01T02:26:53.016Z,Album,"Portugal. The Man - Woodstock",N/A,false,Kazakhstan,1229315038,N/A
8,1,2025-03-01T02:21:23.018Z,2025-03-01T02:21:23.181Z,Album,"FACE - Baby - Single",N/A,false,Kazakhstan,1282327658,N/A
5,1,2025-03-01T02:17:54.118Z,2025-03-01T02:17:54.236Z,Album,"Кот Балу - О моей любви (feat. Santiz & QB) - Single",N/A,false,Kazakhstan,1688697386,N/A
