"Container Description","Container Type",Origin,"Date Created","Play Duration Milliseconds","Artist Name","Last Played","Play Count",Genres,Artists
"‘25 calm",PLAYLIST,USER_PLAYLIST,20241231,1663852,N/A,1735681341465,8,"Adult Alternative, Alternative, Alternative Rap, College Rock, Hip Hop/Rap, Indie Rock, Music, Rap, Rock","21 Savage, Arctic Monkeys, Cigarettes After Sex, Lil Peep, Mac DeMarco, Trippie Redd, XXXTENTACION, Ирина Кайратовна"
"‘25 calm",PLAYLIST,USER_PLAYLIST,20250101,8105176,N/A,1735758279324,41,"Adult Alternative, Alternative, Alternative Rap, College Rock, Dance, Hip Hop/Rap, Indie Rock, Music, Pop, R&B/Soul, Rap, Rock, Teen Pop, Underground Rap","21 Savage, Anitta, Arctic Monkeys, Chris Isaak, Cigarettes After Sex, Everything But the Girl, Gorillaz, Lil Peep, Mac DeMarco, Strawberry Guy, TaeKobain, The Police, The Weeknd, Todd Terry, Trippie Redd, XXXTENTACION, Ирина Кайратовна, Монеточка"
"‘25 calm",PLAYLIST,USER_PLAYLIST,20250102,1659506,N/A,1735835513596,12,"Adult Alternative, Alternative, College Rock, Dance, Hip Hop/Rap, Indie Rock, Music, Pop, R&B/Soul, Rock","Arctic Monkeys, Cigarettes After Sex, Everything But the Girl, Gorillaz, Mac DeMarco, TaeKobain, Todd Terry"
"‘25 calm",PLAYLIST,USER_PLAYLIST,20250103,809675,N/A,1735885964009,6,"Dance, Hip Hop/Rap, Music, Pop, R&B/Soul, Rock","Anitta, Everything But the Girl, TaeKobain, The Police, The Weeknd, Todd Terry"
"‘25 calm",PLAYLIST,USER_PLAYLIST,20250104,1697973,N/A,1735992220527,8,"Adult Alternative, Alternative, Alternative Rap, Hip Hop/Rap, Indie Rock, Music, Pop, Rap, Rock, Underground Rap","Chris Isaak, Cigarettes After Sex, Gorillaz, Lil Peep, Mac DeMarco, Ирина Кайратовна"
"‘25 calm",PLAYLIST,USER_PLAYLIST,20250105,2301104,N/A,1736112595735,10,"Alternative, Alternative Rap, Hip Hop/Rap, Music, R&B/Soul, Rap, Rock","21 Savage, Chris Isaak, Cigarettes After Sex, Gorillaz, Lil Peep, TaeKobain"
"‘25 calm",PLAYLIST,USER_PLAYLIST,20250106,1046488,N/A,1736170699565,7,"Adult Alternative, Alternative, Alternative Rap, Hip Hop/Rap, Indie Rock, Music, Rock","Arctic Monkeys, Chris Isaak, Cigarettes After Sex, Lil Peep, The Police, Ирина Кайратовна"
"‘25 calm",PLAYLIST,USER_PLAYLIST,20250107,293757,N/A,1736243239272,3,"Adult Alternative, Alternative, Alternative Rap, Dance, Hip Hop/Rap, Indie Rock, Music, Pop, Rap, Rock","Arctic Monkeys, Everything But the Girl, Lil Peep, Todd Terry"
"‘25 calm",PLAYLIST,USER_PLAYLIST,20250115,1251084,N/A,1736935534305,6,"Adult Alternative, Alternative, Hip Hop/Rap, Indie Rock, Music, Rock","Arctic Monkeys, Cigarettes After Sex, Nirvana, The Police, Ирина Кайратовна"
"‘25 calm",PLAYLIST,USER_PLAYLIST,20250122,205874,N/A,1737567620871,1,"Music, Rock","The Police"
"‘25 calm",PLAYLIST,USER_PLAYLIST,20250123,93607,N/A,1737626046444,1,"Hip Hop/Rap, Music","Trippie Redd, XXXTENTACION"
"‘25 calm",PLAYLIST,USER_PLAYLIST,20250209,2085153,N/A,1739099660539,11,"Adult Alternative, Alternative, Alternative Rap, Dance, Electronic, Hip Hop/Rap, Indie Rock, Music, Pop, Rap, Rock, Teen Pop, Underground Rap","21 Savage, Arctic Monkeys, Empire Of The Sun, Everything But the Girl, Gorillaz, Nirvana, Todd Terry, Ирина Кайратовна, Монеточка"
"Favorite Songs",PLAYLIST,FAVORITE_SONGS_PLAYLIST,20241202,121160,N/A,1733158788670,1,"Music, Pop",Blur
"Favorite Songs",PLAYLIST,FAVORITE_SONGS_PLAYLIST,20241203,177180,N/A,1733219177633,2,"Contemporary R&B, Hardcore Rap, Hip Hop/Rap, Music, R&B/Soul, Rap","Drake, Metro Boomin"
"Favorite Songs",PLAYLIST,FAVORITE_SONGS_PLAYLIST,20241204,135021,N/A,1733332306250,1,"Music, Rock",Nirvana
"Favorite Songs",PLAYLIST,FAVORITE_SONGS_PLAYLIST,20241210,722871,N/A,1733866273256,4,"Alternative, Hip Hop/Rap, Music, Pop, Rock","Blur, Metro Boomin, The Police, Валентин Стрыкало"
"Favorite Songs",PLAYLIST,FAVORITE_SONGS_PLAYLIST,20241212,64581,N/A,1734031588864,1,"Hip Hop/Rap, Music","Metro Boomin"
"Favorite Songs",PLAYLIST,FAVORITE_SONGS_PLAYLIST,20241220,311036,N/A,1734721571676,2,"Alternative, Electronic, Music, Rock","MC GW, MRL, Валентин Стрыкало"
"Favorite Songs",PLAYLIST,FAVORITE_SONGS_PLAYLIST,20241221,702352,N/A,1734777639921,3,"Alternative, Music, Rock","Radiohead, The Neighbourhood, The Police"
"Favorite Songs",PLAYLIST,FAVORITE_SONGS_PLAYLIST,20241231,694564,N/A,1735643577881,4,"Adult Alternative, Alternative, Contemporary R&B, Hardcore Rap, Hip Hop/Rap, Indie Rock, Music, R&B/Soul, Rap, Rock","Arctic Monkeys, Drake, Nirvana, The Police"
"Favorite Songs",PLAYLIST,FAVORITE_SONGS_PLAYLIST,20250302,2525382,N/A,1740936970877,17,"Alternative, Electronic, Hip Hop/Rap, Indie Rock, Music, Pop, Rock, Soundtrack","Blur, Emilia Ali, Nirvana, TARA202, Teriyaki Boyz, alan vuong, lucidbeatz, Валентин Стрыкало"
"Favorite Songs",PLAYLIST,FAVORITE_SONGS_PLAYLIST,20250306,105134,N/A,1741260955581,1,"Hip Hop/Rap, Music",Gorillaz
"Favorite Songs",PLAYLIST,FAVORITE_SONGS_PLAYLIST,20250313,3073152,N/A,1741900376114,19,"Adult Alternative, Alternative, Alternative Rap, Brazilian, Dance, Disco, Electronic, Hip Hop/Rap, House, Indie Rock, Music, Pop, R&B/Soul, Rap, Rock, Singer/Songwriter, Underground Rap","Basta, Emilia Ali, FACE, Gorillaz, IMMORTAL PLAYA, M'Dee, Muse, OWEEK, Ollane, SCARIONIX, The Weeknd, Timati, Vendredi sur Mer, alan vuong, chau, chipbagov, lucidbeatz, Медеу Арынбаев, ХАНЗА"
"Favorite Songs",PLAYLIST,FAVORITE_SONGS_PLAYLIST,20250317,50739,N/A,1742243136458,1,"Brazilian, Music","IMMORTAL PLAYA, SCARIONIX, chipbagov"
"Favorite Songs",PLAYLIST,FAVORITE_SONGS_PLAYLIST,20250321,451119,N/A,1742515827275,3,"Electronic, Hip Hop/Rap, Music","Gorillaz, NBSPLV, Santiz.mc"
"Favorite Songs",PLAYLIST,FAVORITE_SONGS_PLAYLIST,20250322,720219,N/A,1742642247215,5,"Electronic, Music, Pop, Rock","Ark Patrol, Moby, NBSPLV, The American Dawn, Wavebeatmaker"
"Favorite Songs",PLAYLIST,FAVORITE_SONGS_PLAYLIST,20250324,987065,N/A,1742859223464,5,"Electronic, Hip Hop/Rap, Music, Pop","Ark Patrol, Hozier, NBSPLV, Santiz.mc, Wavebeatmaker"
"Favorite Songs",PLAYLIST,FAVORITE_SONGS_PLAYLIST,20250325,4205665,N/A,1742938205142,23,"Alternative, Dance, Downtempo, Electronic, Electronica, Hip Hop/Rap, Hip-Hop, Music, Pop, R&B/Soul, Rock","Addison Rae, Ark Patrol, Baby Keem, Bazzi, Cigarettes After Sex, Emilia Ali, Gorillaz, Kali Uchis, Kendrick Lamar, Metro Boomin, Moby, NBSPLV, Nirvana, Santiz.mc, The Police, Wavebeatmaker, Yaeji, beamglow, gtrhell, lucidbeatz, Артем Пивоваров"
"Favorite Songs",PLAYLIST,FAVORITE_SONGS_PLAYLIST,20250326,144169,N/A,1743016492432,1,"Alternative, Music","Billie Eilish"
"Favorite Songs",PLAYLIST,FAVORITE_SONGS_PLAYLIST,20250328,2535020,N/A,1743202069929,12,"Adult Alternative, Alternative, Downtempo, Electronic, Hip Hop/Rap, Indie Rock, Music, Pop, Rock","Arctic Monkeys, Ark Patrol, Billie Eilish, Hozier, MOVEMENT, NBSPLV, Radiohead, Santiz.mc, Vendredi sur Mer, Wavebeatmaker, alan vuong, gtrhell"
"Favorite Songs",PLAYLIST,FAVORITE_SONGS_PLAYLIST,20250331,123273,N/A,1743285862883,1,"Electronic, Music",MOVEMENT
"Favorite Songs",PLAYLIST,FAVORITE_SONGS_PLAYLIST,20250401,408636,N/A,1743534170965,2,"Alternative, Music","Cigarettes After Sex"
"Favorite Songs",PLAYLIST,FAVORITE_SONGS_PLAYLIST,20250403,93905,N/A,1743689792255,1,"Alternative, Music","Billie Eilish"
"Favorite Songs",PLAYLIST,FAVORITE_SONGS_PLAYLIST,20250407,306378,N/A,1744026085001,3,"Alternative, Arena Rock, Australia, Hard Rock, Heavy Metal, Music, Rock, World","AC/DC, Billie Eilish, Cigarettes After Sex"
"Favorite Songs",PLAYLIST,FAVORITE_SONGS_PLAYLIST,20250414,1416461,N/A,1744653026147,8,"Adult Alternative, Alternative, Arena Rock, Blues, Blues-Rock, British Invasion, College Rock, Country Blues, Hair Metal, Hard Rock, Heavy Metal, Jazz, Music, Pop, Pop/Rock, Psychedelic, Rock, Rock & Roll, Soft Rock, Standards, Vocal, Vocal Jazz","Bertha Tilman, Nina Simone, The Animals, The Smiths, The White Stripes, Whitesnake"
"Arctic Monkeys - AM",ALBUM,UNKNOWN,20241207,200576,N/A,1733561203045,1,"Adult Alternative, Alternative, Indie Rock, Music, Rock","Arctic Monkeys"
"Arctic Monkeys - AM",ALBUM,UNKNOWN,20241210,404155,N/A,1733819581417,2,"Adult Alternative, Alternative, Indie Rock, Music, Rock","Arctic Monkeys"
"Arctic Monkeys - AM",ALBUM,UNKNOWN,20241212,758847,N/A,1734008385784,4,"Adult Alternative, Alternative, Indie Rock, Music, Rock","Arctic Monkeys"
"Arctic Monkeys - AM",ALBUM,UNKNOWN,20241220,513857,N/A,1734697804498,3,"Adult Alternative, Alternative, Indie Rock, Music, Rock","Arctic Monkeys"
"Arctic Monkeys - AM",ALBUM,UNKNOWN,20241221,2516298,N/A,1734796885273,13,"Adult Alternative, Alternative, Indie Rock, Music, Rock","Arctic Monkeys"
"Arctic Monkeys - AM",ALBUM,UNKNOWN,20241222,462130,N/A,1734858156104,3,"Adult Alternative, Alternative, Indie Rock, Music, Rock","Arctic Monkeys"
"Arctic Monkeys - AM",ALBUM,UNKNOWN,20241223,1444437,N/A,1734944102010,9,"Adult Alternative, Alternative, Indie Rock, Music, Rock","Arctic Monkeys"
"Arctic Monkeys - AM",ALBUM,UNKNOWN,20241224,240793,N/A,1735053805537,2,"Adult Alternative, Alternative, Indie Rock, Music, Rock","Arctic Monkeys"
"Arctic Monkeys - AM",ALBUM,UNKNOWN,20241226,563977,N/A,1735250404543,3,"Adult Alternative, Alternative, Indie Rock, Music, Rock","Arctic Monkeys"
"Arctic Monkeys - AM",ALBUM,UNKNOWN,20241229,115856,N/A,1735462050187,1,"Adult Alternative, Alternative, Indie Rock, Music, Rock","Arctic Monkeys"
"Arctic Monkeys - AM",ALBUM,UNKNOWN,20241230,88665,N/A,1735554584228,1,"Adult Alternative, Alternative, Indie Rock, Music, Rock","Arctic Monkeys"
"Arctic Monkeys - AM",ALBUM,UNKNOWN,20250222,692480,N/A,1740228960537,5,"Adult Alternative, Alternative, Indie Rock, Music, Rock","Arctic Monkeys"
"Arctic Monkeys - AM",ALBUM,UNKNOWN,20250223,306668,N/A,1740314855127,2,"Adult Alternative, Alternative, Indie Rock, Music, Rock","Arctic Monkeys"
"Arctic Monkeys - AM",ALBUM,UNKNOWN,20250302,1400157,N/A,1740902149726,7,"Adult Alternative, Alternative, Indie Rock, Music, Rock","Arctic Monkeys"
"Cigarettes After Sex - Cigarettes After Sex",ALBUM,UNKNOWN,20241207,531380,N/A,1733572043602,3,"Alternative, Music","Cigarettes After Sex"
"Cigarettes After Sex - Cigarettes After Sex",ALBUM,UNKNOWN,20241212,2488187,N/A,1733713575972,9,"Alternative, Music","Cigarettes After Sex"
"Cigarettes After Sex - Cigarettes After Sex",ALBUM,UNKNOWN,20241213,216387,N/A,1734103871857,1,"Alternative, Music","Cigarettes After Sex"
"Cigarettes After Sex - Cigarettes After Sex",ALBUM,UNKNOWN,20241219,430350,N/A,1734629413829,2,"Alternative, Music","Cigarettes After Sex"
"Cigarettes After Sex - Cigarettes After Sex",ALBUM,UNKNOWN,20241223,1116026,N/A,1734945380698,4,"Alternative, Music","Cigarettes After Sex"
"Cigarettes After Sex - Cigarettes After Sex",ALBUM,UNKNOWN,20241226,933839,N/A,1735252249267,4,"Alternative, Music","Cigarettes After Sex"
"Cigarettes After Sex - Cigarettes After Sex",ALBUM,UNKNOWN,20241229,1116026,N/A,1735499196245,4,"Alternative, Music","Cigarettes After Sex"
cas<3,PLAYLIST,USER_PLAYLIST,20241226,894575,N/A,1735253998025,4,"Alternative, Music","Cigarettes After Sex"
cas<3,PLAYLIST,USER_PLAYLIST,20241228,908334,N/A,1735369522630,4,"Alternative, Music","Cigarettes After Sex"
cas<3,PLAYLIST,USER_PLAYLIST,20241230,888201,N/A,1735583915896,4,"Alternative, Music","Cigarettes After Sex"
cas<3,PLAYLIST,USER_PLAYLIST,20250118,226852,N/A,1737220710690,1,"Alternative, Music","Cigarettes After Sex"
cas<3,PLAYLIST,USER_PLAYLIST,20250213,1068637,N/A,1739484168479,4,"Alternative, Music","Cigarettes After Sex"
cas<3,PLAYLIST,USER_PLAYLIST,20250306,1259954,N/A,1741285565947,6,"Alternative, Music","Cigarettes After Sex"
"The Weeknd - Stargirl Interlude (feat. Lana Del Rey) Radio",RADIO,AUTOPLAY_RADIO_STATION,20250209,3598632,N/A,1739132231740,19,"Alternative, Hip Hop/Rap, Music, Pop, Pop/Rock, R&B/Soul, Rock","Ariana Grande, Billie Eilish, Bruno Mars, Childish Gambino, Chris Brown, Future, Justin Bieber, Kanye West, Kendrick Lamar, Metro Boomin, Ricky Hil, The Weeknd"
"The Weeknd - Stargirl Interlude (feat. Lana Del Rey) Radio",RADIO,AUTOPLAY_RADIO_STATION,20250212,419701,N/A,1739351438917,3,"Hip Hop/Rap, Music","Drake, Metro Boomin, Post Malone, Travis Scott, Young Thug"
"Kendrick Lamar - GNX",ALBUM,UNKNOWN,20250116,226971,N/A,1737049240610,2,"Hip Hop/Rap, Music","Kendrick Lamar, SZA"
"Kendrick Lamar - GNX",ALBUM,UNKNOWN,20250119,872643,N/A,1737286211412,4,"Hip Hop/Rap, Music","Kendrick Lamar, SZA"
"Kendrick Lamar - GNX",ALBUM,UNKNOWN,20250121,646774,N/A,1737449928200,3,"Hip Hop/Rap, Music","Kendrick Lamar, SZA"
"Kendrick Lamar - GNX",ALBUM,UNKNOWN,20250122,60117,N/A,1737567399573,1,"Hip Hop/Rap, Music","Kendrick Lamar"
"Kendrick Lamar - GNX",ALBUM,UNKNOWN,20250126,292461,N/A,1737885874961,1,"Hip Hop/Rap, Music","Kendrick Lamar"
"Kendrick Lamar - GNX",ALBUM,UNKNOWN,20250128,550381,N/A,1738055462284,2,"Hip Hop/Rap, Music","Kendrick Lamar"
"Kendrick Lamar - GNX",ALBUM,UNKNOWN,20250129,292461,N/A,1738172819465,1,"Hip Hop/Rap, Music","Kendrick Lamar"
"Kendrick Lamar - GNX",ALBUM,UNKNOWN,20250201,198707,N/A,1738407033852,1,"Hip Hop/Rap, Music","Kendrick Lamar"
"Kendrick Lamar - GNX",ALBUM,UNKNOWN,20250202,134334,N/A,1738501138337,2,"Hip Hop/Rap, Music","Kendrick Lamar"
"Kendrick Lamar - GNX",ALBUM,UNKNOWN,20250208,80788,N/A,1739017691309,1,"Hip Hop/Rap, Music","Kendrick Lamar"
"Sting - Ten Summoner's Tales",ALBUM,UNKNOWN,20250113,256637,N/A,1736773024736,1,"Music, Pop","А'Студио"
"Sting - Ten Summoner's Tales",ALBUM,UNKNOWN,20250115,501178,N/A,1736933158634,2,"Music, Pop","А'Студио"
"Sting - Ten Summoner's Tales",ALBUM,UNKNOWN,20250118,287375,N/A,1737190666597,1,"Music, Pop","А'Студио"
"Sting - Ten Summoner's Tales",ALBUM,UNKNOWN,20250119,179830,N/A,1737285346178,1,"Music, Pop","А'Студио"
"Sting - Ten Summoner's Tales",ALBUM,UNKNOWN,20250216,591099,N/A,1739637087225,6,"Adult Alternative, Adult Contemporary, Arena Rock, Hip Hop/Rap, Music, Pop, Pop/Rock, Rock, Soft Rock","Basta, HammAli & Navai, Sting, А'Студио, Ерлан Кокеев"
"Sting - Ten Summoner's Tales",ALBUM,UNKNOWN,20250217,238491,N/A,1739771501909,1,"Music, Pop","А'Студио"
"Sting - Ten Summoner's Tales",ALBUM,UNKNOWN,20250219,168033,N/A,1739966304442,1,"Adult Alternative, Adult Contemporary, Arena Rock, Music, Pop, Pop/Rock, Rock, Soft Rock",Sting
"Sting - Ten Summoner's Tales",ALBUM,UNKNOWN,20250222,453636,N/A,1740228031759,2,"Music, Pop","А'Студио"
"Sting - Ten Summoner's Tales",ALBUM,UNKNOWN,20250223,498912,N/A,1740313183148,2,"Music, Pop","А'Студио"
"Chris Isaak - Heart Shaped World",ALBUM,UNKNOWN,20241207,254794,N/A,1733561647346,1,"Music, Rock","Chris Isaak"
"Chris Isaak - Heart Shaped World",ALBUM,UNKNOWN,20241210,289134,N/A,1733819920317,1,"Music, Rock","Chris Isaak"
"Chris Isaak - Heart Shaped World",ALBUM,UNKNOWN,20241212,102975,N/A,1733717194176,1,"Music, Rock","Chris Isaak"
"Chris Isaak - Heart Shaped World",ALBUM,UNKNOWN,20241220,289102,N/A,1734720561830,1,"Music, Rock","Chris Isaak"
"Chris Isaak - Heart Shaped World",ALBUM,UNKNOWN,20241221,289134,N/A,1734778573287,1,"Music, Rock","Chris Isaak"
"Chris Isaak - Heart Shaped World",ALBUM,UNKNOWN,20241229,129285,N/A,1735500320139,1,"Music, Rock","Chris Isaak"
"Chris Isaak - Heart Shaped World",ALBUM,UNKNOWN,20241230,289067,N/A,1735567733988,1,"Music, Rock","Chris Isaak"
"Chris Isaak - Heart Shaped World",ALBUM,UNKNOWN,20250119,289067,N/A,1737265470585,1,"Music, Rock","Chris Isaak"
"Chris Isaak - Heart Shaped World",ALBUM,UNKNOWN,20250123,289067,N/A,1737616854848,1,"Music, Rock","Chris Isaak"
"Chris Isaak - Heart Shaped World",ALBUM,UNKNOWN,20250124,200649,N/A,1737739073072,1,"Music, Rock","Chris Isaak"
"Chris Isaak - Heart Shaped World",ALBUM,UNKNOWN,20250208,164402,N/A,1739049125863,1,"Music, Rock","Chris Isaak"
"Chris Isaak - Heart Shaped World",ALBUM,UNKNOWN,20250209,259968,N/A,1739092056376,1,"Music, Rock","Chris Isaak"
"Basta & HammAli & Navai - Где ты теперь и с кем - Single",ALBUM,UNKNOWN,20241207,233299,N/A,1733555369273,1,"Hip Hop/Rap, Music","Basta, HammAli & Navai"
"Basta & HammAli & Navai - Где ты теперь и с кем - Single",ALBUM,UNKNOWN,20241212,527353,N/A,1734008607509,4,"Hip Hop/Rap, Music","Basta, HammAli & Navai"
"Basta & HammAli & Navai - Где ты теперь и с кем - Single",ALBUM,UNKNOWN,20241213,235165,N/A,1734104107749,1,"Hip Hop/Rap, Music","Basta, HammAli & Navai"
"Basta & HammAli & Navai - Где ты теперь и с кем - Single",ALBUM,UNKNOWN,20241214,155092,N/A,1734194747894,1,"Hip Hop/Rap, Music","Basta, HammAli & Navai"
"Basta & HammAli & Navai - Где ты теперь и с кем - Single",ALBUM,UNKNOWN,20241217,114624,N/A,1734432052900,1,"Hip Hop/Rap, Music","Basta, HammAli & Navai"
"Basta & HammAli & Navai - Где ты теперь и с кем - Single",ALBUM,UNKNOWN,20241221,360737,N/A,1734797640029,1,"Hip Hop/Rap, Music","Basta, HammAli & Navai"
"Basta & HammAli & Navai - Где ты теперь и с кем - Single",ALBUM,UNKNOWN,20241226,155617,N/A,1735249716285,1,"Hip Hop/Rap, Music","Basta, HammAli & Navai"
"Basta & HammAli & Navai - Где ты теперь и с кем - Single",ALBUM,UNKNOWN,20241230,306493,N/A,1735567432727,1,"Hip Hop/Rap, Music","Basta, HammAli & Navai"
"Basta & HammAli & Navai - Где ты теперь и с кем - Single",ALBUM,UNKNOWN,20250301,306493,N/A,1740792035150,1,"Hip Hop/Rap, Music","Basta, HammAli & Navai"
N/A,RADIO,"ARTIST_SHUFFLE_RADIO_STATION",20250317,716733,"Brent Faiyaz",1742235828231,4,"Music, R&B/Soul, Singer/Songwriter","Brent Faiyaz"
N/A,RADIO,"ARTIST_SHUFFLE_RADIO_STATION",20250411,1561914,"Brent Faiyaz",1744364581154,10,"Music, R&B/Soul","Brent Faiyaz"
"21 Savage - ball w/o you Radio",RADIO,AUTOPLAY_RADIO_STATION,20241201,587656,N/A,1733043731565,3,"Hip Hop/Rap, Music","Future, Migos, Travis Scott"
"21 Savage - ball w/o you Radio",RADIO,AUTOPLAY_RADIO_STATION,20241202,1651298,N/A,1733120433134,10,"Hip Hop/Rap, Music, R&B/Soul","2 Chainz, Drake, Future, Gunna, Metro Boomin, Rich The Kid, The Weeknd, Travis Scott"
"MRL & MC GW - The Automotivo Infernal 1.0 - Purple (Slowed) - Single",ALBUM,UNKNOWN,20241204,410721,N/A,1733343087100,3,"Electronic, Music","MC GW, MRL"
"MRL & MC GW - The Automotivo Infernal 1.0 - Purple (Slowed) - Single",ALBUM,UNKNOWN,20241205,136907,N/A,1733398070809,1,"Electronic, Music","MC GW, MRL"
"MRL & MC GW - The Automotivo Infernal 1.0 - Purple (Slowed) - Single",ALBUM,UNKNOWN,20241206,172778,N/A,1733487220777,1,"Electronic, Music","MC GW, MRL"
"MRL & MC GW - The Automotivo Infernal 1.0 - Purple (Slowed) - Single",ALBUM,UNKNOWN,20241207,310561,N/A,1733568473088,2,"Electronic, Music","MC GW, MRL"
"MRL & MC GW - The Automotivo Infernal 1.0 - Purple (Slowed) - Single",ALBUM,UNKNOWN,20241212,604274,N/A,1733988403133,4,"Electronic, Music","MC GW, MRL"
"MRL & MC GW - The Automotivo Infernal 1.0 - Purple (Slowed) - Single",ALBUM,UNKNOWN,20241213,72743,N/A,1734084923344,1,"Electronic, Music","MC GW, MRL"
"MRL & MC GW - The Automotivo Infernal 1.0 - Purple (Slowed) - Single",ALBUM,UNKNOWN,20241225,190410,N/A,1735103356043,2,"Electronic, Music","MC GW, MRL"
"MRL & MC GW - The Automotivo Infernal 1.0 - Purple (Slowed) - Single",ALBUM,UNKNOWN,20241229,103749,N/A,1735462160756,1,"Electronic, Music","MC GW, MRL"
"MRL & MC GW - The Automotivo Infernal 1.0 - Purple (Slowed) - Single",ALBUM,UNKNOWN,20241231,177946,N/A,1735648104969,1,"Electronic, Music","MC GW, MRL"
N/A,PLAYLIST,EDITORIAL_PLAYLIST,20250303,2055161,N/A,1741029598407,11,"Music, R&B/Soul, Soundtrack","Ariana Grande, JENNIE, Lily Rose Depp, Playboi Carti, The Weeknd"
"Radiohead - Creep - EP",ALBUM,UNKNOWN,20241206,209432,N/A,1733487046184,1,"Alternative, Music",Radiohead
"Radiohead - Creep - EP",ALBUM,UNKNOWN,20241207,152561,N/A,1733554894700,1,"Alternative, Music",Radiohead
"Radiohead - Creep - EP",ALBUM,UNKNOWN,20241212,345891,N/A,1733989061367,2,"Alternative, Music",Radiohead
"Radiohead - Creep - EP",ALBUM,UNKNOWN,20241213,227189,N/A,1734103325645,1,"Alternative, Music",Radiohead
"Radiohead - Creep - EP",ALBUM,UNKNOWN,20241222,211770,N/A,1734859059222,1,"Alternative, Music",Radiohead
"Radiohead - Creep - EP",ALBUM,UNKNOWN,20241226,238640,N/A,1735198725340,1,"Alternative, Music",Radiohead
"Radiohead - Creep - EP",ALBUM,UNKNOWN,20241229,136707,N/A,1735462483861,1,"Alternative, Music",Radiohead
"Radiohead - Creep - EP",ALBUM,UNKNOWN,20250123,196041,N/A,1737650680785,1,"Alternative, Music",Radiohead
"Radiohead - Creep - EP",ALBUM,UNKNOWN,20250302,238640,N/A,1740939044570,1,"Alternative, Music",Radiohead
"Gorillaz - Demon Days",ALBUM,UNKNOWN,20241217,221173,N/A,1734413693813,1,"Adult Alternative, Alternative, Alternative Rap, Hip Hop/Rap, Music, Pop, Rap, Rock, Underground Rap",Gorillaz
"Gorillaz - Demon Days",ALBUM,UNKNOWN,20241221,426728,N/A,1734812516062,2,"Adult Alternative, Alternative, Alternative Rap, Hip Hop/Rap, Music, Pop, Rap, Rock, Underground Rap",Gorillaz
"Gorillaz - Demon Days",ALBUM,UNKNOWN,20241223,221173,N/A,1734939291745,1,"Adult Alternative, Alternative, Alternative Rap, Hip Hop/Rap, Music, Pop, Rap, Rock, Underground Rap",Gorillaz
"Gorillaz - Demon Days",ALBUM,UNKNOWN,20241226,221173,N/A,1735199135021,1,"Adult Alternative, Alternative, Alternative Rap, Hip Hop/Rap, Music, Pop, Rap, Rock, Underground Rap",Gorillaz
"Gorillaz - Demon Days",ALBUM,UNKNOWN,20241231,128616,N/A,1735647094797,1,"Adult Alternative, Alternative, Alternative Rap, Hip Hop/Rap, Music, Pop, Rap, Rock, Underground Rap",Gorillaz
"Gorillaz - Demon Days",ALBUM,UNKNOWN,20250119,221173,N/A,1737287127124,1,"Adult Alternative, Alternative, Alternative Rap, Hip Hop/Rap, Music, Pop, Rap, Rock, Underground Rap",Gorillaz
"Gorillaz - Demon Days",ALBUM,UNKNOWN,20250208,202134,N/A,1739018571065,1,"Adult Alternative, Alternative, Alternative Rap, Hip Hop/Rap, Music, Pop, Rap, Rock, Underground Rap",Gorillaz
"Gorillaz - Demon Days",ALBUM,UNKNOWN,20250222,285671,N/A,1740232409042,2,"Adult Alternative, Alternative, Alternative Rap, Hip Hop/Rap, Music, Pop, Rap, Rock, Underground Rap",Gorillaz
"Валентин Стрыкало - Смирись и расслабься!",ALBUM,UNKNOWN,20241204,117490,N/A,1733331957440,1,"Alternative, Music, Rock","Валентин Стрыкало"
"Валентин Стрыкало - Смирись и расслабься!",ALBUM,UNKNOWN,20241206,235968,N/A,1733487469869,1,"Alternative, Music, Rock","Валентин Стрыкало"
"Валентин Стрыкало - Смирись и расслабься!",ALBUM,UNKNOWN,20241207,681723,N/A,1733572429007,3,"Alternative, Music, Rock","Валентин Стрыкало"
"Валентин Стрыкало - Смирись и расслабься!",ALBUM,UNKNOWN,20241212,173908,N/A,1733712200313,1,"Alternative, Music, Rock","Валентин Стрыкало"
"Валентин Стрыкало - Смирись и расслабься!",ALBUM,UNKNOWN,20241213,163260,N/A,1734084668931,1,"Alternative, Music, Rock","Валентин Стрыкало"
"Валентин Стрыкало - Смирись и расслабься!",ALBUM,UNKNOWN,20241222,175869,N/A,1734858653191,1,"Alternative, Music, Rock","Валентин Стрыкало"
"Валентин Стрыкало - Смирись и расслабься!",ALBUM,UNKNOWN,20241231,165864,N/A,1735647771697,1,"Alternative, Music, Rock","Валентин Стрыкало"
"Валентин Стрыкало - Смирись и расслабься!",ALBUM,UNKNOWN,20250106,158748,N/A,1736170948848,1,"Alternative, Music, Rock","Валентин Стрыкало"
"Drake - Take Care (Deluxe Version)",ALBUM,UNKNOWN,20250328,1365110,N/A,1743194447601,5,"Hip Hop/Rap, Music",Drake
"Drake - Take Care (Deluxe Version)",ALBUM,UNKNOWN,20250411,409267,N/A,1744376017657,2,"Hip Hop/Rap, Music",Drake
"The Police - Synchronicity (Remastered 2003)",ALBUM,UNKNOWN,20241204,163796,N/A,1733327794962,1,"Music, Rock","The Police"
"The Police - Synchronicity (Remastered 2003)",ALBUM,UNKNOWN,20241212,487640,N/A,1733716535404,2,"Music, Rock","The Police"
"The Police - Synchronicity (Remastered 2003)",ALBUM,UNKNOWN,20241221,250318,N/A,1734811551338,1,"Music, Rock","The Police"
"The Police - Synchronicity (Remastered 2003)",ALBUM,UNKNOWN,20241229,253960,N/A,1735497592985,1,"Music, Rock","The Police"
"The Police - Synchronicity (Remastered 2003)",ALBUM,UNKNOWN,20241231,219414,N/A,1735647605373,1,"Music, Rock","The Police"
"The Police - Synchronicity (Remastered 2003)",ALBUM,UNKNOWN,20250118,35826,N/A,1737191962802,1,"Music, Rock","The Police"
"The Police - Synchronicity (Remastered 2003)",ALBUM,UNKNOWN,20250119,227934,N/A,1737265176750,1,"Music, Rock","The Police"
"The Police - Synchronicity (Remastered 2003)",ALBUM,UNKNOWN,20250123,135467,N/A,1737650483471,1,"Music, Rock","The Police"
"beamglow - baby do you wanna dance? (did it first) - Single",ALBUM,UNKNOWN,20250206,282662,N/A,1738876629811,2,"Electronic, Electronica, Music",beamglow
"beamglow - baby do you wanna dance? (did it first) - Single",ALBUM,UNKNOWN,20250208,352371,N/A,1739048961027,3,"Electronic, Electronica, Music",beamglow
"beamglow - baby do you wanna dance? (did it first) - Single",ALBUM,UNKNOWN,20250211,141330,N/A,1739235935106,1,"Electronic, Electronica, Music",beamglow
"beamglow - baby do you wanna dance? (did it first) - Single",ALBUM,UNKNOWN,20250213,141331,N/A,1739464727738,1,"Electronic, Electronica, Music",beamglow
"beamglow - baby do you wanna dance? (did it first) - Single",ALBUM,UNKNOWN,20250216,254070,N/A,1739724041849,2,"Electronic, Electronica, Music",beamglow
"beamglow - baby do you wanna dance? (did it first) - Single",ALBUM,UNKNOWN,20250218,141378,N/A,1739902631091,1,"Electronic, Electronica, Music",beamglow
"beamglow - baby do you wanna dance? (did it first) - Single",ALBUM,UNKNOWN,20250220,100040,N/A,1740081448126,1,"Electronic, Electronica, Music",beamglow
"beamglow - baby do you wanna dance? (did it first) - Single",ALBUM,UNKNOWN,20250222,282662,N/A,1740232131165,2,"Electronic, Electronica, Music",beamglow
"Tame Impala - The Slow Rush Radio",RADIO,AUTOPLAY_RADIO_STATION,20250219,1637561,N/A,1739968401457,8,"Adult Alternative, Alternative, Hip Hop/Rap, Indie Rock, Music, Pop, R&B/Soul, Rock","Arctic Monkeys, Childish Gambino, Gorillaz, Kid Cudi, Phoenix, Radiohead, The Neighbourhood, The Weeknd"
N/A,PLAYLIST,CHARTS_PLAYLIST,20250127,249725,N/A,1737962354748,2,"Hip Hop/Rap, Music","Zvonkiy, bir kyz, Рем Дигга, ния"
N/A,PLAYLIST,CHARTS_PLAYLIST,20250211,654348,N/A,1739237538296,3,"Hip Hop/Rap, Music","Basta, HammAli & Navai, Xcho, Zvonkiy, Рем Дигга"
N/A,PLAYLIST,CHARTS_PLAYLIST,20250215,397145,N/A,1739644608605,2,"Hip Hop/Rap, Music, Pop","Kazybek Kuraiysh, Zvonkiy, Рем Дигга"
N/A,PLAYLIST,CHARTS_PLAYLIST,20250216,306226,N/A,1739644203225,3,"Hip Hop/Rap, Music, Pop","Kazybek Kuraiysh, Zvonkiy"
"Arctic Monkeys - Secret Door Radio",RADIO,AUTOPLAY_RADIO_STATION,20250213,1576132,N/A,1739474018346,8,"Adult Alternative, Alternative, Hip Hop/Rap, Indie Rock, Music, Rock","Arctic Monkeys, Blur, Kendrick Lamar, Lana Del Rey, Miles Kane, Radiohead, Tame Impala, The Last Shadow Puppets"
"Russian Love Song Essentials",PLAYLIST,EDITORIAL_PLAYLIST,20250206,746803,N/A,1738876179732,4,"Music, Pop, Rock, Russian Pop, Singer/Songwriter","Земфира, Мурат Насыров, Наутилус Помпилиус, Света"
"Russian Love Song Essentials",PLAYLIST,EDITORIAL_PLAYLIST,20250208,86875,N/A,1739017604874,1,"Music, Rock","Наутилус Помпилиус"
"Russian Love Song Essentials",PLAYLIST,EDITORIAL_PLAYLIST,20250222,498262,N/A,1740227725289,3,"Music, Pop, Teen Pop","Монеточка, Мурат Насыров, Отпетые Мошенники"
"Russian Love Song Essentials",PLAYLIST,EDITORIAL_PLAYLIST,20250302,208145,N/A,1740939826284,1,"Music, Pop, Teen Pop",Монеточка
"21 Savage - i am > i was",ALBUM,UNKNOWN,20241207,145602,N/A,1733555515022,1,"Hip Hop/Rap, Music, Rap","21 Savage"
"21 Savage - i am > i was",ALBUM,UNKNOWN,20241210,249561,N/A,1733824320449,2,"Hip Hop/Rap, Music, Rap","21 Savage"
"21 Savage - i am > i was",ALBUM,UNKNOWN,20241221,280406,N/A,1734812310010,1,"Hip Hop/Rap, Music, Rap","21 Savage"
"21 Savage - i am > i was",ALBUM,UNKNOWN,20241226,480153,N/A,1735206826052,2,"Hip Hop/Rap, Music, Rap","21 Savage"
"21 Savage - i am > i was",ALBUM,UNKNOWN,20250107,48002,N/A,1736243483108,1,"Hip Hop/Rap, Music, Rap","21 Savage"
"21 Savage - i am > i was",ALBUM,UNKNOWN,20250208,165468,N/A,1739018365404,1,"Hip Hop/Rap, Music, Rap","21 Savage"
"21 Savage - i am > i was",ALBUM,UNKNOWN,20250222,104509,N/A,1740231579843,1,"Hip Hop/Rap, Music, Rap","21 Savage"
"Tyler, The Creator - Goblin (Deluxe Edition)",ALBUM,UNKNOWN,20250116,253387,N/A,1737049038277,1,"Hip Hop/Rap, Music","Tyler, The Creator"
"Tyler, The Creator - Goblin (Deluxe Edition)",ALBUM,UNKNOWN,20250119,477027,N/A,1737284510678,2,"Hip Hop/Rap, Music","Tyler, The Creator"
"Tyler, The Creator - Goblin (Deluxe Edition)",ALBUM,UNKNOWN,20250121,165006,N/A,1737452054993,2,"Hip Hop/Rap, Music","Tyler, The Creator"
"Tyler, The Creator - Goblin (Deluxe Edition)",ALBUM,UNKNOWN,20250128,253387,N/A,1738040668334,1,"Hip Hop/Rap, Music","Tyler, The Creator"
"Tyler, The Creator - Goblin (Deluxe Edition)",ALBUM,UNKNOWN,20250208,125220,N/A,1739017842862,1,"Hip Hop/Rap, Music","Tyler, The Creator"
"Tyler, The Creator - Goblin (Deluxe Edition)",ALBUM,UNKNOWN,20250222,198018,N/A,1740211266366,1,"Hip Hop/Rap, Music","Tyler, The Creator"
"Kendrick Lamar - DAMN.",ALBUM,UNKNOWN,20250110,178578,N/A,1736510588300,1,"Hip Hop/Rap, Music","Kendrick Lamar"
"Kendrick Lamar - DAMN.",ALBUM,UNKNOWN,20250115,173300,N/A,1736934432302,1,"Hip Hop/Rap, Music","Kendrick Lamar"
"Kendrick Lamar - DAMN.",ALBUM,UNKNOWN,20250119,383631,N/A,1737285681702,2,"Hip Hop/Rap, Music","Kendrick Lamar"
"Kendrick Lamar - DAMN.",ALBUM,UNKNOWN,20250121,213400,N/A,1737451654117,1,"Hip Hop/Rap, Music","Kendrick Lamar"
"Kendrick Lamar - DAMN.",ALBUM,UNKNOWN,20250129,213400,N/A,1738171501807,1,"Hip Hop/Rap, Music","Kendrick Lamar"
"Kendrick Lamar - DAMN.",ALBUM,UNKNOWN,20250208,78543,N/A,1739018741763,1,"Hip Hop/Rap, Music","Kendrick Lamar"
"Kendrick Lamar - DAMN.",ALBUM,UNKNOWN,20250222,93346,N/A,1740231673778,1,"Hip Hop/Rap, Music","Kendrick Lamar"
"FACE - Baby - Single",ALBUM,UNKNOWN,20250222,307247,N/A,1740230114601,3,"Hip Hop/Rap, Music",FACE
"FACE - Baby - Single",ALBUM,UNKNOWN,20250223,537236,N/A,1740313679665,3,"Hip Hop/Rap, Music",FACE
"FACE - Baby - Single",ALBUM,UNKNOWN,20250227,214907,N/A,1740683114723,1,"Hip Hop/Rap, Music",FACE
"FACE - Baby - Single",ALBUM,UNKNOWN,20250301,152424,N/A,1740795836133,1,"Hip Hop/Rap, Music",FACE
"Gorillaz - Humanz (Deluxe)",ALBUM,UNKNOWN,20250208,366899,N/A,1739049673244,2,"Alternative, Music",Gorillaz
"Gorillaz - Humanz (Deluxe)",ALBUM,UNKNOWN,20250217,209629,N/A,1739771715906,1,"Alternative, Music",Gorillaz
"Gorillaz - Humanz (Deluxe)",ALBUM,UNKNOWN,20250222,197547,N/A,1740231275700,1,"Alternative, Music",Gorillaz
"Gorillaz - Humanz (Deluxe)",ALBUM,UNKNOWN,20250223,407107,N/A,1740311021119,2,"Alternative, Music",Gorillaz
"Chill Mix",PLAYLIST,"RELAXATION_PERSONAL_MIX_PLAYLIST",20241214,43967,N/A,1734204351708,1,"Music, Pop, Singer/Songwriter","Kazybek Kuraiysh"
"Chill Mix",PLAYLIST,"RELAXATION_PERSONAL_MIX_PLAYLIST",20250218,636325,N/A,1739906087040,3,"Music, Pop, R&B/Soul","Ayau, Brent Faiyaz, ORYNKHAN"
"Chill Mix",PLAYLIST,"RELAXATION_PERSONAL_MIX_PLAYLIST",20250219,493772,N/A,1739907283638,4,"Dance, House, Music, Pop, R&B/Soul, Singer/Songwriter","Sonder, chau, Жігіттер кв, Марія Чайковська"
"Timati - The Boss",ALBUM,UNKNOWN,20250220,396067,N/A,1740038907163,2,"Hip Hop/Rap, Music",Timati
"Timati - The Boss",ALBUM,UNKNOWN,20250222,245925,N/A,1740205992644,2,"Hip Hop/Rap, Music",Timati
"Timati - The Boss",ALBUM,UNKNOWN,20250223,509052,N/A,1740312443005,3,"Hip Hop/Rap, Music",Timati
A-Concert,PLAYLIST,USER_PLAYLIST,20241114,1051243,N/A,1731588094902,10,"Adult Alternative, Adult Contemporary, Alternative, Disco, Music, Pop, Pop/Rock, R&B/Soul, Rock, Singer/Songwriter, Soft Rock","ABBA, Bishop Briggs, Bruno Mars, Lady Gaga, Queen, Sam Brown, Земфира"
A-Concert,PLAYLIST,USER_PLAYLIST,20241115,91342,N/A,1731707500199,1,"Music, Singer/Songwriter",Земфира
"Basta - Баста 4",ALBUM,UNKNOWN,20250214,84226,N/A,1739566470571,1,"Hip Hop/Rap, Music",Basta
"Basta - Баста 4",ALBUM,UNKNOWN,20250216,87852,N/A,1739716886262,1,"Hip Hop/Rap, Music",Basta
"Basta - Баста 4",ALBUM,UNKNOWN,20250218,327968,N/A,1739902387151,1,"Hip Hop/Rap, Music",Basta
"Basta - Баста 4",ALBUM,UNKNOWN,20250221,327921,N/A,1740175755229,1,"Hip Hop/Rap, Music",Basta
"Basta - Баста 4",ALBUM,UNKNOWN,20250222,299501,N/A,1740227216182,1,"Hip Hop/Rap, Music",Basta
"ARO - Aigyr - Single",ALBUM,UNKNOWN,20250223,326660,N/A,1740309001104,2,"Music, Pop",ARO
"ARO - Aigyr - Single",ALBUM,UNKNOWN,20250228,89531,N/A,1740749739806,1,"Music, Pop",ARO
"ARO - Aigyr - Single",ALBUM,UNKNOWN,20250302,240063,N/A,1740936414906,1,"Music, Pop",ARO
"ARO - Aigyr - Single",ALBUM,UNKNOWN,20250303,222092,N/A,1741032494956,1,"Music, Pop",ARO
"ARO - Aigyr - Single",ALBUM,UNKNOWN,20250304,240000,N/A,1741065393604,1,"Music, Pop",ARO
"Kendrick Lamar - LOVE. (feat. Zacari) Radio",RADIO,AUTOPLAY_RADIO_STATION,20250107,1107063,N/A,1736285622439,5,"Hip Hop/Rap, Music, Pop, R&B/Soul","Frank Ocean, Joey Bada$$, Kendrick Lamar, Metro Boomin, SZA, The Weeknd"
"The Weeknd - Is There Someone Else? Radio",RADIO,AUTOPLAY_RADIO_STATION,20241202,953651,N/A,1733163350185,6,"Contemporary R&B, Hardcore Rap, Hip Hop/Rap, Music, R&B/Soul, Rap","21 Savage, Drake, Kanye West, Metro Boomin, SZA, Travis Scott"
"The Weeknd - Is There Someone Else? Radio",RADIO,AUTOPLAY_RADIO_STATION,20241203,149564,N/A,1733199289431,1,"Hip Hop/Rap, Music","21 Savage"
"Cigarettes After Sex - X's",ALBUM,UNKNOWN,20250329,1077734,N/A,1743290100440,5,"Alternative, Music","Cigarettes After Sex"
"TaeKobain - Street Gospel (feat. C5GEEKN) - Single",ALBUM,UNKNOWN,20250101,45252,N/A,1735743338034,1,"Hip Hop/Rap, Music, R&B/Soul",TaeKobain
"TaeKobain - Street Gospel (feat. C5GEEKN) - Single",ALBUM,UNKNOWN,20250110,126199,N/A,1736510733750,1,"Hip Hop/Rap, Music, R&B/Soul",TaeKobain
"TaeKobain - Street Gospel (feat. C5GEEKN) - Single",ALBUM,UNKNOWN,20250113,31811,N/A,1736780560603,1,"Hip Hop/Rap, Music, R&B/Soul",TaeKobain
"TaeKobain - Street Gospel (feat. C5GEEKN) - Single",ALBUM,UNKNOWN,20250116,100573,N/A,1737022113525,1,"Hip Hop/Rap, Music, R&B/Soul",TaeKobain
"TaeKobain - Street Gospel (feat. C5GEEKN) - Single",ALBUM,UNKNOWN,20250119,126199,N/A,1737286850252,1,"Hip Hop/Rap, Music, R&B/Soul",TaeKobain
"TaeKobain - Street Gospel (feat. C5GEEKN) - Single",ALBUM,UNKNOWN,20250121,126199,N/A,1737451924150,1,"Hip Hop/Rap, Music, R&B/Soul",TaeKobain
"TaeKobain - Street Gospel (feat. C5GEEKN) - Single",ALBUM,UNKNOWN,20250208,252398,N/A,1739049463982,2,"Hip Hop/Rap, Music, R&B/Soul",TaeKobain
"TaeKobain - Street Gospel (feat. C5GEEKN) - Single",ALBUM,UNKNOWN,20250209,126199,N/A,1739091741979,1,"Hip Hop/Rap, Music, R&B/Soul",TaeKobain
"TaeKobain - Street Gospel (feat. C5GEEKN) - Single",ALBUM,UNKNOWN,20250217,126123,N/A,1739777861493,1,"Hip Hop/Rap, Music, R&B/Soul",TaeKobain
"Various Artists - Amor Rockero",ALBUM,UNKNOWN,20250214,448699,N/A,1739561747189,2,"Music, Rock",Blur
"Various Artists - Amor Rockero",ALBUM,UNKNOWN,20250217,277126,N/A,1739771246825,1,"Music, Rock",Blur
"Various Artists - Amor Rockero",ALBUM,UNKNOWN,20250220,318973,N/A,1740039784886,1,"Music, Rock",Blur
"chipbagov, SCARIONIX & IMMORTAL PLAYA - Funk Da Montanha (Super Slowed) Radio",RADIO,AUTOPLAY_RADIO_STATION,20250219,361670,N/A,1739992038873,2,"Adult Alternative, Alternative, Alternative Rap, Electronic, Hip Hop/Rap, Music, Pop, Rap, Rock, Underground Rap","DEVTH CXRN, Gorillaz"
"chipbagov, SCARIONIX & IMMORTAL PLAYA - Funk Da Montanha (Super Slowed) Radio",RADIO,AUTOPLAY_RADIO_STATION,20250222,537948,N/A,1740240127640,3,"Adult Alternative, Alternative Rap, Electronic, Hip Hop/Rap, Music, Pop, Rap, Rock, Underground Rap","DEVTH CXRN, Gorillaz, Phonkha"
"chipbagov, SCARIONIX & IMMORTAL PLAYA - Funk Da Montanha (Super Slowed) Radio",RADIO,AUTOPLAY_RADIO_STATION,20250225,127189,N/A,1740503556920,1,"Electronic, Music",FindMyName
"Tyler, The Creator - CHROMAKOPIA",ALBUM,UNKNOWN,20250119,766885,N/A,1737284257614,3,"Hip Hop/Rap, Music","Tyler, The Creator"
"Tyler, The Creator - CHROMAKOPIA",ALBUM,UNKNOWN,20250129,250616,N/A,1738173140257,1,"Hip Hop/Rap, Music","Tyler, The Creator"
"Cigarettes After Sex - Cry",ALBUM,UNKNOWN,20250101,543355,N/A,1735759413565,2,"Alternative, Music","Cigarettes After Sex"
"Cigarettes After Sex - Cry",ALBUM,UNKNOWN,20250126,279631,N/A,1737925309487,1,"Alternative, Music","Cigarettes After Sex"
"Cigarettes After Sex - Cry",ALBUM,UNKNOWN,20250208,153733,N/A,1739019544003,1,"Alternative, Music","Cigarettes After Sex"
"MARAQE & QYRMAN - Любовь (feat. MUQHA) - Single",ALBUM,UNKNOWN,20241213,465402,N/A,1734103088385,4,"Music, Pop","MARAQE, QYRMAN"
"MARAQE & QYRMAN - Любовь (feat. MUQHA) - Single",ALBUM,UNKNOWN,20241216,150556,N/A,1734336751563,1,"Music, Pop","MARAQE, QYRMAN"
"MARAQE & QYRMAN - Любовь (feat. MUQHA) - Single",ALBUM,UNKNOWN,20241219,58121,N/A,1734624263444,1,"Music, Pop","MARAQE, QYRMAN"
"MARAQE & QYRMAN - Любовь (feat. MUQHA) - Single",ALBUM,UNKNOWN,20241221,149799,N/A,1734768670257,1,"Music, Pop","MARAQE, QYRMAN"
"MARAQE & QYRMAN - Любовь (feat. MUQHA) - Single",ALBUM,UNKNOWN,20241226,150556,N/A,1735249866657,1,"Music, Pop","MARAQE, QYRMAN"
"Кот Балу - О моей любви (feat. Santiz & QB) Radio",RADIO,AUTOPLAY_RADIO_STATION,20250216,849325,N/A,1739730346022,5,"Hip Hop/Rap, Music, Pop, Singer/Songwriter","HammAli & Navai, Jaman T, LUCAVEROS, Tony Tonite, Банума"
"Кот Балу - О моей любви (feat. Santiz & QB) Radio",RADIO,AUTOPLAY_RADIO_STATION,20250218,123604,N/A,1739879477781,1,"Hip Hop/Rap, Music",Ulukmanapo
"TOKYOPHILE - AUTOMOTIVO LIBERADO 1.0 - Single",ALBUM,UNKNOWN,20241212,279000,N/A,1733992416191,3,"Dance, Music",TOKYOPHILE
"TOKYOPHILE - AUTOMOTIVO LIBERADO 1.0 - Single",ALBUM,UNKNOWN,20241213,173516,N/A,1734105255052,2,"Dance, Music",TOKYOPHILE
"TOKYOPHILE - AUTOMOTIVO LIBERADO 1.0 - Single",ALBUM,UNKNOWN,20241214,93000,N/A,1734194048385,1,"Dance, Music",TOKYOPHILE
"TOKYOPHILE - AUTOMOTIVO LIBERADO 1.0 - Single",ALBUM,UNKNOWN,20241216,93000,N/A,1734336382764,1,"Dance, Music",TOKYOPHILE
"TOKYOPHILE - AUTOMOTIVO LIBERADO 1.0 - Single",ALBUM,UNKNOWN,20241217,93000,N/A,1734448236557,1,"Dance, Music",TOKYOPHILE
"TOKYOPHILE - AUTOMOTIVO LIBERADO 1.0 - Single",ALBUM,UNKNOWN,20241221,89215,N/A,1734768395253,1,"Dance, Music",TOKYOPHILE
"TOKYOPHILE - AUTOMOTIVO LIBERADO 1.0 - Single",ALBUM,UNKNOWN,20241224,93000,N/A,1735065834036,1,"Dance, Music",TOKYOPHILE
"beabadoobee - This Is How Tomorrow Moves",ALBUM,UNKNOWN,20250119,101280,N/A,1737287994765,1,"Alternative, Music",beabadoobee
"beabadoobee - This Is How Tomorrow Moves",ALBUM,UNKNOWN,20250120,147365,N/A,1737362227975,1,"Alternative, Music",beabadoobee
"beabadoobee - This Is How Tomorrow Moves",ALBUM,UNKNOWN,20250121,337698,N/A,1737453091269,2,"Alternative, Music",beabadoobee
"beabadoobee - This Is How Tomorrow Moves",ALBUM,UNKNOWN,20250122,160600,N/A,1737524394563,1,"Alternative, Music",beabadoobee
"beabadoobee - This Is How Tomorrow Moves",ALBUM,UNKNOWN,20250126,160600,N/A,1737894051804,1,"Alternative, Music",beabadoobee
🥂🪩❤️‍🔥⭐️,PLAYLIST,USER_PLAYLIST,20241207,333307,N/A,1733602212255,1,"Music, R&B/Soul","The Weeknd"
🥂🪩❤️‍🔥⭐️,PLAYLIST,USER_PLAYLIST,20241210,317341,N/A,1733823975111,1,"Hip Hop/Rap, Music","Childish Gambino"
🥂🪩❤️‍🔥⭐️,PLAYLIST,USER_PLAYLIST,20241212,167919,N/A,1734034178637,1,"Music, R&B/Soul","The Weeknd"
🥂🪩❤️‍🔥⭐️,PLAYLIST,USER_PLAYLIST,20241222,82909,N/A,1734860519704,1,"Music, R&B/Soul","The Weeknd"
N/A,RADIO,PERSONAL_RADIO_STATION,20241212,346118,N/A,1734034548176,2,"Electronic, Electronica, Hip Hop/Rap, Music, R&B/Soul","Jacques B, beamglow"
N/A,RADIO,PERSONAL_RADIO_STATION,20241216,45906,N/A,1734349783190,1,"Electronic, Music",MRL
N/A,RADIO,PERSONAL_RADIO_STATION,20250206,491685,N/A,1738858727444,4,"Adult Alternative, Alternative, Electronic, Electronica, Hip Hop/Rap, Indie Rock, Music, R&B/Soul, Rock","LL Clawz, beamglow, dopuu, my bloody valentine"
"Кот Балу - О моей любви (feat. Santiz & QB) - Single",ALBUM,UNKNOWN,20241231,98565,N/A,1735642857465,1,"Hip Hop/Rap, Music","Кот Балу"
"Кот Балу - О моей любви (feat. Santiz & QB) - Single",ALBUM,UNKNOWN,20250130,195505,N/A,1738253711316,1,"Hip Hop/Rap, Music","Кот Балу"
"Кот Балу - О моей любви (feat. Santiz & QB) - Single",ALBUM,UNKNOWN,20250206,195505,N/A,1738858084952,1,"Hip Hop/Rap, Music","Кот Балу"
"Кот Балу - О моей любви (feat. Santiz & QB) - Single",ALBUM,UNKNOWN,20250223,195506,N/A,1740314069284,1,"Hip Hop/Rap, Music","Кот Балу"
"Кот Балу - О моей любви (feat. Santiz & QB) - Single",ALBUM,UNKNOWN,20250301,195506,N/A,1740795670252,1,"Hip Hop/Rap, Music","Кот Балу"
N/A,PLAYLIST,USER_PLAYLIST,20241212,129111,N/A,1734008845268,2,"Dance, Music",TOKYOPHILE
N/A,PLAYLIST,USER_PLAYLIST,20241213,93099,N/A,1734084373355,1,"Dance, Music",TOKYOPHILE
N/A,PLAYLIST,USER_PLAYLIST,20241221,124218,N/A,1734768520092,1,"Electronic, Music","MC GW, MRL"
N/A,PLAYLIST,USER_PLAYLIST,20241225,127064,N/A,1735099942372,2,"Dance, Electronic, Music","LXNGVX, TOKYOPHILE"
N/A,PLAYLIST,USER_PLAYLIST,20241226,290303,N/A,1735211648552,3,"Dance, Electronic, Music","MC GW, MRL, TOKYOPHILE"
N/A,PLAYLIST,USER_PLAYLIST,20241229,93000,N/A,1735462254216,1,"Dance, Music",TOKYOPHILE
"Travis Scott - UTOPIA",ALBUM,UNKNOWN,20241206,87823,N/A,1733496714812,1,"Hip Hop/Rap, Music","Travis Scott"
"Travis Scott - UTOPIA",ALBUM,UNKNOWN,20241207,447531,N/A,1733584693238,2,"Hip Hop/Rap, Music","Travis Scott"
"Travis Scott - UTOPIA",ALBUM,UNKNOWN,20241212,272839,N/A,1733717637220,2,"Hip Hop/Rap, Music","Travis Scott"
N/A,RADIO,AUTOPLAY_RADIO_STATION,20250101,729280,N/A,1735745593714,7,"Adult Alternative, Alternative, Dirty South, Hardcore Rap, Hip Hop/Rap, Indie Rock, Music, Rap, Rock, Underground Rap","21 Savage, Arctic Monkeys, Cigarettes After Sex, Gorillaz, Metro Boomin, Radiohead, Strawberry Guy, Travis Scott"
N/A,RADIO,AUTOPLAY_RADIO_STATION,20250209,73587,N/A,1739099734153,1,"Hip Hop/Rap, Music","Lil Peep, XXXTENTACION"
"chipbagov, SCARIONIX & IMMORTAL PLAYA - Funk Da Montanha - EP",ALBUM,UNKNOWN,20250220,424436,N/A,1740081228004,4,"Brazilian, Music","IMMORTAL PLAYA, SCARIONIX, chipbagov"
"chipbagov, SCARIONIX & IMMORTAL PLAYA - Funk Da Montanha - EP",ALBUM,UNKNOWN,20250221,56961,N/A,1740131393885,1,"Brazilian, Music","IMMORTAL PLAYA, SCARIONIX, chipbagov"
"chipbagov, SCARIONIX & IMMORTAL PLAYA - Funk Da Montanha - EP",ALBUM,UNKNOWN,20250222,214166,N/A,1740211816892,2,"Brazilian, Music","IMMORTAL PLAYA, SCARIONIX, chipbagov"
"chipbagov, SCARIONIX & IMMORTAL PLAYA - Funk Da Montanha - EP",ALBUM,UNKNOWN,20250223,107216,N/A,1740313440647,1,"Brazilian, Music","IMMORTAL PLAYA, SCARIONIX, chipbagov"
"Empire Of The Sun - Walking On a Dream (Special Edition)",ALBUM,UNKNOWN,20250206,267355,N/A,1738871042290,1,"Adult Alternative, Alternative, Electronic, Music, Rock","Empire Of The Sun"
"Empire Of The Sun - Walking On a Dream (Special Edition)",ALBUM,UNKNOWN,20250218,267424,N/A,1739902942302,1,"Adult Alternative, Alternative, Electronic, Music, Rock","Empire Of The Sun"
"Empire Of The Sun - Walking On a Dream (Special Edition)",ALBUM,UNKNOWN,20250222,258999,N/A,1740212092117,1,"Adult Alternative, Alternative, Electronic, Music, Rock","Empire Of The Sun"
"ARShAT & dudeontheguitar - Gashyqpyn sagan (Live) - Single",ALBUM,UNKNOWN,20241213,79024,N/A,1734102955845,1,"Music, Pop","ARShAT, dudeontheguitar"
"ARShAT & dudeontheguitar - Gashyqpyn sagan (Live) - Single",ALBUM,UNKNOWN,20241216,180607,N/A,1734337126680,1,"Music, Pop","ARShAT, dudeontheguitar"
"ARShAT & dudeontheguitar - Gashyqpyn sagan (Live) - Single",ALBUM,UNKNOWN,20241221,176250,N/A,1734768847094,1,"Music, Pop","ARShAT, dudeontheguitar"
"ARShAT & dudeontheguitar - Gashyqpyn sagan (Live) - Single",ALBUM,UNKNOWN,20241222,119919,N/A,1734859182348,1,"Music, Pop","ARShAT, dudeontheguitar"
"ARShAT & dudeontheguitar - Gashyqpyn sagan (Live) - Single",ALBUM,UNKNOWN,20241226,176250,N/A,1735250151514,1,"Music, Pop","ARShAT, dudeontheguitar"
"ARShAT & dudeontheguitar - Gashyqpyn sagan (Live) - Single",ALBUM,UNKNOWN,20250107,60301,N/A,1736243300050,1,"Music, Pop","ARShAT, dudeontheguitar"
"Blur - Blur (Special Edition) [2012 Remaster]",ALBUM,UNKNOWN,20241203,121160,N/A,1733203735458,1,"Music, Pop",Blur
"Blur - Blur (Special Edition) [2012 Remaster]",ALBUM,UNKNOWN,20241206,121160,N/A,1733490632402,1,"Music, Pop",Blur
"Blur - Blur (Special Edition) [2012 Remaster]",ALBUM,UNKNOWN,20241212,121160,N/A,1733712321970,1,"Music, Pop",Blur
"Blur - Blur (Special Edition) [2012 Remaster]",ALBUM,UNKNOWN,20241222,121208,N/A,1734858838855,1,"Music, Pop",Blur
"Blur - Blur (Special Edition) [2012 Remaster]",ALBUM,UNKNOWN,20241231,121160,N/A,1735648546270,1,"Music, Pop",Blur
"Blur - Blur (Special Edition) [2012 Remaster]",ALBUM,UNKNOWN,20250106,50234,N/A,1736171004941,1,"Music, Pop",Blur
"Blur - Blur (Special Edition) [2012 Remaster]",ALBUM,UNKNOWN,20250208,121160,N/A,1739018182016,1,"Music, Pop",Blur
"Blur - Song 2 (2012 Remaster) Radio",RADIO,AUTOPLAY_RADIO_STATION,20241202,681768,N/A,1733161065970,4,"Adult Alternative, Alternative, Indie Rock, Music, Rock","Arctic Monkeys, Nirvana, The Smashing Pumpkins"
"Blur - Song 2 (2012 Remaster) Radio",RADIO,AUTOPLAY_RADIO_STATION,20250305,42857,N/A,1741171882883,1,"Hip Hop/Rap, Music",Gorillaz
"Blur - Song 2 (2012 Remaster) Radio",RADIO,AUTOPLAY_RADIO_STATION,20250307,39864,N/A,1741348585124,1,"Adult Alternative, Alternative Rap, Hip Hop/Rap, Music, Pop, Rap, Rock, Underground Rap",Gorillaz
"Nirvana - Nevermind (30th Anniversary Super Deluxe)",ALBUM,UNKNOWN,20241213,101741,N/A,1734103434755,1,"Music, Rock",Nirvana
"Nirvana - Nevermind (30th Anniversary Super Deluxe)",ALBUM,UNKNOWN,20250119,218920,N/A,1737267888328,1,"Music, Rock",Nirvana
"Nirvana - Nevermind (30th Anniversary Super Deluxe)",ALBUM,UNKNOWN,20250208,436275,N/A,1739018059683,2,"Music, Rock",Nirvana
"Nirvana - Nevermind",ALBUM,UNKNOWN,20241212,236625,N/A,1733712945525,1,"Adult Alternative, Alternative, College Rock, Grunge, Music, Rock",Nirvana
"Nirvana - Nevermind",ALBUM,UNKNOWN,20241221,93150,N/A,1734812805661,1,"Adult Alternative, Alternative, College Rock, Grunge, Music, Rock",Nirvana
"Nirvana - Nevermind",ALBUM,UNKNOWN,20241231,208263,N/A,1735648396967,1,"Adult Alternative, Alternative, College Rock, Grunge, Music, Rock",Nirvana
"Nirvana - Nevermind",ALBUM,UNKNOWN,20250222,211503,N/A,1740229173110,1,"Adult Alternative, Alternative, College Rock, Grunge, Music, Rock",Nirvana
"Baby Keem - DIE FOR MY BITCH",ALBUM,UNKNOWN,20250126,129882,N/A,1737893853302,1,"Hip Hop/Rap, Hip-Hop, Music","Baby Keem"
"Baby Keem - DIE FOR MY BITCH",ALBUM,UNKNOWN,20250128,259764,N/A,1738054981336,2,"Hip Hop/Rap, Hip-Hop, Music","Baby Keem"
"Baby Keem - DIE FOR MY BITCH",ALBUM,UNKNOWN,20250208,94672,N/A,1739018662845,1,"Hip Hop/Rap, Hip-Hop, Music","Baby Keem"
"Baby Keem - DIE FOR MY BITCH",ALBUM,UNKNOWN,20250209,129882,N/A,1739092186611,1,"Hip Hop/Rap, Hip-Hop, Music","Baby Keem"
"Baby Keem - DIE FOR MY BITCH",ALBUM,UNKNOWN,20250222,129882,N/A,1740231975604,1,"Hip Hop/Rap, Hip-Hop, Music","Baby Keem"
"Chris Isaak - Chris Isaak",ALBUM,UNKNOWN,20250119,46698,N/A,1737288100521,1,"Music, Rock","Chris Isaak"
"Chris Isaak - Chris Isaak",ALBUM,UNKNOWN,20250222,140172,N/A,1740232283516,1,"Music, Rock","Chris Isaak"
"Chris Isaak - Chris Isaak",ALBUM,UNKNOWN,20250226,43103,N/A,1740568123680,1,"Music, Rock","Chris Isaak"
"Chris Isaak - Chris Isaak",ALBUM,UNKNOWN,20250227,253907,N/A,1740683389000,1,"Music, Rock","Chris Isaak"
"Chris Isaak - Chris Isaak",ALBUM,UNKNOWN,20250301,253655,N/A,1740795473908,2,"Music, Rock","Chris Isaak"
"Gorillaz - Demon Days Radio",RADIO,AUTOPLAY_RADIO_STATION,20241217,670709,N/A,1734414387986,3,"Adult Alternative, Alternative, Hip Hop/Rap, Indie Rock, Music, Rock","Arctic Monkeys, Kanye West, Nirvana"
"Gorillaz - Demon Days Radio",RADIO,AUTOPLAY_RADIO_STATION,20241223,62691,N/A,1734939356197,1,"Hip Hop/Rap, Music","Kid Cudi"
"Muse - Black Holes and Revelations",ALBUM,UNKNOWN,20250223,517719,N/A,1740312825446,2,"Alternative, Music",Muse
"Muse - Black Holes and Revelations",ALBUM,UNKNOWN,20250302,208852,N/A,1740938649583,1,"Alternative, Music",Muse
"chau - photogenic - EP",ALBUM,UNKNOWN,20250219,258926,N/A,1739965664695,2,"Dance, House, Music",chau
"chau - photogenic - EP",ALBUM,UNKNOWN,20250220,258926,N/A,1740039426711,2,"Dance, House, Music",chau
"chau - photogenic - EP",ALBUM,UNKNOWN,20250221,129463,N/A,1740175388476,1,"Dance, House, Music",chau
"chau - photogenic - EP",ALBUM,UNKNOWN,20250222,76039,N/A,1740206229361,1,"Dance, House, Music",chau
"beabadoobee - This Is How Tomorrow Moves Radio",RADIO,AUTOPLAY_RADIO_STATION,20250120,55971,N/A,1737362336055,1,"Music, Pop","Olivia Rodrigo"
"beabadoobee - This Is How Tomorrow Moves Radio",RADIO,AUTOPLAY_RADIO_STATION,20250121,304999,N/A,1737454794651,1,"Alternative, Music, Singer/Songwriter","Phoebe Bridgers"
"beabadoobee - This Is How Tomorrow Moves Radio",RADIO,AUTOPLAY_RADIO_STATION,20250122,319560,N/A,1737524714767,1,"Alternative, Music","Cigarettes After Sex"
"beabadoobee - This Is How Tomorrow Moves Radio",RADIO,AUTOPLAY_RADIO_STATION,20250126,32545,N/A,1737894084330,1,"Alternative, Music","Cigarettes After Sex"
"TOKYOPHILE - AUTOMOTIVO LIBERADO 1.0 - Single Radio",RADIO,AUTOPLAY_RADIO_STATION,20241212,137495,N/A,1733987838345,2,"Dance, Hip Hop/Rap, House, Music",MRL
"TOKYOPHILE - AUTOMOTIVO LIBERADO 1.0 - Single Radio",RADIO,AUTOPLAY_RADIO_STATION,20241213,106273,N/A,1734105360699,1,"Brazilian, Electronic, Music","Anar, Polaris"
"TOKYOPHILE - AUTOMOTIVO LIBERADO 1.0 - Single Radio",RADIO,AUTOPLAY_RADIO_STATION,20241217,467114,N/A,1734448733684,4,"Baile Funk, Brazilian, Dance, Electronic, House, Music","4WIZZ, DJ Ikeraus, LXNGVX, MRL, VISXGE, WXCHSXN"
"Lana Del Rey - Brooklyn Baby Radio",RADIO,AUTOPLAY_RADIO_STATION,20250209,109368,N/A,1739127582416,1,"Music, Pop","Doja Cat"
"Lana Del Rey - Brooklyn Baby Radio",RADIO,AUTOPLAY_RADIO_STATION,20250213,593316,N/A,1739467395065,4,"Hip Hop/Rap, Music, Pop, R&B/Soul","Charli xcx, Doja Cat, Drake, Lana Del Rey"
N/A,PLAYLIST,USER_PLAYLIST,20241203,385369,N/A,1733260661602,3,"Hip Hop/Rap, Music, Pop, Rock","Blur, Kanye West, Nirvana"
N/A,PLAYLIST,USER_PLAYLIST,20241210,313891,N/A,1733832074426,2,"Alternative, Music, Rock","Radiohead, The Police"
"FACE - 24 на 7 - Single",ALBUM,UNKNOWN,20241207,175089,N/A,1733572195321,2,"Hip Hop/Rap, Music",FACE
"FACE - 24 на 7 - Single",ALBUM,UNKNOWN,20241212,145058,N/A,1733716285347,1,"Hip Hop/Rap, Music",FACE
"FACE - 24 на 7 - Single",ALBUM,UNKNOWN,20241230,189257,N/A,1735567948814,1,"Hip Hop/Rap, Music",FACE
"FACE - 24 на 7 - Single",ALBUM,UNKNOWN,20241231,189257,N/A,1735648746739,1,"Hip Hop/Rap, Music",FACE
"Moldanazar - Senin Zhanynda - Single",ALBUM,UNKNOWN,20250130,352000,N/A,1738257297899,2,"Electronic, Music",Moldanazar
"Moldanazar - Senin Zhanynda - Single",ALBUM,UNKNOWN,20250202,157278,N/A,1738485727147,1,"Electronic, Music",Moldanazar
"Moldanazar - Senin Zhanynda - Single",ALBUM,UNKNOWN,20250205,176000,N/A,1738789583769,1,"Electronic, Music",Moldanazar
"Basta - Моя Вселенная - Single",ALBUM,UNKNOWN,20250225,43967,N/A,1740502061030,1,"Hip Hop/Rap, Music",Basta
"Basta - Моя Вселенная - Single",ALBUM,UNKNOWN,20250226,211497,N/A,1740567924469,1,"Hip Hop/Rap, Music",Basta
"Basta - Моя Вселенная - Single",ALBUM,UNKNOWN,20250302,211560,N/A,1740936165529,1,"Hip Hop/Rap, Music",Basta
"Basta - Моя Вселенная - Single",ALBUM,UNKNOWN,20250303,211497,N/A,1741032229157,1,"Hip Hop/Rap, Music",Basta
"Addison Rae - Diet Pepsi - Single",ALBUM,UNKNOWN,20250122,169698,N/A,1737524106421,1,"Music, Pop","Addison Rae"
"Addison Rae - Diet Pepsi - Single",ALBUM,UNKNOWN,20250123,244754,N/A,1737643148497,2,"Music, Pop","Addison Rae"
"Addison Rae - Diet Pepsi - Single",ALBUM,UNKNOWN,20250126,83620,N/A,1737894499872,1,"Music, Pop","Addison Rae"
"Addison Rae - Diet Pepsi - Single",ALBUM,UNKNOWN,20250222,169698,N/A,1740231849413,1,"Music, Pop","Addison Rae"
"Young Thug & Travis Scott - pick up the phone Radio",RADIO,AUTOPLAY_RADIO_STATION,20241223,86083,N/A,1734940750416,1,"Hip Hop/Rap, Music","Chris Brown, Future, Metro Boomin"
"Young Thug & Travis Scott - pick up the phone Radio",RADIO,AUTOPLAY_RADIO_STATION,20241224,559129,N/A,1735056481456,4,"Hip Hop/Rap, Music","Don Toliver, Future, Metro Boomin, Playboi Carti"
"Артем Пивоваров - Океан",ALBUM,UNKNOWN,20250119,234180,N/A,1737272697741,1,"Music, Pop","Артем Пивоваров"
"Артем Пивоваров - Океан",ALBUM,UNKNOWN,20250121,175516,N/A,1737448476626,1,"Music, Pop","Артем Пивоваров"
"Артем Пивоваров - Океан",ALBUM,UNKNOWN,20250126,234180,N/A,1737924622946,1,"Music, Pop","Артем Пивоваров"
"Arctic Monkeys - No. 1 Party Anthem Radio",RADIO,AUTOPLAY_RADIO_STATION,20241212,229598,N/A,1733659260135,2,"Adult Alternative, Alternative, Indie Rock, Music, Pop, Rock","Lana Del Rey, The Last Shadow Puppets"
"Arctic Monkeys - No. 1 Party Anthem Radio",RADIO,AUTOPLAY_RADIO_STATION,20241221,35054,N/A,1734768305562,1,"Alternative, Music, Pop",Gorillaz
"Arctic Monkeys - No. 1 Party Anthem Radio",RADIO,AUTOPLAY_RADIO_STATION,20250108,373788,N/A,1736363802489,3,"Adult Alternative, Alternative, College Rock, Indie Rock, Music, Rock","Mac DeMarco, Radiohead, The Neighbourhood"
"The Neighbourhood - Wiped Out! Radio",RADIO,AUTOPLAY_RADIO_STATION,20241223,634407,N/A,1734946756201,5,"Adult Alternative, Alternative, Hip Hop/Rap, Music, Pop, Rock","Labrinth, Lana Del Rey, Tame Impala, Travis Scott, Tyler, The Creator"
"Doja Cat - So High Radio",RADIO,AUTOPLAY_RADIO_STATION,20250129,40864,N/A,1738171241046,1,"Music, R&B/Soul","Playboi Carti, The Weeknd"
"Doja Cat - So High Radio",RADIO,AUTOPLAY_RADIO_STATION,20250130,301346,N/A,1738269155478,2,"Music, Pop, R&B/Soul","Ariana Grande, Justin Bieber, SZA"
"Doja Cat - So High Radio",RADIO,AUTOPLAY_RADIO_STATION,20250206,291425,N/A,1738877204429,2,"Hip Hop/Rap, Music, R&B/Soul","Doechii, Doja Cat"
"Moldanazar - Senin Zhanynda Radio",RADIO,AUTOPLAY_RADIO_STATION,20250302,625292,N/A,1740900699121,4,"Alternative, Folk-Rock, Indie Pop, Music, Pop, Rock, Singer/Songwriter, World","ARO, Ayau, Darkhan Juzz, Qonyratbay Fam"
"Sade - Is It a Crime? Radio",RADIO,AUTOPLAY_RADIO_STATION,20250209,33460,N/A,1739094996069,1,"Music, Pop, Rock","Phil Collins"
"Sade - Is It a Crime? Radio",RADIO,AUTOPLAY_RADIO_STATION,20250211,343487,N/A,1739295996646,3,"Adult Contemporary, Alternative, Contemporary R&B, Dance, Electronic, Hip Hop/Rap, Music, New Wave, Pop, Pop/Rock, R&B/Soul, Rock","Aaliyah, George Michael, Kendrick Lamar"
"Sade - Is It a Crime? Radio",RADIO,AUTOPLAY_RADIO_STATION,20250212,247800,N/A,1739349930244,2,"Music, Pop, R&B/Soul","SZA, Sting"
N/A,PLAYLIST,CHARTS_PLAYLIST,20250209,367660,N/A,1739133372709,3,"Hip Hop/Rap, Music, R&B/Soul","MACAN, Playboi Carti, The Weeknd, Zvonkiy"
N/A,PLAYLIST,CHARTS_PLAYLIST,20250211,256064,N/A,1739236695373,1,"Music, R&B/Soul","Playboi Carti, The Weeknd"
"Cigarettes After Sex - Cigarettes After Sex Radio",RADIO,AUTOPLAY_RADIO_STATION,20241223,74524,N/A,1734945454691,1,"Alternative, Music","The Neighbourhood"
"Cigarettes After Sex - Cigarettes After Sex Radio",RADIO,AUTOPLAY_RADIO_STATION,20241229,541630,N/A,1735499811023,4,"Adult Alternative, Alternative, Indie Rock, Music, Pop, Rock","Arctic Monkeys, Oscar Lang, Slowdive, Strawberry Guy"
"Empire Of The Sun - Walking On a Dream (Special Edition) Radio",RADIO,AUTOPLAY_RADIO_STATION,20250218,611241,N/A,1739904320037,4,"Adult Alternative, Alternative, Alternative Rap, Dance, Hip Hop/Rap, Music, Pop, R&B/Soul, Rap, Rock, Underground Rap","Calvin Harris, Disciples, Gorillaz, Lana Del Rey, The Weeknd"
"Labrinth - Euphoria (Original Score from the HBO Series)",ALBUM,UNKNOWN,20241207,153294,N/A,1733584065082,1,"Music, Soundtrack",Labrinth
"Labrinth - Euphoria (Original Score from the HBO Series)",ALBUM,UNKNOWN,20241223,153294,N/A,1734986234074,1,"Music, Soundtrack",Labrinth
"Labrinth - Euphoria (Original Score from the HBO Series)",ALBUM,UNKNOWN,20241231,143604,N/A,1735647918675,1,"Music, Soundtrack",Labrinth
"Labrinth - Euphoria (Original Score from the HBO Series)",ALBUM,UNKNOWN,20250119,153294,N/A,1737267660833,1,"Music, Soundtrack",Labrinth
"Baby Keem - DIE FOR MY BITCH Radio",RADIO,AUTOPLAY_RADIO_STATION,20250126,35836,N/A,1737893889682,1,"Gangsta Rap, Hardcore Rap, Hip Hop/Rap, Music, Rap, West Coast Rap","Kendrick Lamar"
"Baby Keem - DIE FOR MY BITCH Radio",RADIO,AUTOPLAY_RADIO_STATION,20250209,563920,N/A,1739092751541,2,"Hip Hop/Rap, Music, Rap","21 Savage, Kendrick Lamar"
"Kylie Minogue - Fever (Deluxe Edition)",ALBUM,UNKNOWN,20241216,179455,N/A,1734336944894,1,"Dance, Electronic, Music, Pop","Kylie Minogue"
"Kylie Minogue - Fever (Deluxe Edition)",ALBUM,UNKNOWN,20241219,59278,N/A,1734627269400,1,"Dance, Electronic, Music, Pop","Kylie Minogue"
"Kylie Minogue - Fever (Deluxe Edition)",ALBUM,UNKNOWN,20241231,213234,N/A,1735647308545,1,"Dance, Electronic, Music, Pop","Kylie Minogue"
"Kylie Minogue - Fever (Deluxe Edition)",ALBUM,UNKNOWN,20250317,147187,N/A,1742243346896,1,"Dance, Electronic, Music, Pop","Kylie Minogue"
"Tony Tonite - Я хотел бы знать (feat. Кравц) - Single",ALBUM,UNKNOWN,20250223,341694,N/A,1740312133729,2,"Hip Hop/Rap, Music","Tony Tonite"
"Tony Tonite - Я хотел бы знать (feat. Кравц) - Single",ALBUM,UNKNOWN,20250301,256927,N/A,1740821507903,2,"Hip Hop/Rap, Music","Tony Tonite"
"Miyagi & Эндшпиль - Untouchable (feat. Рем Дигга) - Single",ALBUM,UNKNOWN,20241207,213130,N/A,1733583669663,1,"Hip Hop/Rap, Music","Miyagi & Эндшпиль"
"Miyagi & Эндшпиль - Untouchable (feat. Рем Дигга) - Single",ALBUM,UNKNOWN,20241212,196867,N/A,1734008808609,1,"Hip Hop/Rap, Music","Miyagi & Эндшпиль"
"Miyagi & Эндшпиль - Untouchable (feat. Рем Дигга) - Single",ALBUM,UNKNOWN,20241230,167865,N/A,1735568372687,1,"Hip Hop/Rap, Music","Miyagi & Эндшпиль"
N/A,RADIO,DISCOVERY_RADIO_STATION,20250206,539561,N/A,1738867149889,4,"Dance, Hip Hop/Rap, Music, Rap","ADTurnUp, The Pineears, internetBoi, johan333"
N/A,RADIO,DISCOVERY_RADIO_STATION,20250218,33951,N/A,1739904709017,1,"Adult Alternative, Alternative, College Rock, Indie Rock, Music, Rock","Mac DeMarco"
"Ayau - sensiz? - Single Radio",RADIO,AUTOPLAY_RADIO_STATION,20250206,557743,N/A,1738866524511,4,"Music, Pop","Ayau, Kazybek Kuraiysh, M'Dee, Rusha"
"Doja Cat - Scarlet",ALBUM,UNKNOWN,20250211,530828,N/A,1739238420370,2,"Hip Hop/Rap, Music, Rap","Doja Cat"
"Metro Boomin - HEROES & VILLAINS",ALBUM,UNKNOWN,20241226,220447,N/A,1735203617722,1,"Hip Hop/Rap, Music","Metro Boomin, Travis Scott, Young Thug"
"Metro Boomin - HEROES & VILLAINS",ALBUM,UNKNOWN,20250107,122918,N/A,1736243434626,1,"Hip Hop/Rap, Music","Metro Boomin, Travis Scott, Young Thug"
"Metro Boomin - HEROES & VILLAINS",ALBUM,UNKNOWN,20250222,185737,N/A,1740231475343,1,"Hip Hop/Rap, Music","Metro Boomin, Travis Scott, Young Thug"
"Radiohead - The Bends",ALBUM,UNKNOWN,20250214,257602,N/A,1739564332639,1,"Alternative, Music",Radiohead
"Radiohead - The Bends",ALBUM,UNKNOWN,20250216,257467,N/A,1739713263384,1,"Alternative, Music",Radiohead
"ARO - Aigyr Radio",RADIO,AUTOPLAY_RADIO_STATION,20250130,303799,N/A,1738268639553,3,"Alternative, Indie Pop, Indie Rock, Music, Pop","ARO, ARShAT, M'Dee, Rusha"
"ARO - Aigyr Radio",RADIO,AUTOPLAY_RADIO_STATION,20250227,204000,N/A,1740679085738,1,"Music, Pop","Ernar Amandyq"
"The Neighbourhood - Hard To Imagine The Neighbourhood Ever Changing",ALBUM,UNKNOWN,20241207,244013,N/A,1733584997812,1,"Alternative, Music","The Neighbourhood"
"The Neighbourhood - Hard To Imagine The Neighbourhood Ever Changing",ALBUM,UNKNOWN,20241221,244013,N/A,1734811795900,1,"Alternative, Music","The Neighbourhood"
"V $ X V PRiNCE - KNCNTRT",ALBUM,UNKNOWN,20241212,167280,N/A,1733716899995,1,"Hip Hop/Rap, Music","V $ X V PRiNCE, Гуф"
"V $ X V PRiNCE - KNCNTRT",ALBUM,UNKNOWN,20241226,121421,N/A,1735198913322,1,"Hip Hop/Rap, Music","V $ X V PRiNCE, Гуф"
"V $ X V PRiNCE - KNCNTRT",ALBUM,UNKNOWN,20241230,191882,N/A,1735568178482,1,"Hip Hop/Rap, Music","V $ X V PRiNCE, Гуф"
"Radiohead - Creep Radio",RADIO,AUTOPLAY_RADIO_STATION,20250124,257584,N/A,1737742976065,2,"Alternative, Music, Rock","Nirvana, Pixies"
"Radiohead - Creep Radio",RADIO,AUTOPLAY_RADIO_STATION,20250126,221173,N/A,1737919948447,1,"Adult Alternative, Alternative, Alternative Rap, Hip Hop/Rap, Music, Pop, Rap, Rock, Underground Rap",Gorillaz
"Bruno Mars, Anderson .Paak & Silk Sonic - An Evening with Silk Sonic Radio",RADIO,AUTOPLAY_RADIO_STATION,20250216,468606,N/A,1739714345477,2,"Hip Hop/Rap, Music, R&B/Soul","SZA, Tyler, The Creator"
N/A,RADIO,QUERY_RADIO_STATION,20241210,464876,N/A,1733868191025,3,"Hip Hop/Rap, Music, Rock, Singer/Songwriter","Miyagi & Эндшпиль, Земфира, Марія Чайковська"
"M'Dee - asyl janym - Single",ALBUM,UNKNOWN,20250221,177252,N/A,1740175961512,1,"Music, Pop","M'Dee"
"M'Dee - asyl janym - Single",ALBUM,UNKNOWN,20250222,106164,N/A,1740206615272,1,"Music, Pop","M'Dee"
"M'Dee - asyl janym - Single",ALBUM,UNKNOWN,20250223,177252,N/A,1740313860472,1,"Music, Pop","M'Dee"
sprıng,PLAYLIST,USER_PLAYLIST,20250319,230679,N/A,1742397686297,2,"Alternative, Music","Billie Eilish"
sprıng,PLAYLIST,USER_PLAYLIST,20250320,196960,N/A,1742510055217,1,"Music, Rock","The American Dawn"
sprıng,PLAYLIST,USER_PLAYLIST,20250411,32705,N/A,1744373700572,1,"Music, Rock","The American Dawn"
"Каспийский груз - Любовь HD1080 Radio",RADIO,AUTOPLAY_RADIO_STATION,20250126,71334,N/A,1737918401510,1,"Hip Hop/Rap, Music","Jah Khalib, ВесЪ"
"Каспийский груз - Любовь HD1080 Radio",RADIO,AUTOPLAY_RADIO_STATION,20250130,378599,N/A,1738269791958,3,"Hip Hop/Rap, Music, Reggae","Basta, Miyagi, Miyagi & Эндшпиль"
"Darkhan Juzz - Eń Sulý Radio",RADIO,AUTOPLAY_RADIO_STATION,20250223,442000,N/A,1740310010528,2,"Music, Pop","Ayau, M'Dee, Shiza"
"Tame Impala - The Slow Rush",ALBUM,UNKNOWN,20250219,433133,N/A,1739966737521,1,"Alternative, Music","Tame Impala"
"Tyler, The Creator - Goblin (Deluxe Edition) Radio",RADIO,AUTOPLAY_RADIO_STATION,20250119,106346,N/A,1737284617971,1,"Hip Hop/Rap, Music","Travis Scott"
"Tyler, The Creator - Goblin (Deluxe Edition) Radio",RADIO,AUTOPLAY_RADIO_STATION,20250128,317366,N/A,1738040986378,2,"Alternative Rap, Gangsta Rap, Hardcore Rap, Hip Hop/Rap, Music, Rap, Underground Rap, West Coast Rap","Kendrick Lamar, Odd Future"
"Arctic Monkeys - I Wanna Be Yours Radio",RADIO,AUTOPLAY_RADIO_STATION,20241123,381273,N/A,1732350696512,3,"Alternative, Hip Hop/Rap, Music, Pop","Billie Eilish, Blur, Kanye West"
"Arctic Monkeys - I Wanna Be Yours Radio",RADIO,AUTOPLAY_RADIO_STATION,20241213,31178,N/A,1734103654084,1,"Alternative, Music","The Neighbourhood"
"Travis Scott - Birds In The Trap Sing McKnight",ALBUM,UNKNOWN,20241212,407307,N/A,1733827115591,3,"Hip Hop/Rap, Music, Pop","Travis Scott"
"OG Buda - Cкучаю, Но Работаю",ALBUM,UNKNOWN,20241212,201649,N/A,1733718035555,1,"Hip Hop/Rap, Music","OG Buda"
"OG Buda - Cкучаю, Но Работаю",ALBUM,UNKNOWN,20241226,42761,N/A,1735203015297,1,"Hip Hop/Rap, Music","OG Buda"
"OG Buda - Cкучаю, Но Работаю",ALBUM,UNKNOWN,20250208,161573,N/A,1739019091626,1,"Hip Hop/Rap, Music","OG Buda"
"Various Artists - The Fast and the Furious: Tokyo Drift (Original Motion Picture Soundtrack)",ALBUM,UNKNOWN,20250228,57990,N/A,1740749649789,1,"Music, Soundtrack","Teriyaki Boyz"
"Various Artists - The Fast and the Furious: Tokyo Drift (Original Motion Picture Soundtrack)",ALBUM,UNKNOWN,20250303,337936,N/A,1741032016591,2,"Music, Soundtrack","Teriyaki Boyz"
"Dj Patrick R, DJ Erik JP & Mc Magrinho - Automotivo Extradimensional 1.0 - Single Radio",RADIO,AUTOPLAY_RADIO_STATION,20241204,389429,N/A,1733343660409,3,"Baile Funk, Brazilian, Funk, Music, R&B/Soul","DJ BL, DJ Batidão, DJ NpcSize, MC Gimenes, Mc Menor Do Alvorada, Mc Pedrinho, dj dudah"
"chau - photogenic - EP Radio",RADIO,AUTOPLAY_RADIO_STATION,20250219,386421,N/A,1739965856206,4,"Hip Hop/Rap, Music, Singer/Songwriter","Dan C. Parkes, Prod. 94"
"Cigarettes After Sex - Crush - Single",ALBUM,UNKNOWN,20250119,120833,N/A,1737285467010,1,"Alternative, Music","Cigarettes After Sex"
"Cigarettes After Sex - Crush - Single",ALBUM,UNKNOWN,20250208,264831,N/A,1739019382980,1,"Alternative, Music","Cigarettes After Sex"
"Tony Tonite - Я хотел бы знать (feat. Кравц) Radio",RADIO,AUTOPLAY_RADIO_STATION,20250218,378800,N/A,1739878981935,2,"Hip Hop/Rap, Music, Pop","M'Dee, Zvonkiy"
"Labrinth - Still Don't Know My Name Radio",RADIO,AUTOPLAY_RADIO_STATION,20241129,245470,N/A,1732889808831,1,"Alternative, Music","Billie Eilish"
"Labrinth - Still Don't Know My Name Radio",RADIO,AUTOPLAY_RADIO_STATION,20241203,30649,N/A,1733251476960,1,"Hip Hop/Rap, Music","Kendrick Lamar"
"Labrinth - Still Don't Know My Name Radio",RADIO,AUTOPLAY_RADIO_STATION,20241204,94527,N/A,1733332880509,1,"Hip Hop/Rap, Music","Kanye West"
"Tyler, The Creator - Flower Boy",ALBUM,UNKNOWN,20250119,180384,N/A,1737286415769,1,"Hip Hop/Rap, Music","Tyler, The Creator"
"Tyler, The Creator - Flower Boy",ALBUM,UNKNOWN,20250121,180384,N/A,1737451399893,1,"Hip Hop/Rap, Music","Tyler, The Creator"
"The Neighbourhood - Wiped Out!",ALBUM,UNKNOWN,20241223,350693,N/A,1734945815791,1,"Alternative, Music","The Neighbourhood"
"Ayau - kõzder Radio",RADIO,AUTOPLAY_RADIO_STATION,20250219,231245,N/A,1739989977890,2,"Music, Pop, Rock",Moldanazar
"Ayau - kõzder Radio",RADIO,AUTOPLAY_RADIO_STATION,20250222,117754,N/A,1740240521105,1,"Music, Pop",Duman
"The Neighbourhood - Hard To Imagine The Neighbourhood Ever Changing Radio",RADIO,AUTOPLAY_RADIO_STATION,20241207,339148,N/A,1733585337581,2,"Alternative, Music","Billie Eilish, Chase Atlantic"
"Ernar Amandyq - Keipker Radio",RADIO,AUTOPLAY_RADIO_STATION,20250302,326403,N/A,1740939596642,3,"Alternative, Indie Pop, Music, Pop, Singer/Songwriter","ARO, Bimo, Kazybek Kuraiysh, akimmmich"
"Miyagi - Angel Radio",RADIO,AUTOPLAY_RADIO_STATION,20250304,316150,N/A,1741116852206,1,"Hip Hop/Rap, Music","Miyagi & Эндшпиль"
"TARA202 - Магистрали - Single",ALBUM,UNKNOWN,20250228,103103,N/A,1740749863697,1,"Music, Pop",TARA202
"TARA202 - Магистрали - Single",ALBUM,UNKNOWN,20250304,212150,N/A,1741118856780,1,"Music, Pop",TARA202
"Get Up! Mix",PLAYLIST,"UPBEAT_PERSONAL_MIX_PLAYLIST",20250217,313795,N/A,1739782344752,5,"Alternative, Hip Hop/Rap, Music, Pop, Pop/Rock, R&B/Soul, Rock","21 Savage, Blur, Lil Baby, The Police, The Weeknd, beabadoobee"
"Chris Isaak - Heart Shaped World Radio",RADIO,AUTOPLAY_RADIO_STATION,20241210,60615,N/A,1733819980855,1,"Alternative, Music","Cigarettes After Sex"
"Chris Isaak - Heart Shaped World Radio",RADIO,AUTOPLAY_RADIO_STATION,20241220,251133,N/A,1734720946969,2,"Music, Rock","The Police"
"Moldanazar - Akpen Birge Radio",RADIO,AUTOPLAY_RADIO_STATION,20250302,267450,N/A,1740899845905,2,"Alternative, Music, Pop","Darkhan Juzz, Son Pascal"
"Moldanazar - Akpen Birge Radio",RADIO,AUTOPLAY_RADIO_STATION,20250314,41103,N/A,1741964386868,1,"Music, Pop",Moldanazar
"Марк Бернес - Русское Наследие",ALBUM,UNKNOWN,20250215,135914,N/A,1739638366780,1,"Music, Pop, World","Марк Бернес"
"Марк Бернес - Русское Наследие",ALBUM,UNKNOWN,20250216,170860,N/A,1739638378225,1,"Music, Pop, World","Марк Бернес"
"Медеу Арынбаев - Есімде - Single",ALBUM,UNKNOWN,20250223,170529,N/A,1740312219887,2,"Music, Pop, Singer/Songwriter","Медеу Арынбаев"
"Медеу Арынбаев - Есімде - Single",ALBUM,UNKNOWN,20250302,134710,N/A,1740940192915,1,"Music, Pop, Singer/Songwriter","Медеу Арынбаев"
"Kairat Nurtas - Үздік Әндер, Vol. 5",ALBUM,UNKNOWN,20250220,101702,N/A,1740081347754,1,"Music, Pop","Kairat Nurtas"
"Kairat Nurtas - Үздік Әндер, Vol. 5",ALBUM,UNKNOWN,20250302,203207,N/A,1740940054951,1,"Music, Pop","Kairat Nurtas"
"Flume - Skin",ALBUM,UNKNOWN,20250227,303553,N/A,1740682668351,1,"Electronic, Music",Flume
"FloyyMenor & Cris MJ - Gata Only Radio",RADIO,AUTOPLAY_RADIO_STATION,20250215,296575,N/A,1739643046564,2,"Hip Hop/Rap, Latin, Latin Urban, Music","Cris MJ, Kail BRL, Tobal Mj, Travis Scott"
"Blood Orange - Coastal Grooves (Bonus Track Version)",ALBUM,UNKNOWN,20250218,294475,N/A,1739898440046,1,"Adult Alternative, Alternative, Electronic, Music, Pop, Pop/Rock, Rock","Blood Orange"
"Arctic Monkeys - Whatever People Say I Am, That's What I'm Not",ALBUM,UNKNOWN,20250328,41092,N/A,1743182559530,1,"Adult Alternative, Alternative, Indie Rock, Music, Rock","Arctic Monkeys"
"Arctic Monkeys - Whatever People Say I Am, That's What I'm Not",ALBUM,UNKNOWN,20250406,249675,N/A,1743944596617,2,"Adult Alternative, Alternative, Indie Rock, Music, Rock","Arctic Monkeys"
"Kali Uchis - Isolation",ALBUM,UNKNOWN,20250119,207455,N/A,1737286718754,1,"Music, R&B/Soul","Kali Uchis"
"Kali Uchis - Isolation",ALBUM,UNKNOWN,20250129,51756,N/A,1738173515116,1,"Music, R&B/Soul","Kali Uchis"
"Kali Uchis - Isolation",ALBUM,UNKNOWN,20250206,30273,N/A,1738834209357,1,"Music, R&B/Soul","Kali Uchis"
"ХАНЗА & OWEEK - Вечеринка - Single",ALBUM,UNKNOWN,20250218,124883,N/A,1739902038203,1,"Music, Pop","OWEEK, ХАНЗА"
"ХАНЗА & OWEEK - Вечеринка - Single",ALBUM,UNKNOWN,20250222,159459,N/A,1740230149727,2,"Music, Pop","OWEEK, ХАНЗА"
"Chris Isaak - Wicked Game Radio",RADIO,AUTOPLAY_RADIO_STATION,20241213,283813,N/A,1734086087865,1,"Music, Rock","Chris Isaak"
"Favorites Mix",PLAYLIST,"FAVOURITE_PERSONAL_MIX_PLAYLIST",20250218,273491,N/A,1739904623053,2,"Electronic, Music, Pop","DJ Guih Da ZO, MC Pogba, Иван Дорн"
"Ваграм Вазян - Любовь и боль",ALBUM,UNKNOWN,20250222,131392,N/A,1740206886501,1,"Music, Russian, Russian Chanson","Ваграм Вазян"
"Ваграм Вазян - Любовь и боль",ALBUM,UNKNOWN,20250223,141432,N/A,1740313333189,1,"Music, Russian, Russian Chanson","Ваграм Вазян"
"lucidbeatz & Emilia Ali - You & I - Single",ALBUM,UNKNOWN,20250303,145889,N/A,1740991896576,1,"Electronic, Music","Emilia Ali, lucidbeatz"
"lucidbeatz & Emilia Ali - You & I - Single",ALBUM,UNKNOWN,20250304,122378,N/A,1741113965161,1,"Electronic, Music","Emilia Ali, lucidbeatz"
"Kendrick Lamar - Not Like Us - Single",ALBUM,UNKNOWN,20250118,31408,N/A,1737190748316,1,"Hip Hop/Rap, Music","Kendrick Lamar"
"Kendrick Lamar - Not Like Us - Single",ALBUM,UNKNOWN,20250119,121797,N/A,1737285166608,1,"Hip Hop/Rap, Music","Kendrick Lamar"
"Kendrick Lamar - Not Like Us - Single",ALBUM,UNKNOWN,20250223,113219,N/A,1740280905711,1,"Hip Hop/Rap, Music","Kendrick Lamar"
"Jumangee & Михей - Сука Любовь Radio",RADIO,AUTOPLAY_RADIO_STATION,20250224,264963,N/A,1740383838346,2,"Hip Hop/Rap, Music","Basta, Jah Khalib"
"А'Студио - Джулия",ALBUM,UNKNOWN,20250121,264167,N/A,1737450452131,1,"Music, Pop","А'Студио"
"Labrinth - Euphoria (Original Score from the HBO Series) Radio",RADIO,AUTOPLAY_RADIO_STATION,20241207,257604,N/A,1733584323079,1,"Hip Hop/Rap, Music",Drake
"Doja Cat - So High Radio",RADIO,AUTOPLAY_RADIO_STATION,20250129,248924,N/A,1738126583986,1,"Music, R&B/Soul","Playboi Carti, The Weeknd"
"Ark Patrol - Let Go (feat. Veronika Redd) - Single",ALBUM,UNKNOWN,20250321,248056,N/A,1742593076306,1,"Electronic, Music","Ark Patrol"
"Bruno Mars, Anderson .Paak & Silk Sonic - An Evening with Silk Sonic",ALBUM,UNKNOWN,20250216,242230,N/A,1739713769464,1,"Music, Pop, R&B/Soul","Anderson .Paak, Bruno Mars, Silk Sonic"
"The Police - Every Breath You Take (Remastered 2003) Radio",RADIO,AUTOPLAY_RADIO_STATION,20241204,34471,N/A,1733327585091,1,"Arena Rock, Hard Rock, Music, Prog-Rock/Art Rock, Rock",Rush
"The Police - Every Breath You Take (Remastered 2003) Radio",RADIO,AUTOPLAY_RADIO_STATION,20241213,203226,N/A,1734104972966,1,"Music, Pop","Men At Work"
"Pompeya - Tropical",ALBUM,UNKNOWN,20241214,85785,N/A,1734194592004,1,"Alternative, Indie Pop, Music",Pompeya
"Pompeya - Tropical",ALBUM,UNKNOWN,20241221,115213,N/A,1734812635726,1,"Alternative, Indie Pop, Music",Pompeya
"Pompeya - Tropical",ALBUM,UNKNOWN,20250106,36517,N/A,1736170789647,1,"Alternative, Indie Pop, Music",Pompeya
"Lil Peep - girls (feat. Horsehead) Radio",RADIO,AUTOPLAY_RADIO_STATION,20241127,236213,N/A,1732701956340,2,"Hip Hop/Rap, Music","Death Plus, Travis Scott"
"PNL Essentials",PLAYLIST,EDITORIAL_PLAYLIST,20250119,44047,N/A,1737286501046,1,"Hip Hop/Rap, Music",PNL
"PNL Essentials",PLAYLIST,EDITORIAL_PLAYLIST,20250222,190986,N/A,1740232610788,1,"Hip Hop/Rap, Music",PNL
"ARShAT & dudeontheguitar - Gashyqpyn sagan (Live) Radio",RADIO,AUTOPLAY_RADIO_STATION,20241201,231280,N/A,1733041681421,1,"Hip Hop/Rap, Music","Taspay, V $ X V PRiNCE"
"Cigarettes After Sex - Cry",ALBUM,UNKNOWN,20250329,231237,N/A,1743285056605,1,"Alternative, Music","Cigarettes After Sex"
"Brazilian Phonk / Funk Brasileiro",PLAYLIST,CURATOR_PLAYLIST,20250130,228900,N/A,1738219051481,3,"Baile Funk, Brazilian, Dance, Electronic, Funk, IDM/Experimental, Music, R&B/Soul","DJ ANXVAR, Lurk, MC LONE, Scythermane, cvzxeov, luc wall, løøm"
"FACE - Baby Radio",RADIO,AUTOPLAY_RADIO_STATION,20250221,64239,N/A,1740175055501,2,"Hip Hop/Rap, Music","GONE.Fludd, MORGENSHTERN"
"FACE - Baby Radio",RADIO,AUTOPLAY_RADIO_STATION,20250224,159417,N/A,1740425975390,2,"Hip Hop/Rap, Music","Aarne, BUSHIDO ZHO, Big Baby Tape"
"Brent Faiyaz - Fuck the World",ALBUM,UNKNOWN,20250411,223211,N/A,1744373020803,1,"Music, R&B/Soul","Brent Faiyaz"
"ARO - S.Ó.Seni - Single",ALBUM,UNKNOWN,20250202,132822,N/A,1738503579543,2,"Alternative, Indie Pop, Music",ARO
"ARO - S.Ó.Seni - Single",ALBUM,UNKNOWN,20250302,81604,N/A,1740936526625,1,"Alternative, Indie Pop, Music",ARO
"Катя Самбука - Пати - Single",ALBUM,UNKNOWN,20250215,117121,N/A,1739643698700,1,"Music, Pop","Катя Самбука"
"Катя Самбука - Пати - Single",ALBUM,UNKNOWN,20250216,96648,N/A,1739643796225,1,"Music, Pop","Катя Самбука"
"Mr.Santiz - Моей семье - Single",ALBUM,UNKNOWN,20241231,212601,N/A,1735642740743,1,"Hip Hop/Rap, Hip-Hop, Music",Mr.Santiz
"KhaliF & RRuslan - Малефисента Radio",RADIO,AUTOPLAY_RADIO_STATION,20250224,43870,N/A,1740384068676,1,"Music, Pop",ADAM
"KhaliF & RRuslan - Малефисента Radio",RADIO,AUTOPLAY_RADIO_STATION,20250225,166971,N/A,1740501894402,2,"Hip Hop/Rap, Music, Pop","HOVANNII, Slovalava"
"Penguin Piano - Intersteller",ALBUM,UNKNOWN,20250218,210370,N/A,1739901675292,3,"Music, Pop","Penguin Piano"
"Lana Del Rey - Say Yes To Heaven - Single",ALBUM,UNKNOWN,20250211,206862,N/A,1739236245647,1,"Alternative, Music","Lana Del Rey"
"Måneskin - Teatro d'Ira - Vol. I",ALBUM,UNKNOWN,20241206,88697,N/A,1733497251251,1,"Hard Rock, Music, Pop, Rock",Måneskin
"Måneskin - Teatro d'Ira - Vol. I",ALBUM,UNKNOWN,20241212,115590,N/A,1733713061505,1,"Hard Rock, Music, Pop, Rock",Måneskin
"FloyyMenor - PELIGROSA Radio",RADIO,AUTOPLAY_RADIO_STATION,20250215,163340,N/A,1739639569536,1,"Hip Hop/Rap, Music","21 Savage"
"FloyyMenor - PELIGROSA Radio",RADIO,AUTOPLAY_RADIO_STATION,20250221,39306,N/A,1740175230168,1,"Hip Hop/Rap, Music, Rap","21 Savage"
"Brent Faiyaz & Joony - Paper Soldier - Single",ALBUM,UNKNOWN,20250411,202170,N/A,1744373640093,1,"Music, R&B/Soul","Brent Faiyaz, Joony"
"Tyler, The Creator - CHROMAKOPIA Radio",RADIO,AUTOPLAY_RADIO_STATION,20250119,201605,N/A,1737273187019,1,"Hip Hop/Rap, Music","Travis Scott"
"beamglow - baby do you wanna dance? (did it first) - Single Radio",RADIO,AUTOPLAY_RADIO_STATION,20250206,139486,N/A,1738870753342,1,"Brazilian, Electronic, Music","Anar, Polaris"
"beamglow - baby do you wanna dance? (did it first) - Single Radio",RADIO,AUTOPLAY_RADIO_STATION,20250216,60450,N/A,1739713521322,1,"Dance, Hardcore, Music",BOWSY
"FloyyMenor - PELIGROSA - Single Radio",RADIO,AUTOPLAY_RADIO_STATION,20250225,198459,N/A,1740503000280,1,"Hip Hop/Rap, Music, Rap","21 Savage"
"alan vuong - DEEP IN YOUR SOUL - Single",ALBUM,UNKNOWN,20250303,191516,N/A,1740991679641,1,"Alternative, Indie Rock, Music","alan vuong"
"Yaeji - EP2 - EP",ALBUM,UNKNOWN,20250119,57853,N/A,1737288053540,1,"Dance, Electronic, Music",Yaeji
"Yaeji - EP2 - EP",ALBUM,UNKNOWN,20250208,67348,N/A,1739049328148,1,"Dance, Electronic, Music",Yaeji
"Yaeji - EP2 - EP",ALBUM,UNKNOWN,20250216,64197,N/A,1739716972892,1,"Dance, Electronic, Music",Yaeji
"chehollows - AUTOMOTIVO LOOSE CANNON - Single",ALBUM,UNKNOWN,20241212,179421,N/A,1733988585815,1,"Hip Hop/Rap, Music",chehollows
"Chris Isaak - Blue Hotel Radio",RADIO,AUTOPLAY_RADIO_STATION,20250224,178929,N/A,1740384639543,1,"Music, Pop, Pop/Rock, Rock, Rock & Roll, Soft Rock","Roy Orbison"
"Arctic Monkeys - AM",ALBUM,UNKNOWN,20250130,177165,N/A,1738253481993,1,"Adult Alternative, Alternative, Indie Rock, Music, Rock","Arctic Monkeys"
"Ayau - sensiz? - Single",ALBUM,UNKNOWN,20250206,173206,N/A,1738865902621,1,"Music, Pop",Ayau
"M'Dee - Алматинский джаз, Vol. 1",ALBUM,UNKNOWN,20250217,172746,N/A,1739781868082,1,"Music, Pop","M'Dee"
N/A,PLAYLIST,EDITORIAL_PLAYLIST,20250206,171015,N/A,1738859927115,1,"Music, Pop, R&B/Soul","Anderson .Paak, Bruno Mars, Silk Sonic"
"Future & Metro Boomin - WE DON'T TRUST YOU",ALBUM,UNKNOWN,20241212,168097,N/A,1733717811298,1,"Hip Hop/Rap, Music","Future, Metro Boomin, Playboi Carti, Travis Scott"
"LXNGVX - Montagem Mysterious Game - Single",ALBUM,UNKNOWN,20241207,82716,N/A,1733567956647,1,"Electronic, Music",LXNGVX
"LXNGVX - Montagem Mysterious Game - Single",ALBUM,UNKNOWN,20241212,84705,N/A,1733712025990,1,"Electronic, Music",LXNGVX
"Santiz.mc - Моей семье Radio",RADIO,AUTOPLAY_RADIO_STATION,20250315,165934,N/A,1742045517895,1,"Music, Pop","Ernar Amandyq"
"Portugal. The Man - Woodstock",ALBUM,UNKNOWN,20250301,163269,N/A,1740796009835,1,"Alternative, Music","Portugal. The Man"
"Горячий шоколад - Лучшие песни",ALBUM,UNKNOWN,20250206,158519,N/A,1738860321584,1,"Music, Pop","Горячий шоколад"
"Ollane - Touch the Sky (feat. Miyagi) - Single",ALBUM,UNKNOWN,20250307,158198,N/A,1741350104495,1,"Disco, Music, R&B/Soul",Ollane
"ARO - Aigyr - Single Radio",RADIO,AUTOPLAY_RADIO_STATION,20250304,157998,N/A,1741065558259,1,"Music, Pop",Ayau
"Zamiq Hüseynov - Необыкновенные глаза Radio",RADIO,AUTOPLAY_RADIO_STATION,20250218,72525,N/A,1739905330080,1,"Music, Pop",Röya
"Zamiq Hüseynov - Необыкновенные глаза Radio",RADIO,AUTOPLAY_RADIO_STATION,20250221,81378,N/A,1740165995625,1,"Music, Pop, Russian Pop","Sabir Axmedov"
"Tame Impala - Currents",ALBUM,UNKNOWN,20241224,151892,N/A,1735054439830,1,"Alternative, Music","Tame Impala"
"Lil Peep - girls (feat. Horsehead) Radio",RADIO,AUTOPLAY_RADIO_STATION,20250226,148178,N/A,1740568994492,1,"Hip Hop/Rap, Music","21 Savage, Metro Boomin"
"V $ X V PRiNCE - Цветы Radio",RADIO,AUTOPLAY_RADIO_STATION,20241127,93685,N/A,1732703504433,1,"Hip Hop/Rap, Music","Shiza, Ulukmanapo"
"V $ X V PRiNCE - Цветы Radio",RADIO,AUTOPLAY_RADIO_STATION,20241201,52797,N/A,1733048136358,1,"Hip Hop/Rap, Music, Pop","Ирина Кайратовна"
"The Subways - Rock & Roll Queen - Single",ALBUM,UNKNOWN,20250307,146377,N/A,1741348422955,1,"Adult Alternative, Alternative, Music, Punk, Rock","The Subways"
"Dj Patrick R, DJ Erik JP & Mc Magrinho - Automotivo Extradimensional 1.0 - Single",ALBUM,UNKNOWN,20241204,145846,N/A,1733343268253,1,"Baile Funk, Brazilian, Music","DJ Erik JP, Dj Patrick R, Mc Magrinho"
"Диана Гурцкая - Нежная - Single",ALBUM,UNKNOWN,20250222,139459,N/A,1740226715994,1,"Music, Pop","Диана Гурцкая"
"ХАНЗА & OWEEK - Вечеринка Radio",RADIO,AUTOPLAY_RADIO_STATION,20250218,138620,N/A,1739881062349,1,"Music, Pop","Artik & Asti"
"FACE - 24 на 7 Radio",RADIO,AUTOPLAY_RADIO_STATION,20241204,100469,N/A,1733348136429,1,"Hip Hop/Rap, Music","OG Buda"
"FACE - 24 на 7 Radio",RADIO,AUTOPLAY_RADIO_STATION,20241205,37070,N/A,1733375885562,1,"Hip Hop/Rap, Music",kizaru
"Ерлан Кокеев - Танец под дождем Radio",RADIO,AUTOPLAY_RADIO_STATION,20250206,135473,N/A,1738860802713,1,"Music, Pop","Ringo Madlingozi"
"FloyyMenor - PELIGROSA - Single",ALBUM,UNKNOWN,20250225,134930,N/A,1740502801887,1,"Latin, Music",FloyyMenor
"MC Pogba & DJ Guih Da ZO - Ela Joga na Hora - Single",ALBUM,UNKNOWN,20241224,132000,N/A,1735065976065,1,"Electronic, Music","DJ Guih Da ZO, MC Pogba"
"Kendrick Lamar - GNX Radio",RADIO,AUTOPLAY_RADIO_STATION,20250126,129882,N/A,1737886017532,1,"Hip Hop/Rap, Hip-Hop, Music","Baby Keem"
"Cigarettes After Sex - Nothing's Gonna Hurt You Baby Radio",RADIO,AUTOPLAY_RADIO_STATION,20241212,129183,N/A,1733654633468,1,"Alternative, Music","The Neighbourhood"
"Addison Rae - Diet Pepsi - Single Radio",RADIO,AUTOPLAY_RADIO_STATION,20250122,126711,N/A,1737524233393,1,"Music, R&B/Soul",SZA
"AC/DC - Back In Black",ALBUM,UNKNOWN,20250409,120264,N/A,1744226218518,1,"Arena Rock, Australia, Hard Rock, Heavy Metal, Music, Rock, World",AC/DC
"А'Студио - Джулия Radio",RADIO,AUTOPLAY_RADIO_STATION,20250310,115477,N/A,1741613712941,1,"Music, Pop","M'Dee"
"Various Artists - Amor Rockero Radio",RADIO,AUTOPLAY_RADIO_STATION,20250220,114417,N/A,1740046161428,1,"Adult Alternative, Britpop, Electronic, Music, Pop, Pop/Rock, Rock",Blur
"Måneskin - I WANNA BE YOUR SLAVE Radio",RADIO,AUTOPLAY_RADIO_STATION,20241201,112845,N/A,1733071621393,1,"Adult Alternative, Alternative, Indie Rock, Music, Rock","Arctic Monkeys"
"V $ X V PRiNCE - Цветы - Single",ALBUM,UNKNOWN,20241222,110269,N/A,1734858268944,1,"Hip Hop/Rap, Music","V $ X V PRiNCE"
"Doja Cat - Agora Hills Radio",RADIO,AUTOPLAY_RADIO_STATION,20250211,107670,N/A,1739268839491,1,"Music, R&B/Soul","Kali Uchis"
"beabadoobee - Real Man Radio",RADIO,AUTOPLAY_RADIO_STATION,20250119,105048,N/A,1737287749329,1,"Folk, Music, Singer/Songwriter","Liana Flores"
"Монеточка - Каждый раз Radio",RADIO,AUTOPLAY_RADIO_STATION,20241201,96256,N/A,1733071332974,1,"Music, Pop, Teen Pop",Монеточка
"Артем Пивоваров - Собирай меня Radio",RADIO,AUTOPLAY_RADIO_STATION,20250130,95356,N/A,1738257911688,1,"Music, Pop",DOROFEEVA
"Kendrick Lamar - DAMN. Radio",RADIO,AUTOPLAY_RADIO_STATION,20250119,47486,N/A,1737285728841,1,"Hip Hop/Rap, Music, Rock","Tyler, The Creator"
"Kendrick Lamar - DAMN. Radio",RADIO,AUTOPLAY_RADIO_STATION,20250121,46450,N/A,1737451701034,1,"Hip Hop/Rap, Music","Travis Scott"
"Basta - Баста 4 Radio",RADIO,AUTOPLAY_RADIO_STATION,20250218,93008,N/A,1739902479929,1,"Hip Hop/Rap, Music","Каспийский груз"
"МОТ - Когда мужчина влюблён Radio",RADIO,AUTOPLAY_RADIO_STATION,20250218,31436,N/A,1739908254694,1,"Hip Hop/Rap, Music",Basta
"МОТ - Когда мужчина влюблён Radio",RADIO,AUTOPLAY_RADIO_STATION,20250219,61512,N/A,1739999231458,2,"Hip Hop/Rap, Music, Pop","Timati, Джиган"
"Tones And I - Dance Monkey Radio",RADIO,AUTOPLAY_RADIO_STATION,20250219,90762,N/A,1739998415505,1,"Music, R&B/Soul","Doja Cat"
"Addison Rae - Diet Pepsi Radio",RADIO,AUTOPLAY_RADIO_STATION,20250121,88656,N/A,1737479464168,1,"Music, Pop","Olivia Rodrigo"
"Miles Kane - Colour of the Trap",ALBUM,UNKNOWN,20250214,85700,N/A,1739562805106,1,"Adult Alternative, Alternative, Indie Rock, Music, Rock","Miles Kane"
"Faye Webster - Kingston Radio",RADIO,AUTOPLAY_RADIO_STATION,20250128,84866,N/A,1738054267728,1,"Alternative, Music","Mac DeMarco"
"Leat'eq - Tokyo Radio",RADIO,AUTOPLAY_RADIO_STATION,20250126,43248,N/A,1737925011515,1,"Electronic, Music",Portwave
"Leat'eq - Tokyo Radio",RADIO,AUTOPLAY_RADIO_STATION,20250130,41407,N/A,1738219282432,1,"Dance, Electronic, Music",Geoxor
"Justin Timberlake - Justified",ALBUM,UNKNOWN,20250228,39064,N/A,1740749912883,1,"Adult Contemporary, Contemporary R&B, Dance, Electronic, Music, Pop, R&B/Soul, Teen Pop","Justin Timberlake"
"Justin Timberlake - Justified",ALBUM,UNKNOWN,20250301,43807,N/A,1740796064274,1,"Adult Contemporary, Contemporary R&B, Dance, Electronic, Music, Pop, R&B/Soul, Teen Pop","Justin Timberlake"
"FACE - МОЙ КАЛАШНИКОВ - Single",ALBUM,UNKNOWN,20241231,82829,N/A,1735648188265,1,"Hip Hop/Rap, Music",FACE
"Ren0wned - Woops - EP",ALBUM,UNKNOWN,20241210,82243,N/A,1733868357498,1,"Alternative, Music",Ren0wned
"chehollows - AUTOMOTIVO LOOSE CANNON Radio",RADIO,AUTOPLAY_RADIO_STATION,20241127,74003,N/A,1732682491506,1,"Alternative Rap, Hip Hop/Rap, Music, Underground Rap","DJ CAVANHA"
"MARAQE & QYRMAN - Любовь (feat. MUQHA) - Single Radio",RADIO,AUTOPLAY_RADIO_STATION,20241219,72078,N/A,1734627195819,1,"Hip Hop/Rap, Music",Rusty
"Duman - Баяғыдай Radio",RADIO,AUTOPLAY_RADIO_STATION,20250227,71695,N/A,1740677499085,1,"Music, Pop, Singer/Songwriter","Kazybek Kuraiysh"
"Nils van Zandt - Round and Round (둥글게 둥글게) - Single",ALBUM,UNKNOWN,20250126,69357,N/A,1737908167369,1,"Dance, House, Music","Nils van Zandt"
"KREZUS, askat & Mc Lysa - Vai Me Bota (Hardstyle Remix) - EP",ALBUM,UNKNOWN,20241210,69033,N/A,1733868433426,1,"Electronic, Music","KREZUS, Mc Lysa, askat"
"chehollows - AUTOMOTIVO LOOSE CANNON - Single Radio",RADIO,AUTOPLAY_RADIO_STATION,20241212,68442,N/A,1733988671723,1,"Dance, Funk, Music, R&B/Soul","DJ ANXVAR, MC LONE"
"Gorillaz - She's My Collar (feat. Kali Uchis) Radio",RADIO,AUTOPLAY_RADIO_STATION,20250222,68374,N/A,1740218438705,1,"Adult Alternative, Alternative, Indie Rock, Music, Rock","Arctic Monkeys"
"DJ ANXVAR & MC LONE - FODE DENTRO - EP",ALBUM,UNKNOWN,20241210,67451,N/A,1733868261015,1,"Dance, Funk, Music, R&B/Soul","DJ ANXVAR, MC LONE"
"Argonya & Bake - Dana - Single",ALBUM,UNKNOWN,20250123,66045,N/A,1737651192910,1,"Music, Pop","Argonya, Bake"
"Lana Del Rey - Ultraviolence Radio",RADIO,AUTOPLAY_RADIO_STATION,20250209,65446,N/A,1739127904035,1,"Music, Pop","Doja Cat"
"alan vuong - DEEP IN YOUR SOUL - Single Radio",RADIO,AUTOPLAY_RADIO_STATION,20250303,65007,N/A,1740991744821,1,"Hip Hop/Rap, Music","Nobu Woods"
"Ski Aggu, Joost & Otto Waalkes - Friesenjung Radio",RADIO,AUTOPLAY_RADIO_STATION,20250218,60497,N/A,1739901907897,1,"Hip Hop/Rap, Music","Ritter Lean"
"Chris Isaak - Chris Isaak Radio",RADIO,AUTOPLAY_RADIO_STATION,20250227,59439,N/A,1740684191522,1,"Music, Rock","The Police"
"Монеточка - Папина любовница Radio",RADIO,AUTOPLAY_RADIO_STATION,20241127,54779,N/A,1732682759853,1,"Music, Rock",Земфира
"Various Artists - Fifty Shades of Grey (Original Motion Picture Soundtrack)",ALBUM,UNKNOWN,20250317,50199,N/A,1742242878925,1,"Music, Soundtrack","Annie Lennox"
"А'Студио - Джулия Radio",RADIO,AUTOPLAY_RADIO_STATION,20250118,49077,N/A,1737190715061,1,"Hip Hop/Rap, Music",Basta
"Blur - Blur",ALBUM,UNKNOWN,20241222,48689,N/A,1734858713401,1,"Music, Pop",Blur
"МОТ - Парабола",ALBUM,UNKNOWN,20250220,47904,N/A,1740038961523,1,"Hip Hop/Rap, Music, Pop",МОТ
"Кот Балу - О моей любви (feat. Santiz & QB) - Single Radio",RADIO,AUTOPLAY_RADIO_STATION,20250130,47614,N/A,1738253740358,1,"Hip Hop/Rap, Music",Ассаи
"Chase Atlantic - The Walls Radio",RADIO,AUTOPLAY_RADIO_STATION,20241204,45019,N/A,1733334339990,1,"Adult Alternative, Alternative, Indie Rock, Music, Rock","Arctic Monkeys"
N/A,RADIO,AUTOPLAY_RADIO_STATION,20241229,44597,N/A,1735462299292,1,"Hip Hop/Rap, Music","0to8, Veles"
"Radiohead - The Bends Radio",RADIO,AUTOPLAY_RADIO_STATION,20250216,42399,N/A,1739713305507,1,"Adult Alternative, Bebop, Electronic, Electronica, Jazz, Music, Rock",Portishead
"Leat'eq - Tokyo - Single",ALBUM,UNKNOWN,20250317,41712,N/A,1742243180659,1,"Electronic, Music","Leat'eq"
"Zvonkiy - Голоса Radio",RADIO,AUTOPLAY_RADIO_STATION,20241128,40957,N/A,1732825025035,1,"Music, Pop","Леша Свик"
"Empire Of The Sun - We Are the People Radio",RADIO,AUTOPLAY_RADIO_STATION,20250105,40947,N/A,1736071542495,1,"Dance, Electronic, Music, Rock, Techno","Miami Horror"
"MC Pogba & DJ Guih Da ZO - Ela Joga na Hora Radio",RADIO,AUTOPLAY_RADIO_STATION,20241201,40677,N/A,1733049850264,1,"Brazilian, Music","DJ MAVICC, DJ RD DA DZ7"
"Buray - 1 Şişe Aşk",ALBUM,UNKNOWN,20250317,40244,N/A,1742213311897,1,"Music, Pop",Buray
"Travis Scott - UTOPIA Radio",RADIO,AUTOPLAY_RADIO_STATION,20241207,38256,N/A,1733584730414,1,"Dirty South, Hardcore Rap, Hip Hop/Rap, Music, Rap, Underground Rap","21 Savage, Metro Boomin"
"Rauf & Faik - моя Radio",RADIO,AUTOPLAY_RADIO_STATION,20250216,37113,N/A,1739728979700,1,"Music, Pop","HammAli & Navai"
"MRL & MC GW - The Automotivo Infernal 1.0 - Purple (Slowed) - Single Radio",RADIO,AUTOPLAY_RADIO_STATION,20241204,36000,N/A,1733331424464,1,"Brazilian, Music","Mc Jacaré"
"MAYOT - ОБА",ALBUM,UNKNOWN,20250215,35472,N/A,1739568474687,1,"Hip Hop/Rap, Music",MAYOT
"The Mamas & The Papas - California Dreamin' (Single) Radio",RADIO,AUTOPLAY_RADIO_STATION,20250130,35117,N/A,1738257513913,1,"Music, Oldies, Pop","The Ronettes"
"Lil Peep - nuts (feat. rainy bear) Radio",RADIO,AUTOPLAY_RADIO_STATION,20241126,32462,N/A,1732642191073,1,"Alternative Rap, Hip Hop/Rap, Music","Cold Hart"
"Nirvana - Nevermind (30th Anniversary Super Deluxe) Radio",RADIO,AUTOPLAY_RADIO_STATION,20250119,31067,N/A,1737267919011,1,"Alternative, Music",Radiohead
"Sade - Smooth Operator (Single Version) Radio",RADIO,AUTOPLAY_RADIO_STATION,20250208,30710,N/A,1739030681888,1,"Music, Pop",Sting
