"Last Modified","Container Type","Container Description","Track Description","Ignore For Recommendations",Country,"Container Reference","Track Reference","Feature Name","First Event Timestamp","Last End Reason Tyoe","Last Event End Timestamp","Last Event Received Timestamp","Last Event Start Timestamp","Max Event End Position in millis","Max Play Duration in millis","Media duration in millis","Media type","Min Event Start Position in millis","Total plays","Total skips","Total play duration in millis"
2025-04-13T13:50:26.912Z,Playlist,"Favourite Songs","Bertha Tilman - Oh My Angel",false,Kazakhstan,2,945832628,library/playlist_detail,2025-04-13T13:50:26.912Z,PLAYBACK_MANUALLY_PAUSED,2025-04-14T17:50:26.147Z,2025-04-14T18:13:00.411Z,2025-04-14T18:13:00.411Z,142853,142853,142918,AUDIO,0,6,1,658006
2025-04-13T13:50:48.337Z,Playlist,"Favourite Songs","The Smiths - Heaven Knows I'm Miserable Now",false,Kazakhstan,2,799969786,library/playlist_detail,2025-04-13T13:50:48.337Z,NATURAL_END_OF_TRACK,2025-04-14T17:49:06.896Z,2025-04-14T17:46:41.452Z,2025-04-14T17:45:30.452Z,216453,216453,216487,AUDIO,0,6,3,558496
2025-04-13T13:58:19.645Z,Playlist,"Favourite Songs","The White Stripes - Seven Nation Army",false,Kazakhstan,2,1533513537,library/playlist_detail,2025-04-13T13:58:19.645Z,NATURAL_END_OF_TRACK,2025-04-14T17:45:31.111Z,2025-04-14T17:46:41.452Z,2025-04-14T17:41:39.452Z,232113,231971,232234,AUDIO,0,4,2,252747
2025-04-13T14:36:24.771Z,Playlist,"Favourite Songs","Nina Simone - Feeling Good",false,Kazakhstan,2,1445668114,library/playlist_detail,2025-04-13T14:36:24.771Z,NATURAL_END_OF_TRACK,2025-04-14T17:41:39.452Z,2025-04-14T17:46:41.452Z,2025-04-14T17:38:41.785Z,177667,177667,177699,AUDIO,0,3,2,268985
2025-04-13T14:37:12.466Z,Playlist,"Favourite Songs","The Animals - The House of the Rising Sun",false,Kazakhstan,2,726189776,library/playlist_detail,2025-04-13T14:37:12.466Z,NATURAL_END_OF_TRACK,2025-04-14T17:38:41.452Z,2025-04-14T17:46:41.452Z,2025-04-14T17:34:10.497Z,270955,270955,270976,AUDIO,0,3,1,625372
2025-04-13T14:41:11.687Z,Playlist,"Favourite Songs","Nina Simone - I Put a Spell On You",false,Kazakhstan,2,1445667962,library/playlist_detail,2025-04-13T14:41:11.687Z,NATURAL_END_OF_TRACK,2025-04-14T17:34:09.452Z,2025-04-14T17:46:41.452Z,2025-04-14T17:31:32.099Z,157353,157353,157372,AUDIO,0,4,3,378498
2025-04-13T14:43:44.222Z,Playlist,"Favourite Songs","Whitesnake - Is This Love",false,Kazakhstan,2,699744061,library/playlist_detail,2025-04-13T14:43:44.222Z,NATURAL_END_OF_TRACK,2025-04-14T17:31:31.452Z,2025-04-14T17:46:41.452Z,2025-04-14T17:29:55.793Z,284400,226202,284537,AUDIO,0,5,3,965671
2025-03-30T11:10:00.082Z,N/A,N/A,"Måneskin - Beggin'",false,Kazakhstan,N/A,1320781379,"library / songs",2025-03-30T11:10:00.082Z,PLAYBACK_MANUALLY_PAUSED,2025-04-14T09:14:34.515Z,2025-04-14T09:14:34.591Z,2025-04-14T09:14:27.402Z,211560,211560,211560,AUDIO,0,8,6,1242737
2025-04-05T20:27:07.521Z,Playlist,"Favourite Songs","Nafeesisboujee - Stephanie",false,Kazakhstan,2,1785446120,"library / songs",2025-04-05T20:27:07.521Z,NATURAL_END_OF_TRACK,2025-04-14T09:14:27.139Z,2025-04-14T09:14:27.236Z,2025-04-14T09:12:20.170Z,126969,126969,126969,AUDIO,0,5,2,461157
2025-04-12T21:24:09.407Z,N/A,N/A,"Ernar Amandyq - Meni kut",false,Kazakhstan,N/A,1781052381,"library / songs",2025-04-12T21:24:09.407Z,"MANUALLY_SELECTED_PLAYBACK_OF_A_DIFF_ITEM",2025-04-14T09:12:16.744Z,2025-04-14T09:12:17.100Z,2025-04-14T09:12:16.030Z,276341,276341,276341,AUDIO,0,4,3,627064
2025-04-13T13:46:42.335Z,N/A,N/A,"Scorpions - Still Loving You (2015 - Remaster)",false,Kazakhstan,N/A,1494043223,"library / songs",2025-04-13T13:46:42.335Z,NATURAL_END_OF_TRACK,2025-04-14T09:12:16.742Z,2025-04-14T09:12:16.766Z,2025-04-14T09:05:48.129Z,388613,388613,388613,AUDIO,0,4,1,1388758
2025-03-22T15:33:22.855Z,N/A,N/A,"Земфира - П.М.М.Л.",false,Kazakhstan,N/A,1589963816,"library / songs",2025-03-22T15:33:22.855Z,PLAYBACK_MANUALLY_PAUSED,2025-04-13T20:23:44.383Z,2025-04-13T20:23:44.589Z,2025-04-13T20:21:47.656Z,217173,217173,217173,AUDIO,0,7,6,796405
2025-04-06T13:07:38.275Z,Playlist,"Favourite Songs","AC/DC - Highway to Hell",false,Kazakhstan,2,574044008,"library / songs",2025-04-06T13:07:38.275Z,PLAYBACK_MANUALLY_PAUSED,2025-04-13T20:21:39.019Z,2025-04-13T20:21:39.104Z,2025-04-13T20:21:31.718Z,208111,140302,208110,AUDIO,0,9,8,466105
2025-04-06T17:01:01.844Z,N/A,N/A,"Иван Дорн - Северное сияние",false,Kazakhstan,N/A,1570806175,"library / songs",2025-04-06T17:01:01.844Z,NATURAL_END_OF_TRACK,2025-04-13T20:21:32.224Z,2025-04-13T20:21:32.252Z,2025-04-13T20:18:04.700Z,207524,207524,207524,AUDIO,0,6,2,1103078
2025-04-09T19:25:27.654Z,N/A,N/A,"Иван Дорн - Целовать другого",false,Kazakhstan,N/A,1595997997,"library / songs",2025-04-09T19:25:27.654Z,NATURAL_END_OF_TRACK,2025-04-13T20:18:04.750Z,2025-04-13T20:18:04.778Z,2025-04-13T20:15:03.598Z,181152,181152,181152,AUDIO,0,4,1,716161
2025-04-11T14:26:34.182Z,N/A,N/A,"Не Всё Сказано - Будь собой",false,Kazakhstan,N/A,1545737144,"library / songs",2025-04-11T14:26:34.182Z,PLAYBACK_MANUALLY_PAUSED,2025-04-13T20:14:53.307Z,2025-04-13T20:14:53.870Z,2025-04-13T20:14:25.272Z,207702,207702,214482,AUDIO,0,4,4,375910
2025-04-12T17:57:05.085Z,N/A,N/A,"sombr - back to friends",false,Kazakhstan,N/A,1786481197,"library / songs",2025-04-12T17:57:05.085Z,NATURAL_END_OF_TRACK,2025-04-13T20:14:25.746Z,2025-04-13T20:14:25.775Z,2025-04-13T20:11:06.714Z,199032,199032,199032,AUDIO,0,3,2,496156
2025-04-13T16:25:03.228Z,N/A,N/A,"Aerosmith - I Don't Want To Miss A Thing (From ""Armageddon"" Soundtrack)",false,Kazakhstan,N/A,1660108804,"search / search_landing",2025-04-13T16:25:03.228Z,PLAYBACK_MANUALLY_PAUSED,2025-04-13T16:44:51.205Z,2025-04-13T16:44:51.239Z,2025-04-13T16:44:49.310Z,40950,9416,299723,AUDIO,0,1,0,19386
2025-04-13T16:23:38.230Z,N/A,N/A,"Nazareth - Love Hurts",false,Kazakhstan,N/A,1435166519,"search / search_landing",2025-04-13T16:23:38.230Z,PLAYBACK_MANUALLY_PAUSED,2025-04-13T16:23:57.422Z,2025-04-13T16:23:58.431Z,2025-04-13T16:23:54.913Z,22117,3822,233293,AUDIO,0,1,1,6331
2025-04-13T16:23:34.041Z,N/A,N/A,"Nazareth - Love Hurts (Single Edit)",false,Kazakhstan,N/A,1441033693,"search / search_landing",2025-04-13T16:23:34.041Z,"MANUALLY_SELECTED_PLAYBACK_OF_A_DIFF_ITEM",2025-04-13T16:23:34.041Z,2025-04-13T16:23:49.442Z,2025-04-13T16:23:34.041Z,0,0,232120,AUDIO,0,1,1,0
2025-04-13T16:22:53.977Z,N/A,N/A,"Foreigner - I Want to Know What Love Is",false,Kazakhstan,N/A,284531789,"search / search_landing",2025-04-13T16:22:53.977Z,PLAYBACK_MANUALLY_PAUSED,2025-04-13T16:23:01.045Z,2025-04-13T16:23:02.850Z,2025-04-13T16:22:57.620Z,18242,4760,301107,AUDIO,0,1,0,8185
2025-04-13T16:22:13.526Z,N/A,N/A,"Poison - Every Rose Has Its Thorn",false,Kazakhstan,N/A,716552556,"search / search_landing",2025-04-13T16:22:13.526Z,PLAYBACK_MANUALLY_PAUSED,2025-04-13T16:22:26.642Z,2025-04-13T16:22:26.704Z,2025-04-13T16:22:21.961Z,22827,6849,260173,AUDIO,0,1,1,11530
2025-04-13T16:22:11.853Z,N/A,N/A,"Pet Care Music Therapy - Every Rose Has It's Thorn",false,Kazakhstan,N/A,1808014536,"search / search_landing",2025-04-13T16:22:11.853Z,PLAYBACK_MANUALLY_PAUSED,2025-04-13T16:22:11.853Z,2025-04-13T16:22:11.961Z,2025-04-13T16:22:11.853Z,0,0,163416,AUDIO,0,1,0,0
2025-04-11T21:18:01.120Z,N/A,N/A,"Cigarettes After Sex - Flash",false,Kazakhstan,N/A,1217977756,"search / search_landing",2025-04-11T21:18:01.120Z,NATURAL_END_OF_TRACK,2025-04-13T16:09:52.404Z,2025-04-13T16:09:52.441Z,2025-04-13T16:05:58.727Z,274107,274106,274107,AUDIO,0,2,0,548213
2025-04-13T14:43:20.936Z,N/A,N/A,"The Strokes - Reptilia",false,Kazakhstan,N/A,302987569,"search / search_landing",2025-04-13T14:43:20.936Z,PLAYBACK_MANUALLY_PAUSED,2025-04-13T14:43:27.826Z,2025-04-13T14:43:27.871Z,2025-04-13T14:43:24.949Z,45781,3792,219827,AUDIO,0,1,0,6669
2025-04-13T14:42:46.636Z,N/A,N/A,"Justin Timberlake - Cry Me a River",false,Kazakhstan,N/A,252606592,"search / search_landing",2025-04-13T14:42:46.636Z,PLAYBACK_MANUALLY_PAUSED,2025-04-13T14:42:52.700Z,2025-04-13T14:42:52.880Z,2025-04-13T14:42:49.490Z,30197,3210,288333,AUDIO,0,1,0,5843
2025-04-13T14:42:35.290Z,N/A,N/A,"Julie London - Cry Me a River",false,Kazakhstan,N/A,716358233,"search / search_landing",2025-04-13T14:42:35.290Z,"MANUALLY_SELECTED_PLAYBACK_OF_A_DIFF_ITEM",2025-04-13T14:42:44.480Z,2025-04-13T14:42:46.280Z,2025-04-13T14:42:39.461Z,21713,5019,178573,AUDIO,0,1,1,8922
2025-04-13T14:42:12.886Z,N/A,N/A,"Bill Withers - Ain't No Sunshine",false,Kazakhstan,N/A,293521573,"search / search_landing",2025-04-13T14:42:12.886Z,PLAYBACK_MANUALLY_PAUSED,2025-04-13T14:42:23.392Z,2025-04-13T14:42:23.436Z,2025-04-13T14:42:12.886Z,10506,10506,126458,AUDIO,0,1,0,10506
2025-04-13T14:41:47.215Z,N/A,N/A,"Annie Lennox - I Put a Spell On You",false,Kazakhstan,N/A,1440845490,"search / search_landing",2025-04-13T14:41:47.215Z,PLAYBACK_MANUALLY_PAUSED,2025-04-13T14:41:50.513Z,2025-04-13T14:41:50.545Z,2025-04-13T14:41:48.244Z,10663,2269,210520,AUDIO,0,1,0,3018
2025-04-13T14:40:21.880Z,N/A,N/A,"The Rolling Stones - Paint It Black",false,Kazakhstan,N/A,1440765582,"search / search_landing",2025-04-13T14:40:21.880Z,PLAYBACK_MANUALLY_PAUSED,2025-04-13T14:40:41.131Z,2025-04-13T14:40:41.470Z,2025-04-13T14:40:35.052Z,21054,13326,204848,AUDIO,0,1,0,19405
2025-04-13T14:36:49.555Z,N/A,N/A,"Michael Bublé - Feeling Good",false,Kazakhstan,N/A,668403541,"search / search_landing",2025-04-13T14:36:49.555Z,PLAYBACK_MANUALLY_PAUSED,2025-04-13T14:36:58.133Z,2025-04-13T14:36:58.183Z,2025-04-13T14:36:49.555Z,8578,8578,237029,AUDIO,0,1,0,8578
2025-03-22T14:52:34.949Z,N/A,N/A,"KhaliF & RRuslan - Малефисента",false,Kazakhstan,N/A,1607332154,"search / search_landing",2025-03-22T14:52:34.949Z,NATURAL_END_OF_TRACK,2025-04-13T11:38:37.787Z,2025-04-13T11:38:37.915Z,2025-04-13T11:35:32.511Z,185276,185276,185276,AUDIO,0,7,4,1126764
2025-04-09T06:33:29.456Z,N/A,N/A,"Zvonkiy - Голоса",false,Kazakhstan,N/A,1482390037,"search / search_landing",2025-04-09T06:33:29.456Z,"MANUALLY_SELECTED_PLAYBACK_OF_A_DIFF_ITEM",2025-04-13T11:35:31.001Z,2025-04-13T11:35:31.566Z,2025-04-13T11:35:30.050Z,206400,206400,206400,AUDIO,0,3,1,509840
2025-03-25T21:18:38.440Z,Playlist,"Favourite Songs","The Neighbourhood - Baby Came Home 2 / Valentines",false,Kazakhstan,2,1030116020,"library / songs",2025-03-25T21:18:38.440Z,OTHER,2025-04-12T18:03:12.341Z,2025-04-12T18:03:12.442Z,2025-04-12T18:03:11.505Z,260773,260773,390502,AUDIO,0,3,3,277911
2025-03-16T12:28:22.137Z,N/A,N/A,"21 Savage - ball w/o you",false,Kazakhstan,N/A,1446918510,"library / songs",2025-03-16T12:28:22.137Z,TRACK_SKIPPED_FORWARDS,2025-04-12T18:03:07.411Z,2025-04-12T18:03:07.581Z,2025-04-12T18:03:06.031Z,195047,195047,195047,AUDIO,0,9,7,1093329
2025-04-11T14:43:12.548Z,N/A,N/A,"Blood Orange - Champagne Coast",false,Kazakhstan,N/A,444588093,"search / search_landing",2025-04-11T14:43:12.548Z,"MANUALLY_SELECTED_PLAYBACK_OF_A_DIFF_ITEM",2025-04-12T17:56:50.395Z,2025-04-12T17:56:52.865Z,2025-04-12T17:55:42.692Z,194429,159532,294413,AUDIO,0,1,1,262132
2025-02-27T12:48:31.213Z,Playlist,"Favourite Songs","OG Buda - Строчки о Бывших",false,Kazakhstan,2,1683141463,"library / songs",2025-02-27T12:48:31.213Z,PLAYBACK_MANUALLY_PAUSED,2025-04-12T17:06:16.167Z,2025-04-12T17:06:16.216Z,2025-04-12T17:03:50.492Z,201649,201649,201649,AUDIO,0,6,5,555552
2025-02-22T13:15:50.472Z,Playlist,"Favourite Songs","The Police - Every Breath You Take (Remastered 2003)",false,Kazakhstan,2,1440674160,"library / songs",2025-02-22T13:15:50.472Z,"MANUALLY_SELECTED_PLAYBACK_OF_A_DIFF_ITEM",2025-04-12T17:03:50.150Z,2025-04-12T17:03:50.335Z,2025-04-12T17:00:15.842Z,253960,253960,253960,AUDIO,0,26,21,3913585
2025-03-07T14:54:04.733Z,N/A,N/A,"Labrinth - Still Don't Know My Name",false,Kazakhstan,N/A,1481092695,"library / songs",2025-03-07T14:54:04.733Z,"MANUALLY_SELECTED_PLAYBACK_OF_A_DIFF_ITEM",2025-04-12T17:00:15.041Z,2025-04-12T17:00:15.183Z,2025-04-12T17:00:07.054Z,153294,153294,153294,AUDIO,0,10,9,296306
2025-03-06T18:09:46.434Z,Playlist,cas<3,"Cigarettes After Sex - K.",false,Kazakhstan,256000517,1217977706,"library / songs",2025-03-06T18:09:46.434Z,"MANUALLY_SELECTED_PLAYBACK_OF_A_DIFF_ITEM",2025-04-12T16:56:21.683Z,2025-04-12T16:56:21.867Z,2025-04-12T16:53:00.028Z,319560,319560,319560,AUDIO,0,5,4,767583
2025-03-07T14:41:54.258Z,Album,"Cigarettes After Sex - Cry","Cigarettes After Sex - Touch",false,Kazakhstan,1476598231,1476598236,"library / songs",2025-03-07T14:41:54.258Z,"MANUALLY_SELECTED_PLAYBACK_OF_A_DIFF_ITEM",2025-04-12T16:52:59.664Z,2025-04-12T16:56:21.867Z,2025-04-12T16:52:50.346Z,292414,292414,292853,AUDIO,0,4,3,1146005
2025-03-02T17:56:47.163Z,Album,"Radiohead - Creep - EP","Radiohead - Creep",false,Kazakhstan,1112408383,1112409864,"library / songs",2025-03-02T17:56:47.163Z,"MANUALLY_SELECTED_PLAYBACK_OF_A_DIFF_ITEM",2025-04-12T16:51:48.218Z,2025-04-12T16:56:21.867Z,2025-04-12T16:47:56.633Z,238640,238640,238640,AUDIO,0,27,23,3561210
2025-01-30T16:11:55.811Z,"Radio Station","Кот Балу - О моей любви (feat. Santiz & QB) - Single","Кот Балу - О моей любви (feat. Santiz & QB)",false,Kazakhstan,1688697386,1688697394,"library / songs",2025-01-30T16:11:55.811Z,NATURAL_END_OF_TRACK,2025-04-12T16:47:56.760Z,2025-04-12T16:56:21.867Z,2025-04-12T16:44:41.254Z,195506,195506,195506,AUDIO,0,24,8,4095409
2025-03-20T23:36:52.521Z,Playlist,"Favourite Songs","NBSPLV - The Lost Soul Down X Lost Soul",false,Kazakhstan,2,1702842342,"library / songs",2025-03-20T23:36:52.521Z,"MANUALLY_SELECTED_PLAYBACK_OF_A_DIFF_ITEM",2025-04-12T16:44:40.856Z,2025-04-12T16:56:21.867Z,2025-04-12T16:44:23.590Z,151423,151396,151349,AUDIO,0,14,4,1540895
2025-03-19T16:58:38.161Z,N/A,N/A,"Скриптонит - Космос (feat. Charusha)",false,Kazakhstan,N/A,1530288172,"library / songs",2025-03-19T16:58:38.161Z,"MANUALLY_SELECTED_PLAYBACK_OF_A_DIFF_ITEM",2025-04-12T16:44:23.218Z,2025-04-12T16:56:21.867Z,2025-04-12T16:44:06.858Z,227691,227691,227691,AUDIO,0,4,3,298906
2025-03-18T21:31:26.861Z,Playlist,sprıng,"Chezile - Beanie (Slowed)",false,Kazakhstan,256000769,1777624321,"library / songs",2025-03-18T21:31:26.861Z,NATURAL_END_OF_TRACK,2025-04-12T16:44:06.986Z,2025-04-12T16:56:21.867Z,2025-04-12T16:41:38.641Z,148345,148345,148345,AUDIO,0,5,3,467348
2025-03-19T15:20:56.050Z,Playlist,"Favourite Songs","Billie Eilish - bitches broken hearts",false,Kazakhstan,2,1362274278,"library / songs",2025-03-19T15:20:56.050Z,"MANUALLY_SELECTED_PLAYBACK_OF_A_DIFF_ITEM",2025-04-12T16:41:38.249Z,2025-04-12T16:56:21.867Z,2025-04-12T16:39:16.028Z,176580,176535,176472,AUDIO,0,10,4,1784578
2025-03-19T15:17:44.564Z,Playlist,sprıng,"Billie Eilish - idontwannabeyouanymore",false,Kazakhstan,256000769,1440899127,"library / songs",2025-03-19T15:17:44.564Z,"MANUALLY_SELECTED_PLAYBACK_OF_A_DIFF_ITEM",2025-04-12T16:39:15.660Z,2025-04-12T16:56:21.867Z,2025-04-12T16:39:15.025Z,190054,190054,203569,AUDIO,0,6,6,237763
2025-03-17T13:58:42.913Z,"Radio Station","Brent Faiyaz - Fuck the World","Brent Faiyaz - Been Away",false,Kazakhstan,1488013862,1488014197,"library / songs",2025-03-17T13:58:42.913Z,"MANUALLY_SELECTED_PLAYBACK_OF_A_DIFF_ITEM",2025-04-12T16:39:12.964Z,2025-04-12T16:56:21.867Z,2025-04-12T16:39:10.140Z,223646,223646,223630,AUDIO,0,6,3,1021244
2025-03-30T12:13:32.297Z,N/A,N/A,"Cigarettes After Sex - Baby Blue Movie",false,Kazakhstan,N/A,1783181570,"library / songs",2025-03-30T12:13:32.297Z,"MANUALLY_SELECTED_PLAYBACK_OF_A_DIFF_ITEM",2025-04-12T16:39:09.753Z,2025-04-12T16:56:21.867Z,2025-04-12T16:38:37.330Z,244733,244733,244733,AUDIO,0,3,1,521889
2025-03-25T21:27:36.869Z,Playlist,"Favourite Songs","Bazzi - Fantasy",false,Kazakhstan,2,1369439264,"library / songs",2025-03-25T21:27:36.869Z,PLAYBACK_MANUALLY_PAUSED,2025-04-12T16:33:12.484Z,2025-04-12T16:33:12.529Z,2025-04-12T16:33:11.719Z,148307,148273,148230,AUDIO,0,1,0,229632
2025-03-10T09:43:00.795Z,N/A,N/A,"Måneskin - I WANNA BE YOUR SLAVE",false,Kazakhstan,N/A,1556035502,"library / songs",2025-03-10T09:43:00.795Z,"MANUALLY_SELECTED_PLAYBACK_OF_A_DIFF_ITEM",2025-04-12T12:59:52.997Z,2025-04-12T13:12:38.234Z,2025-04-12T12:57:11.180Z,173347,173347,173347,AUDIO,0,12,4,2072976
2025-03-04T19:35:11.356Z,Album,"Ollane - Touch the Sky (feat. Miyagi) - Single","Ollane - Touch the Sky (feat. Miyagi)",false,Kazakhstan,1509667348,1509667929,"library / songs",2025-03-04T19:35:11.356Z,"MANUALLY_SELECTED_PLAYBACK_OF_A_DIFF_ITEM",2025-04-12T12:57:10.816Z,2025-04-12T13:12:38.234Z,2025-04-12T12:56:31.927Z,170378,170348,170348,AUDIO,0,17,11,1947115
2025-03-07T12:35:54.733Z,N/A,N/A,"ARShAT & dudeontheguitar - Gashyqpyn sagan (Live)",false,Kazakhstan,N/A,1725961596,"library / songs",2025-03-07T12:35:54.733Z,"MANUALLY_SELECTED_PLAYBACK_OF_A_DIFF_ITEM",2025-04-12T12:56:31.555Z,2025-04-12T13:12:38.234Z,2025-04-12T12:56:26.658Z,176250,176250,176250,AUDIO,0,16,13,1402201
2025-03-17T20:19:13.593Z,N/A,N/A,"Mariah Carey - My All",false,Kazakhstan,N/A,192812595,"library / songs",2025-03-17T20:19:13.593Z,"MANUALLY_SELECTED_PLAYBACK_OF_A_DIFF_ITEM",2025-04-12T12:56:26.253Z,2025-04-12T13:12:38.234Z,2025-04-12T12:53:02.903Z,230933,230933,230933,AUDIO,0,8,6,1319312
2025-03-22T15:23:27.253Z,N/A,N/A,"Lady Gaga & Bruno Mars - Die With A Smile",false,Kazakhstan,N/A,1762656732,"library / songs",2025-03-22T15:23:27.253Z,"MANUALLY_SELECTED_PLAYBACK_OF_A_DIFF_ITEM",2025-04-12T12:53:02.504Z,2025-04-12T13:12:38.234Z,2025-04-12T12:53:02.199Z,251668,251668,251667,AUDIO,0,7,6,894003
2025-03-15T12:51:47.247Z,N/A,N/A,"SEREBRO - Между нами любовь",false,Kazakhstan,N/A,1235041086,"library / songs",2025-03-15T12:51:47.247Z,"MANUALLY_SELECTED_PLAYBACK_OF_A_DIFF_ITEM",2025-04-12T12:49:44.384Z,2025-04-12T13:12:38.234Z,2025-04-12T12:47:47.767Z,180936,180936,191406,AUDIO,0,8,8,1100710
2025-03-02T17:27:25.021Z,Album,"ARO - S.Ó.Seni - Single","ARO - S.Ó.Seni",false,Kazakhstan,1528113197,1528113199,"library / songs",2025-03-02T17:27:25.021Z,"MANUALLY_SELECTED_PLAYBACK_OF_A_DIFF_ITEM",2025-04-12T12:45:56.041Z,2025-04-12T13:12:38.234Z,2025-04-12T12:43:39.319Z,202002,176895,202002,AUDIO,0,12,11,1982590
2025-02-23T03:39:31.066Z,Album,"ARO - Aigyr - Single","ARO - Aigyr",false,Kazakhstan,1514005263,1514005642,"library / songs",2025-02-23T03:39:31.066Z,"MANUALLY_SELECTED_PLAYBACK_OF_A_DIFF_ITEM",2025-04-12T12:42:49.572Z,2025-04-12T13:12:38.234Z,2025-04-12T12:42:19.578Z,240040,240040,240000,AUDIO,0,24,16,4295765
2025-03-02T17:28:47.830Z,Playlist,"Favourite Songs","Валентин Стрыкало - Кайен",false,Kazakhstan,2,1183512590,"library / songs",2025-03-02T17:28:47.830Z,PLAYBACK_MANUALLY_PAUSED,2025-04-12T12:30:26.262Z,2025-04-12T13:12:38.234Z,2025-04-12T12:29:33.186Z,181720,181720,181720,AUDIO,0,19,15,3282020
2025-04-06T13:03:18.192Z,Album,"AC/DC - Back In Black","AC/DC - Back In Black",false,Kazakhstan,574050396,574050602,"library / songs",2025-04-06T13:03:18.192Z,"MANUALLY_SELECTED_PLAYBACK_OF_A_DIFF_ITEM",2025-04-12T12:28:37.617Z,2025-04-12T13:12:38.234Z,2025-04-12T12:28:19.996Z,256000,213423,256000,AUDIO,0,12,11,1467060
2025-03-25T21:20:13.597Z,Playlist,"Favourite Songs","Drake - Hold On, We're Going Home (feat. Majid Jordan)",false,Kazakhstan,2,1440873033,"library / songs",2025-03-25T21:20:13.597Z,"MANUALLY_SELECTED_PLAYBACK_OF_A_DIFF_ITEM",2025-04-12T07:46:03.863Z,2025-04-12T08:08:39.350Z,2025-04-12T07:45:21.947Z,41916,41916,231193,AUDIO,0,2,2,42461
2025-04-08T10:51:04.461Z,N/A,N/A,"Kanye West - Can't Tell Me Nothing",false,Kazakhstan,N/A,1451903287,"library / songs",2025-04-08T10:51:04.461Z,PLAYBACK_MANUALLY_PAUSED,2025-04-12T07:41:03.175Z,2025-04-12T08:08:39.350Z,2025-04-12T07:40:52.291Z,131173,131173,271600,AUDIO,0,3,3,150011
2025-02-27T17:24:11.581Z,N/A,N/A,"Ernar Amandyq - Keipker",false,Kazakhstan,N/A,1793534605,"library / songs",2025-02-27T17:24:11.581Z,"MANUALLY_SELECTED_PLAYBACK_OF_A_DIFF_ITEM",2025-04-12T07:37:50.294Z,2025-04-12T08:08:39.350Z,2025-04-12T07:36:54.330Z,204036,204036,204036,AUDIO,0,17,11,2191980
2025-03-14T19:40:47.278Z,N/A,N/A,"Комбинация - Ход конем",false,Kazakhstan,N/A,1794809495,"library / songs",2025-03-14T19:40:47.278Z,"MANUALLY_SELECTED_PLAYBACK_OF_A_DIFF_ITEM",2025-04-12T07:33:57.796Z,2025-04-12T08:08:39.350Z,2025-04-12T07:32:28.305Z,227306,227306,227307,AUDIO,0,12,10,1672751
2025-04-11T21:28:40.259Z,N/A,N/A,"Cigarettes After Sex - Truly",false,Kazakhstan,N/A,1217977759,"library / songs",2025-04-11T21:28:40.259Z,PLAYBACK_MANUALLY_PAUSED,2025-04-11T21:31:32.272Z,2025-04-11T21:31:32.318Z,2025-04-11T21:28:40.259Z,172013,172013,243640,AUDIO,0,1,0,172013
2025-04-11T21:22:35.607Z,N/A,N/A,"Cigarettes After Sex - Opera House",false,Kazakhstan,N/A,1217977758,"library / songs",2025-04-11T21:22:35.607Z,NATURAL_END_OF_TRACK,2025-04-11T21:28:40.287Z,2025-04-11T21:28:40.317Z,2025-04-11T21:22:35.607Z,364680,364680,364680,AUDIO,0,1,0,364680
2025-03-30T12:36:15.628Z,N/A,N/A,"Cigarettes After Sex - Each Time You Fall in Love",false,Kazakhstan,N/A,1217977710,"library / songs",2025-03-30T12:36:15.628Z,NATURAL_END_OF_TRACK,2025-04-11T21:18:01.177Z,2025-04-11T21:18:01.237Z,2025-04-11T21:13:11.017Z,290160,290160,290160,AUDIO,0,2,0,528246
2025-03-29T22:26:26.563Z,N/A,N/A,"Cigarettes After Sex - Dreaming of You",false,Kazakhstan,N/A,1266067538,"library / songs",2025-03-29T22:26:26.563Z,"MANUALLY_SELECTED_PLAYBACK_OF_A_DIFF_ITEM",2025-04-11T21:13:10.049Z,2025-04-11T21:13:10.247Z,2025-04-11T21:13:09.281Z,322221,322219,322218,AUDIO,0,5,2,978550
2025-03-29T22:32:50.170Z,N/A,N/A,"Cigarettes After Sex - I'm a Firefighter",false,Kazakhstan,N/A,1266067537,"library / songs",2025-03-29T22:32:50.170Z,"MANUALLY_SELECTED_PLAYBACK_OF_A_DIFF_ITEM",2025-04-11T21:13:08.950Z,2025-04-11T21:13:09.222Z,2025-04-11T21:12:40.059Z,271023,271018,271018,AUDIO,0,4,1,841830
2025-03-29T22:27:01.276Z,Playlist,"Favourite Songs","Cigarettes After Sex - Motion Picture Soundtrack",false,Kazakhstan,2,1783182940,"library / songs",2025-03-29T22:27:01.276Z,NATURAL_END_OF_TRACK,2025-04-11T21:12:40.500Z,2025-04-11T21:12:40.528Z,2025-04-11T21:07:40.887Z,299659,299659,299613,AUDIO,0,5,1,1395667
2025-03-29T22:26:58.861Z,Playlist,"Favourite Songs","Cigarettes After Sex - Neon Moon",false,Kazakhstan,2,1446118012,"library / songs",2025-03-29T22:26:58.861Z,NATURAL_END_OF_TRACK,2025-04-11T21:07:40.990Z,2025-04-11T21:07:41.015Z,2025-04-11T21:03:55.223Z,225772,225767,225767,AUDIO,0,7,3,1002581
2025-03-30T12:09:39.295Z,N/A,N/A,"Cigarettes After Sex - Keep on Loving You",false,Kazakhstan,N/A,1266085860,"library / songs",2025-03-30T12:09:39.295Z,NATURAL_END_OF_TRACK,2025-04-11T20:59:50.412Z,2025-04-11T20:59:50.440Z,2025-04-11T20:55:57.412Z,233000,233000,233000,AUDIO,0,2,0,466000
2025-03-30T12:04:28.295Z,N/A,N/A,"Cigarettes After Sex - Affection",false,Kazakhstan,N/A,1266085859,"library / songs",2025-03-30T12:04:28.295Z,NATURAL_END_OF_TRACK,2025-04-11T20:55:57.610Z,2025-04-11T20:55:57.636Z,2025-04-11T20:50:46.610Z,311000,311000,311000,AUDIO,0,4,2,708134
2025-03-07T12:38:50.718Z,N/A,N/A,"Duman - Баяғыдай",false,Kazakhstan,N/A,1752465977,"search / search_landing",2025-03-07T12:38:50.718Z,PLAYBACK_MANUALLY_PAUSED,2025-04-11T16:34:25.959Z,2025-04-11T16:34:26.005Z,2025-04-11T16:34:24.183Z,201224,201224,201224,AUDIO,0,8,4,1191673
2025-04-06T19:59:31.776Z,N/A,N/A,"Sia - Unstoppable",false,Kazakhstan,N/A,1055074639,"search / search_landing",2025-04-06T19:59:31.776Z,"MANUALLY_SELECTED_PLAYBACK_OF_A_DIFF_ITEM",2025-04-11T16:34:23.680Z,2025-04-11T16:34:24.063Z,2025-04-11T16:34:13.541Z,94576,70632,217747,AUDIO,0,2,2,101522
2025-04-06T20:14:11.433Z,N/A,N/A,"Tones And I - Dance Monkey",false,Kazakhstan,N/A,1475546088,"search / search_landing",2025-04-06T20:14:11.433Z,"MANUALLY_SELECTED_PLAYBACK_OF_A_DIFF_ITEM",2025-04-11T16:29:54.544Z,2025-04-11T16:29:55.195Z,2025-04-11T16:29:48.569Z,120676,120676,209438,AUDIO,0,1,1,126651
2025-03-20T23:50:10.553Z,Album,"Ark Patrol - Let Go (feat. Veronika Redd) - Single","Ark Patrol - Let Go (feat. Veronika Redd)",false,Kazakhstan,1682525454,1682525458,"library / songs",2025-03-20T23:50:10.553Z,PLAYBACK_MANUALLY_PAUSED,2025-04-11T14:17:20.026Z,2025-04-11T14:17:20.090Z,2025-04-11T14:13:40.005Z,248132,248104,248056,AUDIO,0,14,2,3204679
2025-02-27T16:41:37.193Z,Album,"Justin Timberlake - Justified","Justin Timberlake - Rock Your Body",false,Kazakhstan,252606580,252606598,"library / songs",2025-02-27T16:41:37.193Z,PLAYBACK_MANUALLY_PAUSED,2025-04-11T14:13:19.870Z,2025-04-11T14:13:19.908Z,2025-04-11T14:13:19.409Z,267267,267267,267267,AUDIO,0,14,12,1249575
2025-03-28T17:39:31.671Z,Album,"Drake - Take Care (Deluxe Version)","Drake - Cameras / Good Ones Go Interlude",false,Kazakhstan,1440642493,1440642983,"search / album_detail",2025-03-28T17:39:31.671Z,PLAYBACK_MANUALLY_PAUSED,2025-04-11T12:53:37.657Z,2025-04-11T13:08:37.657Z,2025-04-11T12:50:59.034Z,435023,435023,434973,AUDIO,0,1,0,593646
2025-03-28T17:56:33.668Z,Album,"Drake - Take Care (Deluxe Version)","Drake - Look What You've Done",false,Kazakhstan,1440642493,1440642999,"search / album_detail",2025-03-28T17:56:33.668Z,"MANUALLY_SELECTED_PLAYBACK_OF_A_DIFF_ITEM",2025-04-11T12:20:06.362Z,2025-04-11T12:20:06.362Z,2025-04-11T12:15:55.718Z,302039,301960,301960,AUDIO,0,2,1,552604
2025-04-11T12:15:05.399Z,N/A,N/A,"Tyler, The Creator - GONE, GONE / THANK YOU",false,Kazakhstan,N/A,1463409621,"search / search_results",2025-04-11T12:15:05.399Z,PLAYBACK_MANUALLY_PAUSED,2025-04-11T12:15:25.202Z,2025-04-11T12:15:50.202Z,2025-04-11T12:15:23.533Z,360717,10995,375387,AUDIO,0,1,0,19652
2025-03-18T21:29:03.197Z,Playlist,sprıng,"The American Dawn - Her",false,Kazakhstan,256000769,1759043692,library/playlist_detail,2025-03-18T21:29:03.197Z,"MANUALLY_SELECTED_PLAYBACK_OF_A_DIFF_ITEM",2025-04-11T12:15:00.572Z,2025-04-11T12:15:00.572Z,2025-04-11T12:14:27.867Z,196960,196960,214087,AUDIO,0,7,7,471442
2025-03-17T13:55:19.537Z,Album,"Brent Faiyaz & Joony - Paper Soldier - Single","Brent Faiyaz & Joony - Paper Soldier",false,Kazakhstan,1717688265,1717688266,library,2025-03-17T13:55:19.537Z,NATURAL_END_OF_TRACK,2025-04-11T12:14:00.093Z,2025-04-11T12:14:18.093Z,2025-04-11T12:10:37.923Z,202195,202170,202170,AUDIO,0,6,3,621321
2025-04-11T06:55:15.968Z,"Radio Station",N/A,"Brent Faiyaz - GHETTO GATSBY (feat. Alicia Keys)",false,Kazakhstan,ra.a-960127446,1629943102,home,2025-04-11T06:55:15.968Z,PLAYBACK_MANUALLY_PAUSED,2025-04-11T06:58:24.781Z,2025-04-11T06:58:50.781Z,2025-04-11T06:55:15.968Z,188875,188813,198052,AUDIO,62,1,0,188813
2025-04-11T06:34:23.345Z,"Radio Station",N/A,"Brent Faiyaz - ALL MINE",false,Kazakhstan,ra.a-960127446,1629943100,home,2025-04-11T06:34:23.345Z,NATURAL_END_OF_TRACK,2025-04-11T06:37:59.350Z,2025-04-11T06:37:59.350Z,2025-04-11T06:34:23.345Z,216069,216005,216108,AUDIO,64,1,0,216005
2025-04-11T06:31:05.299Z,"Radio Station",N/A,"Brent Faiyaz - FYTB (feat. Joony)",false,Kazakhstan,ra.a-960127446,1629943105,home,2025-04-11T06:31:05.299Z,NATURAL_END_OF_TRACK,2025-04-11T06:34:23.310Z,2025-04-11T06:34:23.310Z,2025-04-11T06:31:05.299Z,198011,198011,198051,AUDIO,0,1,0,198011
2025-04-11T06:26:03.987Z,"Radio Station",N/A,"Brent Faiyaz - Best Time",false,Kazakhstan,ra.a-960127446,1710673740,home,2025-04-11T06:26:03.987Z,NATURAL_END_OF_TRACK,2025-04-11T06:27:20.879Z,2025-04-11T06:27:20.879Z,2025-04-11T06:26:37.892Z,82570,42987,82556,AUDIO,0,1,0,76208
2025-04-11T06:09:49.824Z,N/A,N/A,"Killakah - Today",false,Kazakhstan,N/A,1533586100,"search / search_results",2025-04-11T06:09:49.824Z,PLAYBACK_MANUALLY_PAUSED,2025-04-11T06:13:28.213Z,2025-04-11T06:26:00.213Z,2025-04-11T06:13:27.389Z,144980,110535,175100,AUDIO,0,1,0,111870
2025-02-27T16:57:51.709Z,Album,"TARA202 - Магистрали - Single","TARA202 - Магистрали",false,Kazakhstan,1455520437,1455520440,"library / songs",2025-02-27T16:57:51.709Z,TRACK_SKIPPED_FORWARDS,2025-04-11T05:36:35.396Z,2025-04-11T05:36:36.075Z,2025-04-11T05:36:28.263Z,212184,212184,212150,AUDIO,0,14,9,1947043
2025-02-27T17:31:56.779Z,N/A,N/A,"Kazybek Kuraiysh - Бақытыңды табасың",false,Kazakhstan,N/A,1763682058,"library / songs",2025-02-27T17:31:56.779Z,"MANUALLY_SELECTED_PLAYBACK_OF_A_DIFF_ITEM",2025-04-11T04:32:43.112Z,2025-04-11T04:32:43.380Z,2025-04-11T04:32:11.122Z,177295,177295,177295,AUDIO,0,18,10,2413480
2025-03-19T16:43:09.444Z,Playlist,sprıng,"Mac DeMarco - My Kind of Woman",false,Kazakhstan,256000769,561048725,"library / songs",2025-03-19T16:43:09.444Z,"MANUALLY_SELECTED_PLAYBACK_OF_A_DIFF_ITEM",2025-04-11T04:30:43.256Z,2025-04-11T04:30:43.418Z,2025-04-11T04:30:37.178Z,190846,190846,190846,AUDIO,0,9,6,893679
2025-03-15T12:30:06.827Z,N/A,N/A,"Arctic Monkeys - R U Mine?",false,Kazakhstan,N/A,689362799,"library / songs",2025-03-15T12:30:06.827Z,PLAYBACK_MANUALLY_PAUSED,2025-04-11T04:19:46.695Z,2025-04-11T04:29:09.912Z,2025-04-11T04:19:44.666Z,144105,144105,201726,AUDIO,0,5,5,370773
2025-02-20T18:11:54.519Z,Playlist,"Favourite Songs","Blur - Song 2 (2012 Remaster)",false,Kazakhstan,2,699606050,"library / songs",2025-02-20T18:11:54.519Z,"MANUALLY_SELECTED_PLAYBACK_OF_A_DIFF_ITEM",2025-04-11T04:20:28.081Z,2025-04-11T04:20:28.254Z,2025-04-11T04:19:16.065Z,121160,121160,121160,AUDIO,0,15,8,1275321
2025-02-22T12:59:35.281Z,Album,"Muse - Black Holes and Revelations","Muse - Supermassive Black Hole",false,Kazakhstan,992221994,992221997,"library / songs",2025-02-22T12:59:35.281Z,PLAYBACK_MANUALLY_PAUSED,2025-04-11T04:13:19.967Z,2025-04-11T04:13:20.026Z,2025-04-11T04:11:20.704Z,208872,208872,208852,AUDIO,0,19,14,2714671
2025-03-22T15:18:47.645Z,N/A,N/A,"Ренат Гайсин - Сүйемін",false,Kazakhstan,N/A,1737829527,"search / search_landing",2025-03-22T15:18:47.645Z,PLAYBACK_MANUALLY_PAUSED,2025-04-11T03:59:01.853Z,2025-04-11T03:59:01.900Z,2025-04-11T03:59:00.373Z,223758,223758,223758,AUDIO,0,2,1,775891
2025-04-10T05:45:20.790Z,"Radio Station",N/A,"Brent Faiyaz - Gang Over Luv",false,Kazakhstan,ra.a-960127446,1287758288,N/A,2025-04-10T05:45:20.790Z,PLAYBACK_MANUALLY_PAUSED,2025-04-10T19:32:49.379Z,2025-04-10T19:32:49.437Z,2025-04-10T19:32:42.075Z,11121,7304,204841,AUDIO,0,1,0,11121
2025-04-06T12:58:57.808Z,Album,"Arctic Monkeys - Whatever People Say I Am, That's What I'm Not","Arctic Monkeys - I Bet You Look Good on the Dancefloor",false,Kazakhstan,111153953,111153391,"library / songs",2025-04-06T12:58:57.808Z,"MANUALLY_SELECTED_PLAYBACK_OF_A_DIFF_ITEM",2025-04-09T19:32:26.893Z,2025-04-09T19:32:27.111Z,2025-04-09T19:32:22.432Z,173000,106273,173680,AUDIO,0,4,3,285300
2025-04-09T19:13:32.123Z,N/A,N/A,"Arctic Monkeys - The View from the Afternoon",false,Kazakhstan,N/A,111153346,"library / songs",2025-04-09T19:13:32.123Z,TRACK_SKIPPED_FORWARDS,2025-04-09T19:32:22.042Z,2025-04-09T19:32:22.243Z,2025-04-09T19:32:21.219Z,52215,52215,218133,AUDIO,0,2,2,53038
2025-04-06T16:59:46.130Z,N/A,N/A,"Иван Дорн - Синими, жёлтыми, красными (feat. Apollo Monkeys)",false,Kazakhstan,N/A,1570806430,"library / songs",2025-04-06T16:59:46.130Z,TRACK_SKIPPED_FORWARDS,2025-04-09T19:25:26.733Z,2025-04-09T19:25:27.001Z,2025-04-09T19:25:26.733Z,75294,75294,212241,AUDIO,0,2,2,90611
2025-04-06T13:01:59.942Z,Album,"Arctic Monkeys - Whatever People Say I Am, That's What I'm Not","Arctic Monkeys - Fake Tales of San Francisco",false,Kazakhstan,111153953,111153415,"library / songs",2025-04-06T13:01:59.942Z,PLAYBACK_MANUALLY_PAUSED,2025-04-09T19:14:27.337Z,2025-04-09T19:14:27.382Z,2025-04-09T19:14:26.466Z,76675,76675,177946,AUDIO,0,2,2,99299
2025-03-28T17:28:00.565Z,N/A,N/A,"MOVEMENT - Us",false,Kazakhstan,N/A,1444321728,"library / songs",2025-03-28T17:28:00.565Z,"MANUALLY_SELECTED_PLAYBACK_OF_A_DIFF_ITEM",2025-04-09T06:45:16.404Z,2025-04-09T07:09:13.923Z,2025-04-09T06:44:57.884Z,182978,182978,182978,AUDIO,0,6,4,747853
2025-03-29T21:58:00.825Z,N/A,N/A,"Eric Clapton - Wonderful Tonight",false,Kazakhstan,N/A,1443087484,"library / songs",2025-03-29T21:58:00.825Z,"MANUALLY_SELECTED_PLAYBACK_OF_A_DIFF_ITEM",2025-04-09T06:44:57.582Z,2025-04-09T07:09:13.923Z,2025-04-09T06:43:49.347Z,222627,222627,222626,AUDIO,0,11,6,1935651
2025-04-06T12:58:24.277Z,N/A,N/A,"FACE - 24 на 7",false,Kazakhstan,N/A,1340372261,"library / songs",2025-04-06T12:58:24.277Z,NATURAL_END_OF_TRACK,2025-04-08T14:06:53.931Z,2025-04-08T14:06:53.969Z,2025-04-08T14:03:44.674Z,189257,189257,189257,AUDIO,0,2,1,289172
2025-03-07T12:21:45.279Z,N/A,N/A,"Chris Isaak - Wicked Game",false,Kazakhstan,N/A,1570350115,"library / songs",2025-03-07T12:21:45.279Z,NATURAL_END_OF_TRACK,2025-04-08T14:03:44.292Z,2025-04-08T14:03:44.332Z,2025-04-08T13:58:58.738Z,289067,289067,289067,AUDIO,0,9,5,1728893
2025-04-06T12:46:06.712Z,N/A,N/A,"Chase Atlantic - The Walls",false,Kazakhstan,N/A,1290755970,"library / songs",2025-04-06T12:46:06.712Z,"MANUALLY_SELECTED_PLAYBACK_OF_A_DIFF_ITEM",2025-04-08T07:48:43.419Z,2025-04-08T07:48:43.647Z,2025-04-08T07:47:36.095Z,225011,74299,229867,AUDIO,0,2,2,229037
2025-02-19T18:15:10.675Z,Album,"chipbagov, SCARIONIX & IMMORTAL PLAYA - Funk Da Montanha - EP","chipbagov, SCARIONIX & IMMORTAL PLAYA - Funk Da Montanha (Super Slowed)",false,Kazakhstan,1789690641,1789690647,MusicKit,2025-02-19T18:15:10.675Z,PLAYBACK_MANUALLY_PAUSED,2025-04-07T19:24:27.666Z,2025-04-07T19:24:27.695Z,2025-04-07T19:24:23.904Z,107244,107216,107216,AUDIO,0,42,17,3447554
2025-03-25T20:44:24.030Z,Playlist,"Favourite Songs","Tanir & Tyomcha - Da Da Da",false,Kazakhstan,2,1476822132,MusicKit,2025-03-25T20:44:24.030Z,PLAYBACK_MANUALLY_PAUSED,2025-04-07T19:24:18.656Z,2025-04-07T19:24:18.685Z,2025-04-07T19:24:15.320Z,3336,3336,198000,AUDIO,0,1,1,5255
2025-03-29T22:47:00.137Z,N/A,N/A,"Cigarettes After Sex - Starry Eyes",false,Kazakhstan,N/A,1266067539,"Missing active tab / see_all",2025-03-29T22:47:00.137Z,TRACK_SKIPPED_FORWARDS,2025-04-07T19:08:23.411Z,2025-04-07T19:16:16.411Z,2025-04-07T19:08:23.411Z,206000,206000,206000,AUDIO,0,2,1,206000
2025-03-29T22:37:21.523Z,N/A,N/A,"Cigarettes After Sex - Bubblegum",false,Kazakhstan,N/A,1783182985,"Missing active tab / see_all",2025-03-29T22:37:21.523Z,TRACK_SKIPPED_FORWARDS,2025-04-07T19:08:23.411Z,2025-04-07T19:16:16.411Z,2025-04-07T19:08:19.712Z,279133,279133,279181,AUDIO,0,2,1,282832
2025-04-07T19:01:20.411Z,N/A,N/A,"Cigarettes After Sex - Pure",false,Kazakhstan,N/A,1476598240,"Missing active tab / see_all",2025-04-07T19:01:20.411Z,TRACK_SKIPPED_FORWARDS,2025-04-07T19:08:19.411Z,2025-04-07T19:16:16.411Z,2025-04-07T19:07:51.716Z,27810,27695,254674,AUDIO,0,1,1,27767
2025-04-07T18:59:35.629Z,N/A,N/A,"Cigarettes After Sex - Crush",false,Kazakhstan,N/A,1408280018,"Missing active tab / see_all",2025-04-07T18:59:35.629Z,TRACK_SKIPPED_FORWARDS,2025-04-07T19:01:18.411Z,2025-04-07T19:16:16.411Z,2025-04-07T19:01:18.140Z,101080,100782,266667,AUDIO,0,1,1,101053
2025-04-07T18:55:10.386Z,N/A,N/A,"Cigarettes After Sex - You're All I Want",false,Kazakhstan,N/A,1509077437,"Missing active tab / see_all",2025-04-07T18:55:10.386Z,NATURAL_END_OF_TRACK,2025-04-07T18:59:34.887Z,2025-04-07T18:59:34.887Z,2025-04-07T18:55:10.386Z,264503,264501,264501,AUDIO,0,1,0,264501
2025-04-07T18:54:53.945Z,N/A,N/A,"Cigarettes After Sex - Young & Dumb",false,Kazakhstan,N/A,1217977761,"Missing active tab / see_all",2025-04-07T18:54:53.945Z,"MANUALLY_SELECTED_PLAYBACK_OF_A_DIFF_ITEM",2025-04-07T18:55:08.338Z,2025-04-07T18:56:47.338Z,2025-04-07T18:54:53.945Z,14530,14393,273427,AUDIO,137,1,1,14393
2025-04-07T18:50:47.487Z,N/A,N/A,"Cigarettes After Sex - Falling in Love",false,Kazakhstan,N/A,1476598239,"Missing active tab / see_all",2025-04-07T18:50:47.487Z,NATURAL_END_OF_TRACK,2025-04-07T18:54:53.338Z,2025-04-07T18:56:47.338Z,2025-04-07T18:50:47.487Z,245851,245851,245887,AUDIO,0,1,0,245851
2025-03-06T18:16:10.001Z,"Radio Station",N/A,"Cigarettes After Sex - Apocalypse",false,Kazakhstan,256000517,1217977755,"Missing active tab / see_all",2025-03-06T18:16:10.001Z,NATURAL_END_OF_TRACK,2025-04-07T18:46:48.338Z,2025-04-07T18:56:47.338Z,2025-04-07T18:41:58.203Z,290147,290135,290295,AUDIO,0,10,7,1551855
2025-03-29T22:19:02.531Z,Album,"Cigarettes After Sex - X's","Cigarettes After Sex - Silver Sable",false,Kazakhstan,1783182368,1783182609,library/playlist_detail,2025-03-29T22:19:02.531Z,PLAYBACK_MANUALLY_PAUSED,2025-04-07T11:41:25.001Z,2025-04-07T12:01:16.001Z,2025-04-07T11:39:55.621Z,231933,231933,231981,AUDIO,0,4,3,620418
2025-03-02T18:27:38.205Z,Album,"Медеу Арынбаев - Есімде - Single","Медеу Арынбаев - Есімде",false,Kazakhstan,1722580703,1722580706,library/playlist_detail,2025-03-02T18:27:38.205Z,TRACK_SKIPPED_FORWARDS,2025-04-07T11:39:51.001Z,2025-04-07T12:01:16.001Z,2025-04-07T11:39:50.670Z,198291,198291,198327,AUDIO,0,8,7,770125
2025-02-21T19:16:41.088Z,Album,"FACE - Baby - Single","FACE - Baby",false,Kazakhstan,1282327658,1282327790,library/playlist_detail,2025-02-21T19:16:41.088Z,PLAYBACK_MANUALLY_PAUSED,2025-04-07T11:34:43.754Z,2025-04-07T11:34:43.754Z,2025-04-07T11:34:43.754Z,152448,152424,152472,AUDIO,0,29,15,3665017
2025-03-07T14:46:02.578Z,N/A,N/A,"Arctic Monkeys - No. 1 Party Anthem",false,Kazakhstan,N/A,689362803,"library / songs",2025-03-07T14:46:02.578Z,"MANUALLY_SELECTED_PLAYBACK_OF_A_DIFF_ITEM",2025-04-06T21:46:11.225Z,2025-04-06T21:52:29.047Z,2025-04-06T21:42:43.214Z,243060,243060,243060,AUDIO,0,8,7,1332049
2025-04-06T21:42:03.935Z,N/A,N/A,"Chris Isaak - Blue Hotel",false,Kazakhstan,N/A,1570335705,"library / songs",2025-04-06T21:42:03.935Z,"MANUALLY_SELECTED_PLAYBACK_OF_A_DIFF_ITEM",2025-04-06T21:42:42.921Z,2025-04-06T21:52:29.047Z,2025-04-06T21:42:03.935Z,38986,38986,192866,AUDIO,0,1,1,38986
2025-02-20T19:57:29.274Z,Album,"Basta & HammAli & Navai - Где ты теперь и с кем - Single","Basta & HammAli & Navai - Где ты теперь и с кем",false,Kazakhstan,1683202535,1683202537,"library / songs",2025-02-20T19:57:29.274Z,NATURAL_END_OF_TRACK,2025-04-06T21:34:49.831Z,2025-04-06T21:52:29.047Z,2025-04-06T21:29:43.338Z,306493,306493,306493,AUDIO,0,11,5,2297483
2025-04-06T20:16:31.840Z,N/A,N/A,"Nurbullin - Вальс",false,Kazakhstan,N/A,1564296295,"search / search_landing",2025-04-06T20:16:31.840Z,PLAYBACK_MANUALLY_PAUSED,2025-04-06T20:21:26.719Z,2025-04-06T20:21:26.761Z,2025-04-06T20:20:24.540Z,211722,211722,211722,AUDIO,0,1,0,278295
2025-03-22T14:50:39.783Z,N/A,N/A,"Fedos - Балую",false,Kazakhstan,N/A,1700655861,"search / search_landing",2025-03-22T14:50:39.783Z,"MANUALLY_SELECTED_PLAYBACK_OF_A_DIFF_ITEM",2025-04-06T20:07:29.103Z,2025-04-06T20:07:29.495Z,2025-04-06T20:04:41.424Z,213803,213803,213803,AUDIO,0,4,3,653968
2025-04-06T18:02:56.980Z,N/A,N/A,"Pompeya - 90",false,Kazakhstan,N/A,1619851372,"library / songs",2025-04-06T18:02:56.980Z,OTHER,2025-04-06T18:02:58.375Z,2025-04-06T18:02:58.466Z,2025-04-06T18:02:56.980Z,1395,1395,270368,AUDIO,0,1,0,1395
2025-02-23T11:11:13.264Z,Album,"Darkhan Juzz - TBRN","Darkhan Juzz - Eń Sulý",false,Kazakhstan,1461186651,1461187167,"library / songs",2025-02-23T11:11:13.264Z,"MANUALLY_SELECTED_PLAYBACK_OF_A_DIFF_ITEM",2025-04-06T13:24:29.740Z,2025-04-06T13:41:28.194Z,2025-04-06T13:24:29.517Z,235208,235208,235208,AUDIO,0,11,9,757313
2025-03-15T13:25:23.886Z,Playlist,"Favourite Songs","Santiz.mc - Моей семье",false,Kazakhstan,2,1794799234,"library / songs",2025-03-15T13:25:23.886Z,"MANUALLY_SELECTED_PLAYBACK_OF_A_DIFF_ITEM",2025-04-06T13:24:29.108Z,2025-04-06T13:41:28.194Z,2025-04-06T13:21:44.867Z,212615,212615,212602,AUDIO,0,15,9,2461262
2025-03-25T11:08:41.449Z,Playlist,"Favourite Songs","Selena Gomez - Fetish (feat. Gucci Mane)",false,Kazakhstan,2,1444332603,"library / songs",2025-03-25T11:08:41.449Z,"MANUALLY_SELECTED_PLAYBACK_OF_A_DIFF_ITEM",2025-04-06T13:21:44.462Z,2025-04-06T13:41:28.194Z,2025-04-06T13:21:32.151Z,186113,186113,186112,AUDIO,0,7,3,773808
2025-03-25T11:09:01.844Z,Playlist,"Favourite Songs","Selena Gomez - Ring",false,Kazakhstan,2,1488413377,"library / songs",2025-03-25T11:09:01.844Z,"MANUALLY_SELECTED_PLAYBACK_OF_A_DIFF_ITEM",2025-04-06T13:21:31.713Z,2025-04-06T13:41:28.194Z,2025-04-06T13:21:28.760Z,148776,148776,148776,AUDIO,0,5,3,450127
2025-03-29T22:15:08.924Z,Album,"Cigarettes After Sex - X's","Cigarettes After Sex - Tejano Blue",false,Kazakhstan,1783182368,1783182599,"library / songs",2025-03-29T22:15:08.924Z,"MANUALLY_SELECTED_PLAYBACK_OF_A_DIFF_ITEM",2025-04-06T13:21:28.354Z,2025-04-06T13:41:28.194Z,2025-04-06T13:21:24.578Z,234453,234453,234453,AUDIO,0,8,3,1201594
2025-04-06T13:20:32.734Z,Album,"Arctic Monkeys - Whatever People Say I Am, That's What I'm Not","Arctic Monkeys - You Probably Couldn't See for the Lights but You Were Staring Straight At Me",false,Kazakhstan,111153953,111153486,"library / album_detail",2025-04-06T13:20:32.734Z,"MANUALLY_SELECTED_PLAYBACK_OF_A_DIFF_ITEM",2025-04-06T13:20:58.484Z,2025-04-06T13:20:58.711Z,2025-04-06T13:20:32.734Z,25750,25750,130812,AUDIO,0,1,1,25750
2025-04-06T13:15:35.258Z,N/A,N/A,"AC/DC - Thunderstruck",false,Kazakhstan,N/A,575998661,"search / search_landing",2025-04-06T13:15:35.258Z,PLAYBACK_MANUALLY_PAUSED,2025-04-06T13:15:46.788Z,2025-04-06T13:15:46.832Z,2025-04-06T13:15:35.258Z,11530,11530,293794,AUDIO,0,1,0,11530
2025-04-06T13:15:22.038Z,Album,"Arctic Monkeys - Whatever People Say I Am, That's What I'm Not","Arctic Monkeys - Mardy Bum",false,Kazakhstan,111153953,111153641,"library / album_detail",2025-04-06T13:15:22.038Z,"MANUALLY_SELECTED_PLAYBACK_OF_A_DIFF_ITEM",2025-04-06T13:15:33.742Z,2025-04-06T13:15:35.072Z,2025-04-06T13:15:22.038Z,11704,11704,175440,AUDIO,0,1,1,11704
2025-04-06T13:15:17.851Z,Album,"Arctic Monkeys - Whatever People Say I Am, That's What I'm Not","Arctic Monkeys - Dancing Shoes",false,Kazakhstan,111153953,111153440,"library / album_detail",2025-04-06T13:15:17.851Z,"MANUALLY_SELECTED_PLAYBACK_OF_A_DIFF_ITEM",2025-04-06T13:15:21.307Z,2025-04-06T13:15:21.873Z,2025-04-06T13:15:17.851Z,3456,3456,141133,AUDIO,0,1,1,3456
2025-02-27T12:48:30.412Z,Playlist,"Favourite Songs","Nirvana - Come As You Are (Remastered)",false,Kazakhstan,2,1586410663,"library / songs",2025-02-27T12:48:30.412Z,"MANUALLY_SELECTED_PLAYBACK_OF_A_DIFF_ITEM",2025-04-06T12:58:34.285Z,2025-04-06T12:58:34.495Z,2025-04-06T12:58:28.200Z,219001,218987,218920,AUDIO,0,11,9,1306739
2025-03-30T13:29:23.788Z,N/A,N/A,"SEREBRO - Перепутала",false,Kazakhstan,N/A,1014891130,"library / songs",2025-03-30T13:29:23.788Z,"MANUALLY_SELECTED_PLAYBACK_OF_A_DIFF_ITEM",2025-04-06T12:48:49.010Z,2025-04-06T12:56:43.995Z,2025-04-06T12:48:39.275Z,9735,9735,216885,AUDIO,0,2,2,11073
2025-04-02T11:20:25.564Z,N/A,N/A,"Arctic Monkeys - Do I Wanna Know?",false,Kazakhstan,N/A,663097965,"library / songs",2025-04-02T11:20:25.564Z,"MANUALLY_SELECTED_PLAYBACK_OF_A_DIFF_ITEM",2025-04-06T11:45:12.854Z,2025-04-06T11:51:19.175Z,2025-04-06T11:45:03.187Z,15166,15166,272394,AUDIO,0,2,2,24833
2025-03-25T14:47:31.196Z,N/A,N/A,"IOWA - Одно и то же",false,Kazakhstan,N/A,929981989,"search / search_landing",2025-03-25T14:47:31.196Z,PLAYBACK_MANUALLY_PAUSED,2025-04-05T22:12:00.832Z,2025-04-05T22:12:00.867Z,2025-04-05T22:11:59.006Z,143510,110616,218515,AUDIO,0,1,0,143510
2025-04-05T20:26:56.192Z,N/A,N/A,"KALUSH & Kalush Orchestra - Stefania",false,Kazakhstan,N/A,1614859013,"search / search_landing",2025-04-05T20:26:56.192Z,PLAYBACK_MANUALLY_PAUSED,2025-04-05T20:26:57.345Z,2025-04-05T20:26:57.379Z,2025-04-05T20:26:56.192Z,1153,1153,180857,AUDIO,0,1,0,1153
2025-03-18T21:34:27.098Z,Playlist,sprıng,"Billie Eilish - L’AMOUR DE MA VIE",false,Kazakhstan,256000769,1739659149,"library / songs",2025-03-18T21:34:27.098Z,PLAYBACK_MANUALLY_PAUSED,2025-04-05T08:46:54.713Z,2025-04-05T08:46:54.753Z,2025-04-05T08:46:49.537Z,261473,229578,333986,AUDIO,0,6,6,545640
2025-03-21T21:41:43Z,Playlist,"Favourite Songs","Wavebeatmaker - Resonance (Slowed + Reverb)",false,Kazakhstan,2,1699505097,"library / songs",2025-03-21T21:41:43Z,"MANUALLY_SELECTED_PLAYBACK_OF_A_DIFF_ITEM",2025-04-05T08:43:52.903Z,2025-04-05T08:43:53.085Z,2025-04-05T08:43:41.861Z,254826,254826,254826,AUDIO,0,10,5,1499060
2025-03-25T20:37:14.030Z,Playlist,"Favourite Songs","Vendredi sur Mer - La femme à la peau bleue",false,Kazakhstan,2,1439344334,"library / songs",2025-03-25T20:37:14.030Z,"MANUALLY_SELECTED_PLAYBACK_OF_A_DIFF_ITEM",2025-04-05T08:37:56.647Z,2025-04-05T08:37:56.816Z,2025-04-05T08:37:53.640Z,206752,206752,207387,AUDIO,0,3,2,209759
2025-03-05T10:56:01.927Z,Playlist,"Favourite Songs","Gorillaz - The Valley of The Pagans (feat. Beck)",false,Kazakhstan,2,1530812332,"library / songs",2025-03-05T10:56:01.927Z,"MANUALLY_SELECTED_PLAYBACK_OF_A_DIFF_ITEM",2025-04-05T08:37:53.408Z,2025-04-05T08:37:53.619Z,2025-04-05T08:37:43.057Z,180973,180973,180973,AUDIO,0,12,9,1296772
2025-04-04T18:52:10.185Z,N/A,N/A,"MATRANG - Заманчивая",false,Kazakhstan,N/A,1580367917,"search / search_landing",2025-04-04T18:52:10.185Z,PLAYBACK_MANUALLY_PAUSED,2025-04-04T18:52:26.750Z,2025-04-04T18:52:26.785Z,2025-04-04T18:52:23.680Z,46812,13314,215769,AUDIO,0,1,0,16384
2025-04-02T12:08:26.937Z,N/A,N/A,"21 Savage - a lot",false,Kazakhstan,N/A,1446918495,"library / songs",2025-04-02T12:08:26.937Z,PLAYBACK_MANUALLY_PAUSED,2025-04-03T19:46:31.504Z,2025-04-03T19:46:31.565Z,2025-04-03T19:46:13.349Z,18155,18155,288624,AUDIO,0,1,1,34361
2025-04-03T19:43:32.616Z,N/A,N/A,"Arctic Monkeys - Why'd You Only Call Me When You're High?",false,Kazakhstan,N/A,689362806,"library / songs",2025-04-03T19:43:32.616Z,NATURAL_END_OF_TRACK,2025-04-03T19:46:13.741Z,2025-04-03T19:46:13.771Z,2025-04-03T19:43:32.616Z,161125,161125,161125,AUDIO,0,1,0,161125
2025-04-03T18:33:15.176Z,N/A,N/A,"Cigarettes After Sex - Hentai",false,Kazakhstan,N/A,1476598237,"library / songs",2025-04-03T18:33:15.176Z,"MANUALLY_SELECTED_PLAYBACK_OF_A_DIFF_ITEM",2025-04-03T18:33:26.775Z,2025-04-03T18:33:27.038Z,2025-04-03T18:33:15.176Z,11599,11599,285147,AUDIO,0,1,1,11599
2025-04-03T14:12:25.962Z,N/A,N/A,"ORYNKHAN - Gashyqpyn",false,Kazakhstan,N/A,1653665787,"search / search_results",2025-04-03T14:12:25.962Z,PLAYBACK_MANUALLY_PAUSED,2025-04-03T14:14:52.246Z,2025-04-03T14:14:52.246Z,2025-04-03T14:12:25.962Z,146284,146284,191190,AUDIO,0,1,0,146284
2025-03-28T17:23:25.089Z,Playlist,"Favourite Songs","MOVEMENT - Us",false,Kazakhstan,2,1445306035,library/playlist_detail,2025-03-28T17:23:25.089Z,PLAYBACK_MANUALLY_PAUSED,2025-04-02T17:00:01.182Z,2025-04-02T17:15:01.182Z,2025-04-02T16:59:38.591Z,183023,182752,183112,AUDIO,0,4,2,559074
2025-03-18T21:32:58.652Z,N/A,N/A,"Guy Sigsworth, Imogen Heap & Frou Frou - A New Kind of Love (Demo)",false,Kazakhstan,N/A,1614291411,"library / songs",2025-03-18T21:32:58.652Z,PLAYBACK_MANUALLY_PAUSED,2025-04-02T16:12:50.097Z,2025-04-02T16:40:10.267Z,2025-04-02T16:08:59.214Z,259072,259072,259072,AUDIO,0,2,1,650186
2025-03-11T19:43:22.670Z,N/A,N/A,"M'Dee - 18 (feat. Dequine)",false,Kazakhstan,N/A,1567925886,"library / songs",2025-03-11T19:43:22.670Z,TRACK_SKIPPED_FORWARDS,2025-04-02T12:27:17.357Z,2025-04-02T12:49:37.458Z,2025-04-02T12:26:44.511Z,207948,207948,231351,AUDIO,0,2,2,241985
2025-04-02T12:18:32.164Z,N/A,N/A,"FloyyMenor - PELIGROSA",false,Kazakhstan,N/A,1753788782,"library / songs",2025-04-02T12:18:32.164Z,"MANUALLY_SELECTED_PLAYBACK_OF_A_DIFF_ITEM",2025-04-02T12:20:44.056Z,2025-04-02T12:49:37.458Z,2025-04-02T12:18:32.164Z,131892,131892,134930,AUDIO,0,1,1,131892
2025-04-02T12:13:53.039Z,N/A,N/A,"Zamiq Hüseynov - Необыкновенные глаза",false,Kazakhstan,N/A,1559905992,"library / songs",2025-04-02T12:13:53.039Z,TRACK_SKIPPED_FORWARDS,2025-04-02T12:18:31.762Z,2025-04-02T12:49:37.458Z,2025-04-02T12:17:54.548Z,37214,37214,232770,AUDIO,0,2,2,38112
2025-02-24T19:20:39.977Z,Album,"Basta - Моя Вселенная - Single","Basta - Моя Вселенная",false,Kazakhstan,850464275,850464293,"library / songs",2025-02-24T19:20:39.977Z,NATURAL_END_OF_TRACK,2025-04-02T12:13:25.258Z,2025-04-02T12:49:37.458Z,2025-04-02T12:10:10.414Z,211608,211560,211497,AUDIO,0,17,4,2817520
2025-02-27T18:24:11.563Z,Playlist,"Favourite Songs","Sting - Shape of My Heart",false,Kazakhstan,2,1415203739,"library / songs",2025-02-27T18:24:11.563Z,"MANUALLY_SELECTED_PLAYBACK_OF_A_DIFF_ITEM",2025-04-02T12:09:05.201Z,2025-04-02T12:49:37.458Z,2025-04-02T12:08:54.179Z,279227,279227,279227,AUDIO,0,6,4,876130
2025-03-16T12:48:02.860Z,N/A,N/A,"Tyler, The Creator - She (feat. Frank Ocean)",false,Kazakhstan,N/A,433409598,"library / songs",2025-03-16T12:48:02.860Z,"MANUALLY_SELECTED_PLAYBACK_OF_A_DIFF_ITEM",2025-04-02T12:08:53.768Z,2025-04-02T12:49:37.458Z,2025-04-02T12:08:48.249Z,253387,253387,253386,AUDIO,0,3,2,260751
2025-04-02T12:08:46.990Z,N/A,N/A,"Tyler, The Creator - See You Again (feat. Kali Uchis)",false,Kazakhstan,N/A,1254572572,"library / songs",2025-04-02T12:08:46.990Z,"MANUALLY_SELECTED_PLAYBACK_OF_A_DIFF_ITEM",2025-04-02T12:08:47.824Z,2025-04-02T12:49:37.458Z,2025-04-02T12:08:46.990Z,834,834,180384,AUDIO,0,1,1,834
2025-03-03T20:09:23.139Z,Album,"А'Студио - Джулия","А'Студио - Джулия",false,Kazakhstan,1586634870,1586634871,"library / songs",2025-03-03T20:09:23.139Z,"MANUALLY_SELECTED_PLAYBACK_OF_A_DIFF_ITEM",2025-04-02T12:08:46.607Z,2025-04-02T12:49:37.458Z,2025-04-02T12:08:43.534Z,287375,287375,287375,AUDIO,0,7,5,800695
2025-03-18T21:29:43.317Z,Playlist,"Favourite Songs","Moby - The Last Day (feat. Skylar Grey & Darlingside) [Reprise Version]",false,Kazakhstan,2,1577363199,"library / songs",2025-03-18T21:29:43.317Z,PLAYBACK_MANUALLY_PAUSED,2025-04-01T20:19:32.809Z,2025-04-01T20:19:32.852Z,2025-04-01T20:19:29.743Z,254459,254459,313001,AUDIO,0,6,6,376295
2025-03-19T17:02:25.951Z,N/A,N/A,"Adele - Lovesong",false,Kazakhstan,N/A,403037914,"library / songs",2025-03-19T17:02:25.951Z,NATURAL_END_OF_TRACK,2025-04-01T20:19:29.704Z,2025-04-01T20:19:30.158Z,2025-04-01T20:14:13.464Z,316240,316240,316240,AUDIO,0,4,2,1060679
2025-03-25T11:21:21.793Z,N/A,N/A,"Måneskin - ZITTI E BUONI",false,Kazakhstan,N/A,1554925274,"search / search_landing",2025-03-25T11:21:21.793Z,NATURAL_END_OF_TRACK,2025-04-01T19:47:23.672Z,2025-04-01T19:47:23.795Z,2025-04-01T19:44:11.017Z,192655,192655,192655,AUDIO,0,1,0,197622
2025-03-21T21:43:04.032Z,Playlist,"Favourite Songs","gtrhell - Home (Resonance Midwest Emo Version + slowed + reverbed)",false,Kazakhstan,2,1769043666,"library / songs",2025-03-21T21:43:04.032Z,NATURAL_END_OF_TRACK,2025-04-01T08:06:07.424Z,2025-04-01T08:06:07.455Z,2025-04-01T08:02:01.525Z,245899,245899,245899,AUDIO,0,8,4,1201059
2025-03-15T12:47:07.879Z,N/A,N/A,"SEREBRO - Я тебя не отдам",false,Kazakhstan,N/A,794378027,"library / downloaded_music / songs",2025-03-15T12:47:07.879Z,"MANUALLY_SELECTED_PLAYBACK_OF_A_DIFF_ITEM",2025-03-30T13:29:35.811Z,2025-03-30T14:36:47.380Z,2025-03-30T13:29:25.559Z,165714,165714,251785,AUDIO,0,4,4,631270
2025-03-04T18:51:36.582Z,N/A,N/A,"SEREBRO - Отпусти меня",false,Kazakhstan,N/A,1053096612,"library / downloaded_music / songs",2025-03-04T18:51:36.582Z,"MANUALLY_SELECTED_PLAYBACK_OF_A_DIFF_ITEM",2025-03-30T13:29:23.349Z,2025-03-30T14:36:47.380Z,2025-03-30T13:29:12.291Z,136793,136793,232857,AUDIO,0,2,2,291455
2025-03-15T12:50:01.500Z,N/A,N/A,"SEREBRO - Сломана",false,Kazakhstan,N/A,1120616665,"library / downloaded_music / songs",2025-03-15T12:50:01.500Z,TRACK_SKIPPED_FORWARDS,2025-03-30T13:26:38.729Z,2025-03-30T14:36:47.380Z,2025-03-30T13:23:19.693Z,204790,204790,242908,AUDIO,0,9,9,733703
2025-02-20T08:04:02.861Z,Album,"Timati - The Boss","Timati - Сколько Стоит Любовь",false,Kazakhstan,1667526060,1667526067,"library / downloaded_music / songs",2025-02-20T08:04:02.861Z,PLAYBACK_MANUALLY_PAUSED,2025-03-30T10:41:19.538Z,2025-03-30T10:41:19.604Z,2025-03-30T10:41:18.492Z,217759,217759,217748,AUDIO,0,9,6,1913164
2025-03-28T17:21:55.802Z,Album,"Arctic Monkeys - Whatever People Say I Am, That's What I'm Not","Arctic Monkeys - A Certain Romance",false,Kazakhstan,111153953,111153858,"library / downloaded_music / songs",2025-03-28T17:21:55.802Z,"MANUALLY_SELECTED_PLAYBACK_OF_A_DIFF_ITEM",2025-03-30T10:17:14.705Z,2025-03-30T10:19:44.839Z,2025-03-30T10:17:13.076Z,331107,331107,331200,AUDIO,0,3,2,373828
2025-03-29T22:25:57.129Z,Album,"Cigarettes After Sex - X's","Cigarettes After Sex - Hideaway",false,Kazakhstan,1783182368,1783182617,"search / artist_detail / album_detail",2025-03-29T22:25:57.129Z,PLAYBACK_MANUALLY_PAUSED,2025-03-29T23:15:27.293Z,2025-03-29T23:15:27.419Z,2025-03-29T23:14:59.470Z,51262,27823,276640,AUDIO,0,1,1,55226
2025-03-29T22:15:01.301Z,Album,"Cigarettes After Sex - X's","Cigarettes After Sex - X's",false,Kazakhstan,1783182368,1783182595,"search / artist_detail / album_detail",2025-03-29T22:15:01.301Z,NATURAL_END_OF_TRACK,2025-03-29T23:07:13.744Z,2025-03-29T23:07:13.775Z,2025-03-29T23:04:10.744Z,183000,183000,183000,AUDIO,0,2,1,187505
2025-03-06T18:04:43.998Z,Playlist,cas<3,"Cigarettes After Sex - Cry",false,Kazakhstan,256000517,1476598238,"search / search_landing / artist_detail / see_all",2025-03-06T18:04:43.998Z,NATURAL_END_OF_TRACK,2025-03-29T23:03:51.315Z,2025-03-29T23:03:51.351Z,2025-03-29T22:59:34.515Z,256800,256800,256800,AUDIO,0,4,3,333469
2025-03-29T22:54:12.032Z,N/A,N/A,"Goody Grace - On Repeat (feat. Cigarettes After Sex & Lexi Jayde)",false,Kazakhstan,N/A,1553259500,"search / search_landing / artist_detail / see_all",2025-03-29T22:54:12.032Z,TRACK_SKIPPED_FORWARDS,2025-03-29T22:54:42.777Z,2025-03-29T22:54:44.467Z,2025-03-29T22:54:12.032Z,30745,30745,210053,AUDIO,0,1,1,30745
2025-03-29T22:27:16.665Z,N/A,N/A,"Cigarettes After Sex - Don't Let Me Go",false,Kazakhstan,N/A,1476598232,"search / search_landing / artist_detail / see_all",2025-03-29T22:27:16.665Z,"MANUALLY_SELECTED_PLAYBACK_OF_A_DIFF_ITEM",2025-03-29T22:27:26.708Z,2025-03-29T22:27:26.903Z,2025-03-29T22:27:16.665Z,10043,10043,262000,AUDIO,0,1,1,10043
2025-03-06T18:04:39.959Z,Playlist,cas<3,"Cigarettes After Sex - Heavenly",false,Kazakhstan,256000517,1476598234,library/playlist_detail,2025-03-06T18:04:39.959Z,TRACK_SKIPPED_FORWARDS,2025-03-29T21:46:39.058Z,2025-03-29T21:46:39.058Z,2025-03-29T21:46:39.058Z,9083,9083,286773,AUDIO,0,2,2,16765
2025-03-25T20:37:15.790Z,Playlist,"Favourite Songs","alan vuong - DEEP IN YOUR SOUL",false,Kazakhstan,2,1794071364,library/playlist_detail,2025-03-25T20:37:15.790Z,PLAYBACK_MANUALLY_PAUSED,2025-03-28T22:47:49.929Z,2025-03-28T22:57:24.929Z,2025-03-28T22:46:01.652Z,108277,108277,191563,AUDIO,0,1,1,108517
2025-03-25T20:37:15.030Z,Playlist,"Favourite Songs","Radiohead - Fake Plastic Trees",false,Kazakhstan,2,1097862845,library/playlist_detail,2025-03-25T20:37:15.030Z,TRACK_SKIPPED_FORWARDS,2025-03-28T22:46:00.929Z,2025-03-28T22:57:24.929Z,2025-03-28T22:42:26.200Z,214729,214729,290760,AUDIO,0,2,2,214729
2025-03-25T20:37:15.030Z,Playlist,"Favourite Songs","The Weeknd - Dancing In The Flames",false,Kazakhstan,2,1767511513,library/playlist_detail,2025-03-25T20:37:15.030Z,TRACK_SKIPPED_FORWARDS,2025-03-28T22:42:26.530Z,2025-03-28T22:57:22.530Z,2025-03-28T22:42:17.028Z,9502,9502,220105,AUDIO,0,2,2,9502
2025-03-16T16:00:29.908Z,Playlist,"Favourite Songs","Hozier - Do I Wanna Know? (Live at the BBC)",false,Kazakhstan,2,1440828651,library/playlist_detail,2025-03-16T16:00:29.908Z,TRACK_SKIPPED_FORWARDS,2025-03-28T22:34:38.481Z,2025-03-28T22:39:27.481Z,2025-03-28T22:31:12.614Z,257585,257585,257560,AUDIO,0,5,4,635998
2025-03-17T17:04:00.409Z,Playlist,"Favourite Songs","катя милтей - HIGHLY INSULTED",false,Kazakhstan,2,1751240148,library/playlist_detail,2025-03-17T17:04:00.409Z,TRACK_SKIPPED_FORWARDS,2025-03-28T22:31:11.481Z,2025-03-28T22:39:27.481Z,2025-03-28T22:31:11.481Z,197538,131098,197586,AUDIO,0,5,4,365264
2025-03-28T18:01:36.730Z,Album,"Drake - Take Care (Deluxe Version)","Drake - HYFR (Hell Ya Fucking Right) [feat. Lil Wayne]",false,Kazakhstan,1440642493,1440643122,"search / album_detail",2025-03-28T18:01:36.730Z,PLAYBACK_MANUALLY_PAUSED,2025-03-28T20:40:47.601Z,2025-03-28T20:55:47.601Z,2025-03-28T20:40:45.153Z,42259,37898,206750,AUDIO,288,1,0,41920
2025-03-28T17:51:11.716Z,Album,"Drake - Take Care (Deluxe Version)","Drake - The Real Her (feat. Lil Wayne & Andre 3000)",false,Kazakhstan,1440642493,1440642996,"search / album_detail",2025-03-28T17:51:11.716Z,NATURAL_END_OF_TRACK,2025-03-28T17:56:32.694Z,2025-03-28T17:56:32.694Z,2025-03-28T17:51:11.716Z,321142,320978,321224,AUDIO,164,1,0,320978
2025-03-28T17:46:46.465Z,Album,"Drake - Take Care (Deluxe Version)","Drake - Doing It Wrong",false,Kazakhstan,1440642493,1440642990,"search / album_detail",2025-03-28T17:46:46.465Z,NATURAL_END_OF_TRACK,2025-03-28T17:51:11.694Z,2025-03-28T17:56:32.694Z,2025-03-28T17:46:46.465Z,265229,265229,265264,AUDIO,0,1,0,265229
2025-03-28T17:38:59.557Z,N/A,N/A,"Eminem - Mockingbird",false,Kazakhstan,N/A,1440776239,"search / search_results",2025-03-28T17:38:59.557Z,TRACK_SKIPPED_FORWARDS,2025-03-28T17:39:00.597Z,2025-03-28T17:39:26.597Z,2025-03-28T17:38:59.557Z,1040,1040,251425,AUDIO,0,1,1,1040
2025-03-28T17:38:46.658Z,N/A,N/A,"MOVEMENT - Us (Giraffage Remix)",false,Kazakhstan,N/A,1444321734,"search / search_results",2025-03-28T17:38:46.658Z,TRACK_SKIPPED_FORWARDS,2025-03-28T17:38:58.597Z,2025-03-28T17:39:26.597Z,2025-03-28T17:38:46.658Z,11939,11939,228112,AUDIO,0,1,1,11939
2025-03-28T17:34:49.445Z,N/A,N/A,"MOVEMENT - 5:57",false,Kazakhstan,N/A,1445306025,"search / search_results",2025-03-28T17:34:49.445Z,NATURAL_END_OF_TRACK,2025-03-28T17:38:46.251Z,2025-03-28T17:38:46.251Z,2025-03-28T17:34:49.445Z,236806,236806,236936,AUDIO,0,1,0,236806
2025-03-28T17:22:41.715Z,Album,"Arctic Monkeys - Whatever People Say I Am, That's What I'm Not","Arctic Monkeys - When the Sun Goes Down",false,Kazakhstan,111153953,111153718,"home / album_detail",2025-03-28T17:22:41.715Z,"MANUALLY_SELECTED_PLAYBACK_OF_A_DIFF_ITEM",2025-03-28T17:23:00.276Z,2025-03-28T17:23:02.276Z,2025-03-28T17:22:41.715Z,18561,18561,200063,AUDIO,0,1,1,18561
2025-03-25T21:27:20.601Z,Playlist,"Favourite Songs","Blur - Beetlebum (2012 Remaster)",false,Kazakhstan,2,726416468,library/playlist_detail,2025-03-25T21:27:20.601Z,TRACK_SKIPPED_FORWARDS,2025-03-25T21:27:35.142Z,2025-03-25T22:29:39.142Z,2025-03-25T21:27:20.601Z,14541,14541,305342,AUDIO,0,1,1,14541
2025-03-05T11:52:11.547Z,Playlist,"Favourite Songs","Metro Boomin - Space Cadet (feat. Gunna)",false,Kazakhstan,2,1441388353,library/playlist_detail,2025-03-05T11:52:11.547Z,NATURAL_END_OF_TRACK,2025-03-25T21:23:41.142Z,2025-03-25T22:29:39.142Z,2025-03-25T21:20:17.828Z,203372,203314,203314,AUDIO,0,4,2,583018
2025-03-25T21:18:12.222Z,Playlist,"Favourite Songs","Strawberry Guy - F Song",false,Kazakhstan,2,1423648886,library/playlist_detail,2025-03-25T21:18:12.222Z,TRACK_SKIPPED_FORWARDS,2025-03-25T21:18:37.440Z,2025-03-25T21:20:12.440Z,2025-03-25T21:18:12.222Z,25218,25218,224655,AUDIO,0,1,1,25218
2025-03-25T21:14:54.056Z,Playlist,"Favourite Songs","Gorillaz - Andromeda (feat. DRAM)",false,Kazakhstan,2,1217912232,library/playlist_detail,2025-03-25T21:14:54.056Z,NATURAL_END_OF_TRACK,2025-03-25T21:18:11.068Z,2025-03-25T21:20:07.068Z,2025-03-25T21:14:54.056Z,197012,197012,197546,AUDIO,0,1,0,197012
2025-03-25T21:04:57.455Z,Playlist,"Favourite Songs","Cigarettes After Sex - Sesame Syrup",false,Kazakhstan,2,1408280019,library/playlist_detail,2025-03-25T21:04:57.455Z,NATURAL_END_OF_TRACK,2025-03-25T21:10:00.068Z,2025-03-25T21:20:07.068Z,2025-03-25T21:04:57.455Z,302613,302613,303296,AUDIO,0,1,0,302613
2025-03-16T15:57:35.738Z,Playlist,"Favourite Songs","Kendrick Lamar - LOVE. (feat. Zacari)",false,Kazakhstan,2,1440881708,library/playlist_detail,2025-03-16T15:57:35.738Z,NATURAL_END_OF_TRACK,2025-03-25T21:04:56.514Z,2025-03-25T21:04:56.514Z,2025-03-25T21:01:23.071Z,213498,213443,213443,AUDIO,0,2,1,385235
2025-03-15T17:26:21.818Z,Playlist,"Favourite Songs","Yaeji - Raingurl",false,Kazakhstan,2,1510806531,library/playlist_detail,2025-03-15T17:26:21.818Z,TRACK_SKIPPED_FORWARDS,2025-03-25T21:01:22.514Z,2025-03-25T21:04:56.514Z,2025-03-25T20:58:26.519Z,175995,175995,237284,AUDIO,0,1,1,178864
2025-03-16T12:52:16.973Z,Playlist,"Favourite Songs","Kali Uchis - After the Storm (feat. Tyler, The Creator & Bootsy Collins)",false,Kazakhstan,2,1358286224,library/playlist_detail,2025-03-16T12:52:16.973Z,NATURAL_END_OF_TRACK,2025-03-25T20:58:27.249Z,2025-03-25T21:04:15.249Z,2025-03-25T20:54:59.748Z,207501,207501,207501,AUDIO,0,2,1,298904
2025-03-25T20:52:01.941Z,Playlist,"Favourite Songs","Артем Пивоваров - Собирай меня",false,Kazakhstan,2,1588079445,library/playlist_detail,2025-03-25T20:52:01.941Z,TRACK_SKIPPED_FORWARDS,2025-03-25T20:54:59.249Z,2025-03-25T21:04:15.249Z,2025-03-25T20:52:01.941Z,177308,177308,234242,AUDIO,0,1,1,177308
2025-03-25T20:49:11.488Z,Playlist,"Favourite Songs","Addison Rae - Diet Pepsi",false,Kazakhstan,2,1760428041,library/playlist_detail,2025-03-25T20:49:11.488Z,NATURAL_END_OF_TRACK,2025-03-25T20:52:01.249Z,2025-03-25T21:04:15.249Z,2025-03-25T20:49:11.488Z,169841,169761,169761,AUDIO,0,1,0,169761
2025-03-25T20:46:55.728Z,Playlist,"Favourite Songs","Baby Keem - ORANGE SODA",false,Kazakhstan,2,1472615480,library/playlist_detail,2025-03-25T20:46:55.728Z,NATURAL_END_OF_TRACK,2025-03-25T20:49:05.023Z,2025-03-25T20:49:05.023Z,2025-03-25T20:46:55.728Z,129295,129295,129882,AUDIO,0,1,0,129295
2025-03-07T12:05:08.227Z,Playlist,"Favourite Songs","beamglow - baby do you wanna dance? (did it first)",false,Kazakhstan,2,1760169027,library/playlist_detail,2025-03-07T12:05:08.227Z,NATURAL_END_OF_TRACK,2025-03-25T20:46:46.030Z,2025-03-25T20:47:51.030Z,2025-03-25T20:44:25.521Z,141331,141331,141330,AUDIO,0,4,2,388047
2025-03-25T20:44:23.883Z,Playlist,"Favourite Songs","Bruno Mars, Anderson .Paak & Silk Sonic - Leave the Door Open",false,Kazakhstan,2,1611637849,library/playlist_detail,2025-03-25T20:44:23.883Z,TRACK_SKIPPED_FORWARDS,2025-03-25T20:44:24.030Z,2025-03-25T20:47:51.030Z,2025-03-25T20:44:23.883Z,147,147,242096,AUDIO,0,1,1,147
2025-03-25T20:44:23.030Z,Playlist,"Favourite Songs","George Michael - Careless Whisper",false,Kazakhstan,2,193085066,library/playlist_detail,2025-03-25T20:44:23.030Z,TRACK_SKIPPED_FORWARDS,2025-03-25T20:44:23.030Z,2025-03-25T20:47:51.030Z,2025-03-25T20:44:23.030Z,0,0,392267,AUDIO,0,1,1,0
2025-02-13T16:05:58.821Z,Album,"Basta - Баста 4","Basta - Одна любовь (feat. Рем Дигга)",false,Kazakhstan,848102992,848103023,library/playlist_detail,2025-02-13T16:05:58.821Z,TRACK_SKIPPED_FORWARDS,2025-03-25T20:44:23.030Z,2025-03-25T20:47:51.030Z,2025-03-25T20:44:23.030Z,327931,327931,327921,AUDIO,0,10,7,2418510
