"Feature Name","Play Duration Milliseconds","First Played","Last Played","Source Type","Date Created"
"library / songs",837571,1744621219636,1744622067139,IPHONE,20250414
"library / songs",3491232,1744553203352,1744575824383,IPHONE,20250413
"library / songs",4422541,1744443148305,1744480987411,IPHONE,20250412
"library / songs",3313728,1744344300059,1744407092272,IPHONE,20250411
"library / songs",35877,1744314105849,1744314636860,IPHONE,20250410
"library / songs",1465133,1744180798452,1744227257505,IPHONE,20250409
"library / songs",3169852,1744098276496,1744121669248,IPHONE,20250408
"library / songs",5684591,1743939435119,1743976690700,IPHONE,20250406
"library / songs",894439,1743842086361,1743884798710,IPHONE,20250405
"library / songs",1472889,1743744690989,1743798810111,IPHONE,20250404
"library / songs",1101321,1743678927158,1743709573741,IPHONE,20250403
"library / songs",3266602,1743592483036,1743610370097,IPHONE,20250402
"library / songs",2705755,1743492449571,1743538769704,IPHONE,20250401
"library / songs",2588549,1742915235551,1742940035067,IPHONE,20250325
"library / songs",1485544,1742654823617,1742657853994,IPHONE,20250322
"library / songs",164156,1742593121102,1742593285258,IPHONE,20250321
"library / songs",6857849,1742393574986,1742409351994,IPHONE,20250319
"library / songs",297002,1742287701369,1742295531358,IPHONE,20250318
"library / songs",5486611,1742119763507,1742143032655,IPHONE,20250316
"library / songs",1031205,1742041565739,1742061494718,IPHONE,20250315
"library / songs",1491972,1741942315037,1741964773036,IPHONE,20250314
"library / songs",2894936,1741883738941,1741889362564,IPHONE,20250313
"library / songs",3926759,1741779681558,1741811652336,IPHONE,20250312
"library / songs",5488291,1741690046650,1741725740263,IPHONE,20250311
"library / songs",3701443,1741599182913,1741605291221,IPHONE,20250310
"library / songs",184070,1741511251285,1741511472111,IPHONE,20250309
"library / songs",621892,1741348423490,1741349551213,IPHONE,20250307
"library / songs",670278,1741262984038,1741264549757,IPHONE,20250306
"library / songs",4586100,1741163169659,1741186804259,IPHONE,20250305
"library / songs",1321420,1741113965764,1741118628918,IPHONE,20250304
"library / songs",5255048,1740991901129,1741036254851,IPHONE,20250303
"library / songs",1550405,1740928947981,1740947103129,IPHONE,20250302
"library / songs",8128562,1740652074507,1740682360497,IPHONE,20250227
"library / songs",3313573,1740047094192,1740076320139,IPHONE,20250220
"library / songs",409964,1739994552495,1739995325047,IPHONE,20250219
"library / songs",1132157,1738088858264,1738090086271,IPHONE,20250128
"library / songs",893076,1737743209142,1737745026489,IPHONE,20250124
"library / songs",865021,1737643352951,1737644572955,IPHONE,20250123
"library / songs",238665,1737288100899,1737288375741,IPHONE,20250119
"search / search_landing",1142189,1744543837855,1744560592404,IPHONE,20250413
"search / search_landing",593033,1744480335416,1744493233797,IPHONE,20250412
"search / search_landing",683496,1744381594182,1744389369631,IPHONE,20250411
"search / search_landing",206400,1744180409456,1744180616999,IPHONE,20250409
"search / search_landing",2216006,1743939376279,1743970886719,IPHONE,20250406
"search / search_landing",840387,1743884827521,1743891120832,IPHONE,20250405
"search / search_landing",705480,1743535777508,1743536843672,IPHONE,20250401
"search / search_landing",2124409,1742900941844,1742917838999,IPHONE,20250325
"search / search_landing",1135445,1742655039783,1742657602394,IPHONE,20250322
"search / search_landing",607696,1742593303000,1742595036577,IPHONE,20250321
"search / search_landing",220909,1742393153648,1742393551612,IPHONE,20250319
"search / search_landing",40636,1742333625034,1742333665808,IPHONE,20250318
"search / search_landing",396539,1742213920106,1742242827277,IPHONE,20250317
"search / search_landing",1357049,1742119459733,1742150954125,IPHONE,20250316
"search / search_landing",1789554,1742042697755,1742061082258,IPHONE,20250315
"search / search_landing",660535,1741964070336,1741981818683,IPHONE,20250314
"search / search_landing",592037,1741810099232,1741811028500,IPHONE,20250312
"search / search_landing",863115,1741610620169,1741612945477,IPHONE,20250310
"search / search_landing",58106,1741350105279,1741350163385,IPHONE,20250307
"search / search_landing",521397,1741171884455,1741185037211,IPHONE,20250305
"search / search_landing",1108746,1741113082711,1741121245448,IPHONE,20250304
"search / search_landing",494762,1741031599307,1741032850514,IPHONE,20250303
"search / search_landing",1686027,1740899317081,1740946620072,IPHONE,20250302
"search / search_landing",375606,1740791288370,1740791688199,IPHONE,20250301
"search / search_landing",1800163,1740651353795,1740678850239,IPHONE,20250227
"search / search_landing",1051694,1740566843163,1740568801054,IPHONE,20250226
"search / search_landing",1352423,1740501542206,1740504085807,IPHONE,20250225
"search / search_landing",1894292,1740382697519,1740426171196,IPHONE,20250224
"search / search_landing",1812889,1740274859429,1740310464420,IPHONE,20250223
"search / search_landing",5686904,1740206887646,1740240596352,IPHONE,20250222
"search / search_landing",1332615,1740131468310,1740175191393,IPHONE,20250221
"search / search_landing",73834,1740081449274,1740081523108,IPHONE,20250220
"search / search_landing",2810213,1739962458998,1739999515294,IPHONE,20250219
"search / search_landing",2434696,1739854203919,1739909506929,IPHONE,20250218
"search / search_landing",978377,1739819605853,1739827487344,IPHONE,20250217
"search / search_landing",1688178,1739727963684,1739737313033,IPHONE,20250216
"search / search_landing",424049,1739527524366,1739528296155,IPHONE,20250214
"search / search_landing",3621422,1739463052692,1739478488950,IPHONE,20250213
"search / search_landing",3283249,1739347121321,1739373882501,IPHONE,20250212
"search / search_landing",3265758,1739260751262,1739317311534,IPHONE,20250211
"search / search_landing",2512735,1739094581197,1739127847435,IPHONE,20250209
"search / search_landing",1408640,1739007824062,1739031163495,IPHONE,20250208
"search / search_landing",698185,1738851444076,1738876912131,IPHONE,20250206
"search / search_landing",495000,1738788715917,1738789829667,IPHONE,20250205
"search / search_landing",1111321,1738482516186,1738504047881,IPHONE,20250202
"search / search_landing",3103186,1738219064658,1738269378155,IPHONE,20250130
"search / search_landing",1104257,1738124319719,1738171199793,IPHONE,20250129
"search / search_landing",506762,1738053981397,1738054831109,IPHONE,20250128
"search / search_landing",1506789,1737959361514,1737995694495,IPHONE,20250127
"search / search_landing",4528510,1737884691309,1737925709694,IPHONE,20250126
"search / search_landing",1280809,1737790144609,1737793980129,IPHONE,20250125
"search / search_landing",1997437,1737695420025,1737743147115,IPHONE,20250124
"search / search_landing",1085146,1737616158577,1737651124726,IPHONE,20250123
"search / search_landing",1004542,1737557534772,1737567317208,IPHONE,20250122
"search / search_landing",899011,1737428593474,1737479376084,IPHONE,20250121
"search / search_landing",183958,1737387050098,1737387314059,IPHONE,20250120
"search / search_landing",1536798,1737253272833,1737300941328,IPHONE,20250119
"search / search_landing",656355,1736773026875,1736780883728,IPHONE,20250113
"search / search_landing",267355,1736071235039,1736071502394,IPHONE,20250105
"search / search_landing",166436,1735883120320,1735883286756,IPHONE,20250103
"search / search_landing",250296,1735834372451,1735834714515,IPHONE,20250102
"search / search_landing",332095,1735583149900,1735583524025,IPHONE,20241230
"search / search_landing",327159,1735499824859,1735500178762,IPHONE,20241229
"search / search_landing",174125,1735099945867,1735100119992,IPHONE,20241225
"search / search_landing",1603156,1735053885961,1735066265135,IPHONE,20241224
"search / search_landing",57381,1734939358209,1734939970740,IPHONE,20241223
"search / search_landing",497020,1734767751901,1734768270570,IPHONE,20241221
"search / search_landing",620686,1734695775711,1734698590973,IPHONE,20241220
"search / search_landing",381063,1734627270527,1734627813583,IPHONE,20241219
"search / search_landing",419173,1734336030001,1734336592233,IPHONE,20241216
"search / search_landing",414271,1734194091089,1734194506230,IPHONE,20241214
"search / search_landing",2034593,1734084669824,1734105157128,IPHONE,20241213
"search / search_landing",1050043,1733654216137,1733988265533,IPHONE,20241212
"library / album_detail",120264,1744226098254,1744226218518,IPHONE,20250409
"library / album_detail",248056,1742592828250,1742593076306,IPHONE,20250321
"library / album_detail",304575,1741348251723,1741350104495,IPHONE,20250307
"library / album_detail",334528,1741113842783,1741118856780,IPHONE,20250304
"library / album_detail",1108930,1740981217711,1741032494956,IPHONE,20250303
"library / album_detail",785409,1740938420654,1740940192915,IPHONE,20250302
"library / album_detail",1302354,1740791726353,1740796064274,IPHONE,20250301
"library / album_detail",289688,1740749591255,1740749912883,IPHONE,20250228
"library / album_detail",772367,1740682364798,1740683389000,IPHONE,20250227
"library / album_detail",254600,1740567712972,1740568123680,IPHONE,20250226
"library / album_detail",178897,1740502017063,1740502801887,IPHONE,20250225
"library / album_detail",4350202,1740279512070,1740314855127,IPHONE,20250223
"library / album_detail",4943753,1740205635169,1740232409042,IPHONE,20250222
"library / album_detail",691597,1740131336924,1740175961512,IPHONE,20250221
"library / album_detail",1648048,1740038152261,1740081448126,IPHONE,20250220
"library / album_detail",860092,1739965213499,1739966737521,IPHONE,20250219
"library / album_detail",141331,1739464586407,1739464727738,IPHONE,20250213
"library / album_detail",516049,1739091615780,1739092186611,IPHONE,20250209
"library / album_detail",3087815,1739007582094,1739049673244,IPHONE,20250208
"library / album_detail",550017,1738870472735,1738876629811,IPHONE,20250206
"library / album_detail",267156,1738482477517,1738503579543,IPHONE,20250202
"library / album_detail",198707,1738405650098,1738407033852,IPHONE,20250201
"library / album_detail",808233,1738171288407,1738173515116,IPHONE,20250129
"library / album_detail",1063532,1738039960084,1738055462284,IPHONE,20250128
"library / album_detail",1180374,1737885582500,1737925309487,IPHONE,20250126
"library / album_detail",200649,1737738872423,1737739073072,IPHONE,20250124
"library / album_detail",669288,1737616364090,1737650483471,IPHONE,20250123
"library / album_detail",390415,1737523936723,1737567399573,IPHONE,20250122
"library / album_detail",2109144,1737448132767,1737453091269,IPHONE,20250121
"library / album_detail",4763443,1737260167249,1737288100521,IPHONE,20250119
"library / album_detail",354609,1737190379222,1737191962802,IPHONE,20250118
"library / album_detail",480358,1737048709845,1737049240610,IPHONE,20250116
"library / album_detail",674478,1736928756691,1736934432302,IPHONE,20250115
"library / album_detail",288448,1736772767358,1736780560603,IPHONE,20250113
"library / album_detail",304777,1736510409722,1736510733750,IPHONE,20250110
"library / album_detail",231221,1736243239749,1736243483108,IPHONE,20250107
"library / album_detail",245499,1736170753130,1736171004941,IPHONE,20250106
"library / album_detail",1650187,1735646834756,1735648746739,IPHONE,20241231
"library / album_detail",1233229,1735554495563,1735568372687,IPHONE,20241230
"library / album_detail",1855583,1735461934331,1735500320139,IPHONE,20241229
"library / album_detail",3304834,1735198486700,1735252249267,IPHONE,20241226
"library / album_detail",136907,1735099665912,1735099802819,IPHONE,20241225
"library / album_detail",240793,1735053564706,1735053805537,IPHONE,20241224
"library / album_detail",3132329,1734939070572,1734945815791,IPHONE,20241223
"library / album_detail",3145435,1734768520458,1734812805661,IPHONE,20241221
"library / album_detail",489628,1734627210122,1734629413829,IPHONE,20241219
"library / album_detail",221173,1734413263432,1734413693813,IPHONE,20241217
"library / album_detail",510618,1734336601007,1734337126680,IPHONE,20241216
"library / album_detail",240877,1734194506219,1734194747894,IPHONE,20241214
"library / album_detail",1488168,1734084119422,1734104107749,IPHONE,20241213
"library / album_detail",5673658,1733710935933,1734008808609,IPHONE,20241212
"library / album_detail",3826269,1733554742139,1733584997812,IPHONE,20241207
"library / album_detail",915858,1733486836752,1733497251251,IPHONE,20241206
"library / album_detail",281286,1733327631166,1733331957440,IPHONE,20241204
"library / album_detail",121160,1733203614298,1733203735458,IPHONE,20241203
now_playing,165934,1742045320301,1742045517895,IPHONE,20250315
now_playing,41103,1741964345765,1741964386868,IPHONE,20250314
now_playing,115477,1741612945004,1741613712941,IPHONE,20250310
now_playing,39864,1741348545260,1741348585124,IPHONE,20250307
now_playing,42857,1741171839224,1741171882883,IPHONE,20250305
now_playing,474148,1741065394087,1741116852206,IPHONE,20250304
now_playing,65007,1740991679814,1740991744821,IPHONE,20250303
now_playing,1219145,1740899577748,1740939596642,IPHONE,20250302
now_playing,335134,1740677427390,1740684191522,IPHONE,20250227
now_playing,148178,1740568795845,1740568994492,IPHONE,20250226
now_playing,492619,1740501727894,1740503556920,IPHONE,20250225
now_playing,647179,1740382987485,1740425975390,IPHONE,20250224
now_playing,442000,1740309346361,1740310010528,IPHONE,20250223
now_playing,724076,1740218370331,1740240521105,IPHONE,20250222
now_playing,184923,1740165914247,1740175230168,IPHONE,20250221
now_playing,114417,1740039784708,1740046161428,IPHONE,20250220
now_playing,2769171,1739965130869,1739999231458,IPHONE,20250219
now_playing,1509731,1739872060635,1739908254694,"IPHONE, MACINTOSH",20250218
now_playing,1457893,1739713262793,1739730346022,"IPHONE, MACINTOSH",20250216
now_playing,459915,1739639406196,1739643046564,MACINTOSH,20250215
now_playing,2169448,1739466794652,1739474018346,IPHONE,20250213
now_playing,667501,1739349678671,1739351438917,IPHONE,20250212
now_playing,451157,1739268731821,1739295996646,IPHONE,20250211
now_playing,4444413,1739092186782,1739132231740,IPHONE,20250209
now_playing,30710,1739030651178,1739030681888,IPHONE,20250208
now_playing,1124127,1738860667240,1738877204429,"IPHONE, MACINTOSH",20250206
now_playing,1203238,1738219238720,1738269791958,"IPHONE, MACINTOSH",20250130
now_playing,289788,1738126335062,1738171241046,IPHONE,20250129
now_playing,402232,1738040669074,1738054267728,IPHONE,20250128
now_playing,534018,1737885874920,1737925011515,IPHONE,20250126
now_playing,257584,1737739979563,1737742976065,IPHONE,20250124
now_playing,446271,1737524106682,1737524714767,IPHONE,20250122
now_playing,440105,1737451654584,1737479464168,IPHONE,20250121
now_playing,55971,1737362268567,1737362336055,IPHONE,20250120
now_playing,491552,1737267887944,1737287749329,IPHONE,20250119
now_playing,49077,1737190665984,1737190715061,IPHONE,20250118
now_playing,373788,1736363428297,1736363802489,MACINTOSH,20250108
now_playing,40947,1736071501548,1736071542495,IPHONE,20250105
now_playing,729280,1735744102144,1735745593714,MACINTOSH,20250101
now_playing,586227,1735462254695,1735499811023,IPHONE,20241229
now_playing,559129,1735055278221,1735056481456,IPHONE,20241224
now_playing,857705,1734939293506,1734946756201,IPHONE,20241223
now_playing,35054,1734768270508,1734768305562,IPHONE,20241221
now_playing,251133,1734720562368,1734720946969,MACINTOSH,20241220
now_playing,72078,1734624265041,1734627195819,IPHONE,20241219
now_playing,1137823,1734413699894,1734448733684,IPHONE,20241217
now_playing,624490,1734085804052,1734105360699,IPHONE,20241213
now_playing,564718,1733654504285,1733988671723,IPHONE,20241212
now_playing,60615,1733819920240,1733819980855,MACINTOSH,20241210
now_playing,635008,1733584065475,1733585337581,IPHONE,20241207
now_playing,37070,1733375472522,1733375885562,IPHONE,20241205
now_playing,699915,1733327379804,1733348136429,IPHONE,20241204
now_playing,180213,1733198281321,1733251476960,IPHONE,20241203
now_playing,3286717,1733115907272,1733163350185,IPHONE,20241202
now_playing,1310882,1733039209768,1733071621393,IPHONE,20241201
now_playing,245470,1732889563361,1732889808831,IPHONE,20241129
now_playing,40957,1732824984078,1732825025035,IPHONE,20241128
now_playing,493366,1732681836204,1732703504433,IPHONE,20241127
now_playing,32462,1732642158611,1732642191073,IPHONE,20241126
now_playing,195078,1732577304493,1732577499571,IPHONE,20241125
now_playing,381273,1732350313858,1732350696512,IPHONE,20241123
now_playing,271314,1732298751565,1732304360024,IPHONE,20241122
now_playing,123815,1731575741285,1731588056997,IPHONE,20241114
search,450412,1738848230158,1738848679918,MACINTOSH,20250206
search,7941795,1736333861096,1736363413853,MACINTOSH,20250108
search,202399,1734778078462,1734778280861,MACINTOSH,20241221
search,269521,1733561643728,1733562395067,IPHONE,20241207
search,1120377,1733375011488,1733420205463,IPHONE,20241205
search,2419402,1733327795793,1733348036414,IPHONE,20241204
search,1793069,1733237936616,1733261396446,IPHONE,20241203
search,3148828,1733115638029,1733162374237,IPHONE,20241202
search,7237898,1733039033248,1733072216301,IPHONE,20241201
search,964305,1732952083088,1732996899919,IPHONE,20241130
search,837499,1732859205655,1732901009431,IPHONE,20241129
search,1299868,1732816091966,1732824983158,IPHONE,20241128
search,1498310,1732681209553,1732703397901,IPHONE,20241127
search,361889,1732641346230,1732659316992,IPHONE,20241126
search,1032819,1732575421353,1732577499527,IPHONE,20241125
search,1036934,1732349161797,1732350312968,IPHONE,20241123
search,1848461,1732298708037,1732304188926,IPHONE,20241122
library,425381,1744372797592,1744373640093,MACINTOSH,20250411
library,188899,1742243138947,1742243346896,MACINTOSH,20250317
library,533227,1740935953969,1740936526625,MACINTOSH,20250302
library,861653,1739901913320,1739902942302,MACINTOSH,20250218
library,641740,1739770754281,1739777861493,MACINTOSH,20250217
library,905816,1739712710497,1739724041849,MACINTOSH,20250216
library,618625,1739526633428,1739566470571,MACINTOSH,20250214
library,714629,1739235217588,1739235935106,MACINTOSH,20250211
library,1627366,1738860955887,1738865694688,MACINTOSH,20250206
library,52197,1738530686445,1738530738642,MACINTOSH,20250202
library,2301104,1736110289235,1736112595735,MACINTOSH,20250105
library,1005495,1735813892513,1735823252554,MACINTOSH,20250102
library,7744145,1735727942968,1735758279324,MACINTOSH,20250101
library,1379824,1735642862438,1735644290149,MACINTOSH,20241231
library,908334,1735368605777,1735369522630,MACINTOSH,20241228
library,1332763,1734857574589,1734860519704,MACINTOSH,20241222
library,2458963,1734776934793,1734780303534,MACINTOSH,20241221
library,600138,1734720118291,1734721571676,MACINTOSH,20241220
library,232500,1734030605775,1734034178637,MACINTOSH,20241212
library,1643237,1733819631183,1733866273256,MACINTOSH,20241210
library/playlist_detail,1416461,1744651468694,1744653026147,MACINTOSH,20250414
library/playlist_detail,32705,1744373667867,1744373700572,MACINTOSH,20250411
library/playlist_detail,265856,1744025752650,1744026085001,MACINTOSH,20250407
library/playlist_detail,93905,1743689698350,1743689792255,MACINTOSH,20250403
library/playlist_detail,408636,1743533079288,1743534170965,MACINTOSH,20250401
library/playlist_detail,123273,1743285739610,1743285862883,MACINTOSH,20250331
library/playlist_detail,2535020,1743199449373,1743202069929,MACINTOSH,20250328
library/playlist_detail,144169,1743015421824,1743016492432,MACINTOSH,20250326
library/playlist_detail,4205665,1742933863729,1742938205142,MACINTOSH,20250325
library/playlist_detail,987065,1742857778678,1742859223464,MACINTOSH,20250324
library/playlist_detail,720219,1742641519869,1742642247215,MACINTOSH,20250322
library/playlist_detail,451119,1742515345331,1742515827275,MACINTOSH,20250321
library/playlist_detail,196960,1742509858257,1742510055217,MACINTOSH,20250320
library/playlist_detail,50739,1742243082923,1742243136458,MACINTOSH,20250317
library/playlist_detail,3073152,1741882335874,1741900376114,MACINTOSH,20250313
library/playlist_detail,105134,1741260829185,1741260955581,MACINTOSH,20250306
library/playlist_detail,2294411,1740925463377,1740936970877,MACINTOSH,20250302
library/playlist_detail,39816,1739526407899,1739526447715,MACINTOSH,20250214
library/playlist_detail,1068637,1739483098463,1739484168479,MACINTOSH,20250213
"library / downloaded_music / songs",238601,1744381802699,1744382589732,IPHONE,20250411
"library / downloaded_music / songs",1808820,1743370534542,1743372349548,IPHONE,20250401
"library / downloaded_music / songs",7237195,1743329709151,1743341351883,IPHONE,20250330
"library / downloaded_music / songs",1448363,1742041695639,1742045118280,IPHONE,20250315
"library / downloaded_music / songs",109814,1741511139587,1741511249385,IPHONE,20250309
"library / downloaded_music / songs",5691794,1741350163836,1741362557081,IPHONE,20250307
"library / playlist_detail",208145,1740939618139,1740939826284,IPHONE,20250302
"library / playlist_detail",689248,1740227216952,1740232610788,IPHONE,20250222
"library / playlist_detail",2085153,1739092769366,1739099660539,IPHONE,20250209
"library / playlist_detail",86875,1739017517713,1739017604874,IPHONE,20250208
"library / playlist_detail",240974,1738871108085,1738876179732,IPHONE,20250206
"library / playlist_detail",205874,1737567400152,1737567620871,IPHONE,20250122
"library / playlist_detail",44047,1737286454316,1737286501046,IPHONE,20250119
"library / playlist_detail",226852,1737220483838,1737220710690,IPHONE,20250118
"library / playlist_detail",1251084,1736929058136,1736935534305,IPHONE,20250115
"library / playlist_detail",293757,1736242901650,1736243239272,IPHONE,20250107
"library / playlist_detail",1046488,1736166500031,1736170699565,IPHONE,20250106
"library / playlist_detail",1697973,1735979044461,1735992220527,IPHONE,20250104
"library / playlist_detail",809675,1735883293183,1735885964009,IPHONE,20250103
"library / playlist_detail",654011,1735807704534,1735835513596,IPHONE,20250102
"library / playlist_detail",361031,1735718779356,1735719140614,IPHONE,20250101
"library / playlist_detail",1663852,1735679674791,1735681341465,IPHONE,20241231
"library / playlist_detail",888201,1735566448674,1735583915896,IPHONE,20241230
"library / playlist_detail",93000,1735462161216,1735462254216,IPHONE,20241229
"library / playlist_detail",1184878,1735211252698,1735253998025,IPHONE,20241226
"library / playlist_detail",127064,1735099814456,1735099942372,IPHONE,20241225
"library / playlist_detail",124218,1734768395874,1734768520092,IPHONE,20241221
"library / playlist_detail",93099,1734084262444,1734084373355,IPHONE,20241213
"library / playlist_detail",129111,1733988712323,1734008845268,IPHONE,20241212
"library / playlist_detail",135021,1733332171229,1733332306250,IPHONE,20241204
"library / playlist_detail",177180,1733203928062,1733219177633,IPHONE,20241203
"library / playlist_detail",121160,1733158667510,1733158788670,IPHONE,20241202
"search / search_results",111870,1744351789824,1744352008213,MACINTOSH,20250411
"search / search_results",146284,1743689545962,1743689692246,MACINTOSH,20250403
"search / search_results",419199,1743285480825,1743285725343,MACINTOSH,20250329
"search / search_results",531782,1743182605089,1743183526251,MACINTOSH,20250328
"search / search_results",248104,1742514610527,1742514858631,MACINTOSH,20250320
"search / search_results",95326,1740925160279,1740925460351,MACINTOSH,20250302
"search / search_results",776121,1739898467328,1739901675292,MACINTOSH,20250218
"search / search_results",488498,1739771931901,1739772439370,MACINTOSH,20250217
"search / search_results",207426,1739643335799,1739643543225,MACINTOSH,20250216
"search / search_results",1821361,1739635945768,1739643288027,MACINTOSH,20250215
"search / search_results",894459,1739566474712,1739568372380,MACINTOSH,20250214
"search / search_results",195818,1739462758821,1739462954639,MACINTOSH,20250213
"search / search_results",90299,1739238505610,1739238595909,MACINTOSH,20250211
"search / search_results",276007,1738858830781,1738860068829,MACINTOSH,20250206
"search / search_results",170116,1737629334120,1737631456385,MACINTOSH,20250123
"search / search_results",422181,1735743292782,1735758620385,MACINTOSH,20250101
"search / search_results",311166,1735642528142,1735642857465,MACINTOSH,20241231
"search / search_results",251995,1734859442989,1734860420230,MACINTOSH,20241222
"search / search_results",693325,1734340593236,1734341382533,MACINTOSH,20241216
"search / search_results",2382188,1733824343129,1733865960648,MACINTOSH,20241210
"search / album_detail",409267,1744373755718,1744376017657,MACINTOSH,20250411
"search / album_detail",1365110,1743183571671,1743194447601,MACINTOSH,20250328
"search / album_detail",90443,1742213271653,1742242878925,"IPHONE, MACINTOSH",20250317
"search / album_detail",139459,1740226576535,1740226715994,IPHONE,20250222
"search / album_detail",421841,1739636555309,1739636917225,MACINTOSH,20250216
"search / album_detail",35472,1739568438243,1739568474687,MACINTOSH,20250215
"search / album_detail",176000,1738789407769,1738789583769,IPHONE,20250205
"search / album_detail",157278,1738484703261,1738485727147,IPHONE,20250202
"search / album_detail",352000,1738220970764,1738257297899,IPHONE,20250130
"search / album_detail",69357,1737908075909,1737908167369,IPHONE,20250126
"search / album_detail",66045,1737651126199,1737651192910,IPHONE,20250123
"search / album_detail",543355,1735758868586,1735759413565,MACINTOSH,20250101
"search / album_detail",93000,1735065741036,1735065834036,IPHONE,20241224
"search / album_detail",89215,1734768306038,1734768395253,IPHONE,20241221
"search / album_detail",93000,1734336289764,1734336382764,IPHONE,20241216
"search / album_detail",93000,1734193955385,1734194048385,IPHONE,20241214
"search / album_detail",246259,1734084850169,1734105255052,IPHONE,20241213
"search / album_detail",2391015,1733652072172,1733992416191,IPHONE,20241212
"search / album_detail",249561,1733824006195,1733824320449,MACINTOSH,20241210
"search / album_detail",136907,1733397712061,1733398070809,IPHONE,20241205
"search / album_detail",556567,1733331049939,1733343268253,IPHONE,20241204
"new / album_detail",231237,1743284825368,1743285056605,MACINTOSH,20250329
"new / album_detail",760127,1739898145571,1739905257230,MACINTOSH,20250218
"new / album_detail",382375,1739771506277,1739781868082,MACINTOSH,20250217
"new / album_detail",267508,1739638207365,1739643796225,MACINTOSH,20250216
"new / album_detail",475035,1739638230866,1739643698700,MACINTOSH,20250215
"new / album_detail",737690,1739236038785,1739238420370,MACINTOSH,20250211
"new / album_detail",433511,1738860163356,1738860666696,MACINTOSH,20250206
"new / album_detail",482791,1738253304828,1738254180410,MACINTOSH,20250130
"search / artist_detail / album_detail",1077734,1743286508924,1743290100440,IPHONE,20250329
"search / artist_detail / album_detail",1400157,1740900713970,1740902149726,IPHONE,20250302
"search / artist_detail / album_detail",513857,1734697285603,1734697804498,IPHONE,20241220
"search / playlist_detail",2055161,1741026562526,1741029598407,IPHONE,20250303
"search / playlist_detail",676844,1738859147080,1738859927115,MACINTOSH,20250206
"search / playlist_detail",228900,1738218815712,1738219051481,IPHONE,20250130
home,1561914,1744352763987,1744364581154,MACINTOSH,20250411
home,33951,1739904675066,1739904709017,MACINTOSH,20250218
home,1031246,1738858149368,1738867149889,MACINTOSH,20250206
"new / playlist_detail",306226,1739643913913,1739644203225,MACINTOSH,20250216
"new / playlist_detail",397145,1739644202310,1739644608605,MACINTOSH,20250215
"new / playlist_detail",910412,1739236439309,1739237538296,MACINTOSH,20250211
"new / playlist_detail",367660,1739132962914,1739133372709,IPHONE,20250209
"new / playlist_detail",249725,1737960424138,1737962354748,IPHONE,20250127
"search / search",163710,1742515169324,1742515333034,MACINTOSH,20250321
"search / search",248104,1742514920930,1742515169034,MACINTOSH,20250320
"search / search",477900,1742243347208,1742243627380,MACINTOSH,20250317
"search / search",146150,1739901678317,1739901824467,MACINTOSH,20250218
"search / search",136820,1739771774353,1739771911173,MACINTOSH,20250217
"search / search",855785,1739637223465,1739642489576,MACINTOSH,20250215
"search / search",195505,1738253515811,1738253711316,MACINTOSH,20250130
"search / search_landing / artist_detail / see_all",2181295,1743287248418,1743289431315,IPHONE,20250329
"search / artist_detail",432287,1733339966495,1733340398390,IPHONE,20241204
"search / artist_detail",560941,1733042278302,1733047196418,IPHONE,20241201
"search / artist_detail",576821,1732994427980,1732995190923,IPHONE,20241130
"search / artist_detail",117000,1732682765553,1732682882553,IPHONE,20241127
"search / artist_detail",74723,1732349194787,1732349269510,IPHONE,20241123
"search / artist_detail",401095,1732302560923,1732304474036,IPHONE,20241122
"Missing active tab / see_all",2119514,1744051318203,1744055572697,MACINTOSH,20250407
"search / search_landing / artist_detail",906052,1742219719537,1742222441955,IPHONE,20250317
"search / search_landing / artist_detail",125750,1741116911356,1741117037106,IPHONE,20250304
"search / search_landing / artist_detail",297537,1739034461176,1739035030286,IPHONE,20250208
"search / search_landing / artist_detail",614041,1735058172016,1735065048046,IPHONE,20241224
"library / playlists / playlist_detail",230679,1742397464564,1742397686297,IPHONE,20250319
"library / playlists / playlist_detail",1259954,1741284283998,1741285565947,IPHONE,20250306
"library / playlists / playlist_detail",385369,1733251543720,1733260661602,IPHONE,20241203
"search / artist_detail / artist_see_all",348128,1733123311706,1733123687097,IPHONE,20241202
"search / artist_detail / artist_see_all",405019,1733042324521,1733049108839,IPHONE,20241201
"search / artist_detail / artist_see_all",169000,1732994838072,1732995007072,IPHONE,20241130
"search / artist_detail / artist_see_all",714693,1732825097515,1732826118327,IPHONE,20241128
"home / playlist_detail",493772,1739906086300,1739907283638,MACINTOSH,20250219
"home / playlist_detail",909816,1739904349837,1739906087040,MACINTOSH,20250218
"Missing active tab / artist_detail",1234943,1733866296860,1733867662567,MACINTOSH,20241210
"search / search_landing / catalog",716733,1742231160567,1742235828231,IPHONE,20250317
"search / search_landing / catalog",290147,1733658199775,1733658489922,IPHONE,20241212
siri,40522,1744025581552,1744025655071,MACINTOSH,20250407
siri,169258,1739636917967,1739637087225,MACINTOSH,20250216
siri,257602,1739564075037,1739564332639,MACINTOSH,20250214
siri,93607,1737625218969,1737626046444,MACINTOSH,20250123
siri,404155,1733818915507,1733819581417,MACINTOSH,20241210
"listen_now / playlist_detail",43967,1734204307741,1734204351708,MACINTOSH,20241214
"listen_now / playlist_detail",91342,1731707408857,1731707500199,IPHONE,20241115
"listen_now / playlist_detail",814497,1731575794753,1731578989509,IPHONE,20241114
listen_now,45906,1734349737284,1734349783190,MACINTOSH,20241216
listen_now,346118,1734034199559,1734034548176,MACINTOSH,20241212
listen_now,464876,1733867702457,1733868191025,MACINTOSH,20241210
"home / grouping",313795,1739781912718,1739782344752,MACINTOSH,20250217
"home / grouping",368711,1738857889447,1738865902621,MACINTOSH,20250206
"search / see_all",360617,1742234099859,1742242730795,MACINTOSH,20250317
"search / see_all",40321,1740925214415,1740925254736,MACINTOSH,20250302
"home / album_detail",41092,1743182515802,1743182559530,MACINTOSH,20250328
"home / album_detail",196041,1737650484744,1737650680785,IPHONE,20250123
"home / album_detail",151892,1735054286546,1735054439830,IPHONE,20241224
"search / social_profile / social_profile / playlist_detail",333307,1733601875564,1733602212255,IPHONE,20241207
"new / see_all",331996,1739567160252,1739567492631,MACINTOSH,20250214
widget,240000,1741065153604,1741065393604,IPHONE,20250304
widget,53503,1735103299450,1735103356043,IPHONE,20241225
"library / album_detail / album_detail",249675,1743944337808,1743944596617,IPHONE,20250406
"search / search_landing / catalog / see_all",234174,1733658523286,1733658757460,IPHONE,20241212
"listen_now / grouping",218727,1733868193564,1733868433426,MACINTOSH,20241210
"search / album_detail / album_detail",132000,1735065844065,1735065976065,IPHONE,20241224
"browse / playlist_detail",112931,1731587978023,1731588094902,IPHONE,20241114
"browse / album_detail",93098,1734030334831,1734030591179,MACINTOSH,20241212
MusicKit,33619,1744389615352,1744389712215,IPHONE,20250411
MusicKit,44212,1739526809312,1739527509314,IPHONE,20250214
