Country,Content,"Play Duration Milliseconds","First Played","Last Played","Last Received","Source Type",Rankings
Kazakhstan,"Cigarettes After Sex",36305650,1733050885294,1744560592404,1744560355746,"IPHONE, MACINTOSH",1
Kazakhstan,"Arctic Monkeys",27960553,1732298708037,1744226064338,1744226064476,"IPHONE, MACINTOSH",2
Kazakhstan,Gorillaz,13224192,1734336030001,1742937491068,1742937607068,"IPHONE, MACINTOSH",3
Kazakhstan,Basta,12531512,1733069469478,1743975289831,1743976349047,"IPHONE, MACINTOSH",4
Kazakhstan,"Chris Isaak",11499893,1732575771971,1744121024292,1744120737849,"IPHONE, MACINTOSH",5
Kazakhstan,Radiohead,11260628,1733486836752,1744476708218,1744476981867,"IPHONE, MACINTOSH",6
Kazakhstan,"The Police",10683586,1733260259150,1744477430150,1744477430335,"IPHONE, MACINTOSH",7
Kazakhstan,"Kendrick Lamar",7528968,1733042153077,1742936696514,1742936696514,"IPHONE, MACINTOSH",8
Kazakhstan,"21 Savage",7373584,1733041682634,1744480987411,1744480926162,"IPHONE, MACINTOSH",9
Kazakhstan,"The Weeknd",6573541,1733119319244,1741883115010,1741883426010,"IPHONE, MACINTOSH",10
Kazakhstan,FACE,6257332,1733343661209,1744121213931,1744121213969,"IPHONE, MACINTOSH",11
Kazakhstan,ARO,5859157,1738220057498,1744461769572,1744463558234,"IPHONE, MACINTOSH",12
Kazakhstan,Nirvana,5849058,1732681442749,1743493376963,1743493377004,"IPHONE, MACINTOSH",13
Kazakhstan,"Валентин Стрыкало",5712245,1732577241750,1744461026262,1744463558234,"IPHONE, MACINTOSH",14
Kazakhstan,Blur,5501570,1732350524595,1744345228081,1744345228254,"IPHONE, MACINTOSH",15
Kazakhstan,Drake,5380655,1733042324521,1744443963863,1744445319350,"IPHONE, MACINTOSH",16
Kazakhstan,"Brent Faiyaz",5344303,1733824343129,1744462067404,1744463558234,"IPHONE, MACINTOSH",17
Kazakhstan,"V $ X V PRiNCE",4995100,1732659238564,1740502546571,1740502548429,"IPHONE, MACINTOSH",18
Kazakhstan,Måneskin,4503752,1733071335507,1744462792997,1744463558234,IPHONE,19
Kazakhstan,"А'Студио",4499050,1736772767358,1741612945477,1741612659988,"IPHONE, MACINTOSH",20
Kazakhstan,lucidbeatz,4454544,1740925160279,1742935441030,1742935671030,"IPHONE, MACINTOSH",21
Kazakhstan,"Кот Балу",4342835,1732575939813,1744476476760,1744476981867,"IPHONE, MACINTOSH",22
Kazakhstan,"Metro Boomin",4176013,1733042029744,1742937821142,1742941779142,"IPHONE, MACINTOSH",23
Kazakhstan,"Tyler, The Creator",4047903,1734945837563,1742129536247,1742129621838,"IPHONE, MACINTOSH",24
Kazakhstan,"Travis Scott",3947071,1732681836204,1742129123810,1742129124030,"IPHONE, MACINTOSH",25
Kazakhstan,"The Neighbourhood",3822714,1733339767833,1744121669248,1744121669340,"IPHONE, MACINTOSH",26
Kazakhstan,"Иван Дорн",3780424,1733068559482,1744575692224,1744575692252,"IPHONE, MACINTOSH",27
Kazakhstan,"Lana Del Rey",3766276,1733659120581,1742901506545,1742901511537,"IPHONE, MACINTOSH",28
Kazakhstan,Ayau,3633238,1733562250219,1742141775249,1742141660770,"IPHONE, MACINTOSH",29
Kazakhstan,"Mac DeMarco",3587087,1735058172016,1743939545873,1743939546138,"IPHONE, MACINTOSH",30
Kazakhstan,"Doja Cat",3553655,1738126134174,1739998415505,1739998415561,"IPHONE, MACINTOSH",31
Kazakhstan,Moldanazar,3527860,1738220556565,1741964386868,1741964387136,IPHONE,32
Kazakhstan,"Billie Eilish",3465906,1732350313858,1744476098249,1744476981867,"IPHONE, MACINTOSH",33
Kazakhstan,"Tame Impala",3456584,1734946176277,1741602232261,1741605179290,"IPHONE, MACINTOSH",34
Kazakhstan,Timati,3342121,1739999104679,1742142710335,1742142710584,"IPHONE, MACINTOSH",35
Kazakhstan,"Lil Peep",3305832,1732641346230,1740652068752,1740652069064,"IPHONE, MACINTOSH",36
Kazakhstan,chipbagov,3302008,1739988910675,1742915434958,1742915435125,"IPHONE, MACINTOSH",37
Kazakhstan,"Ark Patrol",3195371,1742514610527,1744381040026,1744381040090,"IPHONE, MACINTOSH",38
Kazakhstan,"Ernar Amandyq",3173732,1740677051581,1744575066736,1744575066766,IPHONE,39
Kazakhstan,ARShAT,3156082,1732889821595,1744443414368,1744445319350,"IPHONE, MACINTOSH",40
Kazakhstan,MRL,3020996,1733331049939,1735648104969,1735650653393,"IPHONE, MACINTOSH",41
Kazakhstan,SEREBRO,2990339,1741114296582,1744462184384,1744463558234,IPHONE,42
Kazakhstan,KhaliF,2927953,1736780429013,1744544317787,1744544317915,IPHONE,43
Kazakhstan,Zvonkiy,2920999,1732824776758,1744480541816,1744480541900,"IPHONE, MACINTOSH",44
Kazakhstan,Sade,2891949,1739029926839,1739373882501,1739373883344,IPHONE,45
Kazakhstan,Sting,2858632,1733050798132,1741783115440,1741782892035,"IPHONE, MACINTOSH",46
Kazakhstan,"Kazybek Kuraiysh",2844828,1734204307741,1744345963112,1744345963380,"IPHONE, MACINTOSH",47
Kazakhstan,ARO,2748503,1738220297030,1744461956041,1744463558234,"IPHONE, MACINTOSH",48
Kazakhstan,Muse,2679325,1740229175281,1744344799967,1744344800026,"IPHONE, MACINTOSH",49
Kazakhstan,beamglow,2607739,1734034199559,1742935606030,1742935671030,"IPHONE, MACINTOSH",50
Kazakhstan,Монеточка,2577296,1732298906710,1740939826284,1740939826437,"IPHONE, MACINTOSH",51
Kazakhstan,"M'Dee",2514482,1737566493872,1743596837357,1743598177458,"IPHONE, MACINTOSH",52
Kazakhstan,Duman,2467662,1737913585433,1743976172781,1743976349047,IPHONE,53
Kazakhstan,Santiz.mc,2455232,1742045125125,1743945869108,1743946888194,"IPHONE, MACINTOSH",54
Kazakhstan,"Addison Rae",2439525,1737479025973,1742935921249,1742936655249,"IPHONE, MACINTOSH",55
Kazakhstan,"Tony Tonite",2438697,1739729614972,1741809365285,1741809365489,IPHONE,56
Kazakhstan,"Артем Пивоваров",2406268,1737253272833,1742936099249,1742936655249,"IPHONE, MACINTOSH",57
Kazakhstan,"Каспийский груз",2397940,1733865071867,1742120115718,1742120115856,"IPHONE, MACINTOSH",58
Kazakhstan,"Zamiq Hüseynov",2350291,1739904781792,1743596311762,1743598177458,"IPHONE, MACINTOSH",59
Kazakhstan,"OG Buda",2339634,1732577297878,1744477576167,1744477576216,"IPHONE, MACINTOSH",60
Kazakhstan,FloyyMenor,2274168,1739642354646,1743596444056,1743598177458,"IPHONE, MACINTOSH",61
Kazakhstan,"Miyagi & Эндшпиль",2253732,1733049851583,1741116852206,1741116798127,"IPHONE, MACINTOSH",62
Kazakhstan,Fedos,2167666,1737300055736,1743970049103,1743970049495,IPHONE,63
Kazakhstan,TaeKobain,2113427,1735743292782,1742287958251,1742287913966,"IPHONE, MACINTOSH",64
Kazakhstan,"Eric Clapton",2095232,1743285480825,1744181097582,1744182553923,"IPHONE, MACINTOSH",65
Kazakhstan,Ollane,2063349,1733050399238,1744462630816,1744463558234,"IPHONE, MACINTOSH",66
Kazakhstan,Labrinth,2043400,1732889408758,1744477215041,1744477172430,"IPHONE, MACINTOSH",67
Kazakhstan,"Vendredi sur Mer",1957232,1741031599307,1743201731745,1743201731745,"IPHONE, MACINTOSH",68
Kazakhstan,"Teriyaki Boyz",1934438,1740503642603,1742400895019,1742409304651,"IPHONE, MACINTOSH",69
Kazakhstan,TARA202,1913591,1740675471709,1744349795396,1744346170233,"IPHONE, MACINTOSH",70
Kazakhstan,ХАНЗА,1903932,1739819605853,1741900376114,1741899962836,"IPHONE, MACINTOSH",71
Kazakhstan,"alan vuong",1885000,1740925399686,1743202069929,1743202644929,"IPHONE, MACINTOSH",72
Kazakhstan,"Leat'eq",1876634,1735099945867,1742393924764,1742393925793,"IPHONE, MACINTOSH",73
Kazakhstan,"Ваграм Вазян",1862047,1737892534646,1741783397916,1741783397951,"IPHONE, MACINTOSH",74
Kazakhstan,AC/DC,1857225,1743944598192,1744382589732,1744382021186,"IPHONE, MACINTOSH",75
Kazakhstan,Комбинация,1830839,1733069633064,1744443237796,1744445319350,IPHONE,76
Kazakhstan,chau,1684339,1739906232128,1741899604420,1741899694420,"IPHONE, MACINTOSH",77
Kazakhstan,Flume,1630959,1740674962103,1742141284308,1742141660770,IPHONE,78
Kazakhstan,"Everything But the Girl",1616206,1735743341553,1739094268595,1739094267644,"IPHONE, MACINTOSH",79
Kazakhstan,"Empire Of The Sun",1595843,1736071235039,1740212092117,1740212092366,"IPHONE, MACINTOSH",80
Kazakhstan,Земфира,1568480,1731576785874,1744575824383,1744575824589,"IPHONE, MACINTOSH",81
Kazakhstan,"Bruno Mars",1558674,1734340885487,1740655630516,1740655630576,"IPHONE, MACINTOSH",82
Kazakhstan,"Ирина Кайратовна",1527027,1733048083561,1739094016168,1739094016411,"IPHONE, MACINTOSH",83
Kazakhstan,NBSPLV,1511881,1742515345331,1743798480615,1743798480640,"IPHONE, MACINTOSH",84
Kazakhstan,MOVEMENT,1496638,1743182605089,1743705334989,1743705335048,"IPHONE, MACINTOSH",85
Kazakhstan,"Горячий шоколад",1490908,1738860163356,1742657602394,1742657602636,"IPHONE, MACINTOSH",86
Kazakhstan,Wavebeatmaker,1467020,1742593303000,1743798081345,1743798081373,"IPHONE, MACINTOSH",87
Kazakhstan,TOKYOPHILE,1421706,1733987513893,1735462254216,1735462254244,"IPHONE, MACINTOSH",88
Kazakhstan,beabadoobee,1389386,1737287483328,1739782289488,1739782300488,"IPHONE, MACINTOSH",89
Kazakhstan,Scorpions,1386159,1744552002335,1744621936742,1744621936766,IPHONE,90
Kazakhstan,"Kairat Nurtas",1360604,1732816091966,1742914702313,1742914518422,IPHONE,91
Kazakhstan,"Lady Gaga",1343224,1731576516887,1743340776217,1743345407380,IPHONE,92
Kazakhstan,Jumangee,1315847,1735054440861,1740566968563,1740566970350,IPHONE,93
Kazakhstan,"Mariah Carey",1311555,1742242753593,1744462586253,1744463558234,IPHONE,94
Kazakhstan,MARAQE,1302691,1733864804415,1735249866657,1735249866758,"IPHONE, MACINTOSH",95
Kazakhstan,"Justin Timberlake",1281455,1740674598684,1742142210982,1742142211508,IPHONE,96
Kazakhstan,Pompeya,1258246,1733251622696,1742129020514,1742129020722,IPHONE,97
Kazakhstan,"Медеу Арынбаев",1232059,1740131468310,1743946019416,1743946888194,"IPHONE, MACINTOSH",98
Kazakhstan,"Kanye West",1226326,1732350646629,1744109918788,1744109919078,"IPHONE, MACINTOSH",99
Kazakhstan,gtrhell,1196028,1742593384032,1743494767424,1743494767455,"IPHONE, MACINTOSH",100
Kazakhstan,"Selena Gomez",1182096,1742900941844,1743494521492,1743494521525,IPHONE,101
Kazakhstan,"Darkhan Juzz",1180140,1735053885961,1742406324558,1742409304651,IPHONE,102
Kazakhstan,"Baby Keem",1133141,1737885874920,1742935745023,1742935745023,"IPHONE, MACINTOSH",103
Kazakhstan,"Марія Чайковська",1121806,1732299791336,1739907283638,1739963860638,"IPHONE, MACINTOSH",104
Kazakhstan,Pitbull,1121131,1737790669209,1742060150055,1742060116183,IPHONE,105
Kazakhstan,Buray,1064241,1742150794399,1742515333034,1742515341034,"IPHONE, MACINTOSH",106
Kazakhstan,Future,1061308,1733041877983,1739129627359,1739129627454,"IPHONE, MACINTOSH",107
Kazakhstan,Adele,1048932,1742403745951,1743538769704,1743538770158,IPHONE,108
Kazakhstan,"Daft Punk",984819,1735834372451,1739772262896,1739772274896,"IPHONE, MACINTOSH",109
Kazakhstan,SZA,984203,1733162578397,1739714049384,1739714049384,"IPHONE, MACINTOSH",110
Kazakhstan,XXXTENTACION,972962,1735680727191,1738862410371,1738863048371,"IPHONE, MACINTOSH",111
Kazakhstan,"Miles Kane",969676,1739471396911,1741602441263,1741605179290,"IPHONE, MACINTOSH",112
Kazakhstan,Whitesnake,960322,1744555424222,1744651891452,1744652801452,"IPHONE, MACINTOSH",113
Kazakhstan,"Kali Uchis",903484,1737286511299,1742936307249,1742936655249,"IPHONE, MACINTOSH",114
Kazakhstan,"Wham!",897804,1733048698177,1733251282225,1733251282336,IPHONE,115
Kazakhstan,"Rauf & Faik",882858,1735583149900,1740231077446,1740231077779,IPHONE,116
Kazakhstan,"The Mamas & The Papas",848966,1737739091264,1738257478856,1738257479047,IPHONE,117
Kazakhstan,"Childish Gambino",781420,1733823657770,1739968401457,1739968380755,"IPHONE, MACINTOSH",118
Kazakhstan,"Strawberry Guy",777954,1735499520635,1736337191172,1736337191172,"IPHONE, MACINTOSH",119
Kazakhstan,"Ski Aggu",776131,1739638613198,1739901824467,1739901836467,MACINTOSH,120
Kazakhstan,chehollows,774954,1732300178742,1733988585815,1733992312610,IPHONE,121
Kazakhstan,"Катя Самбука",774219,1732302560923,1739643796225,1739712694225,"IPHONE, MACINTOSH",122
Kazakhstan,"Ренат Гайсин",764197,1742656727645,1743887281457,1743887281493,IPHONE,123
Kazakhstan,АИГЕЛ,723600,1740675697464,1741610804027,1741610804878,IPHONE,124
Kazakhstan,IOWA,705220,1733561643728,1743891120832,1743890631057,IPHONE,125
Kazakhstan,Гайтана,687685,1739314427219,1742915155149,1742915155817,IPHONE,126
Kazakhstan,Hozier,680852,1738860020451,1743201278481,1743201567481,"IPHONE, MACINTOSH",127
Kazakhstan,LUCAVEROS,666719,1738054527708,1742393551612,1742393356893,IPHONE,128
Kazakhstan,"The Subways",656276,1741171961204,1741348422955,1741348257441,IPHONE,129
Kazakhstan,"Bertha Tilman",649127,1744553203352,1744653026147,1744653848147,"IPHONE, MACINTOSH",130
Kazakhstan,"Guy Sigsworth",642432,1742402692225,1743610370097,1743612010267,IPHONE,131
Kazakhstan,"MC Pogba",612609,1733049656378,1739904623053,1739904646053,"IPHONE, MACINTOSH",132
Kazakhstan,"The Animals",612311,1744556968818,1744652321452,1744652801452,"IPHONE, MACINTOSH",133
Kazakhstan,"Portugal. The Man",611221,1740674798845,1741886554694,1741885742044,IPHONE,134
Kazakhstan,Miyagi,607083,1738269378107,1741611011063,1741610958091,IPHONE,135
Kazakhstan,Yaeji,602624,1737287995284,1742936482514,1742936696514,"IPHONE, MACINTOSH",136
Kazakhstan,"Kylie Minogue",599154,1734336765439,1742243346896,1742243346896,"IPHONE, MACINTOSH",137
Kazakhstan,"George Michael",597678,1739295910449,1739350868249,1739350868530,IPHONE,138
Kazakhstan,"Jah Khalib",593220,1739567160252,1740383838346,1740383838858,"IPHONE, MACINTOSH",139
Kazakhstan,"Chase Atlantic",587631,1733332881849,1744098523419,1744098521348,IPHONE,140
Kazakhstan,"Nina Simone",579081,1744555271687,1744652499452,1744652801452,"IPHONE, MACINTOSH",141
Kazakhstan,МОТ,561488,1739908015194,1740207096114,1740207096142,IPHONE,142
Kazakhstan,"Blood Orange",556607,1739898145571,1744480610395,1744480612865,"IPHONE, MACINTOSH",143
Kazakhstan,PNL,556500,1735064686096,1740232610788,1740232602298,IPHONE,144
Kazakhstan,Гуф,548468,1732824301982,1733047829996,1733047830240,IPHONE,145
Kazakhstan,"The Smiths",541500,1744559491646,1744652946896,1744653856896,"IPHONE, MACINTOSH",146
Kazakhstan,"Mustafa Ceceli",514064,1732304058878,1732899989060,1732899890822,IPHONE,147
Kazakhstan,Bazzi,501380,1732823919099,1744463559378,1744463558234,"IPHONE, MACINTOSH",148
Kazakhstan,sombr,490889,1744480625085,1744575265746,1744575265775,IPHONE,149
Kazakhstan,"Мурат Насыров",453504,1738859147080,1740227459003,1740227459095,"IPHONE, MACINTOSH",150
Kazakhstan,Chezile,438568,1742403369816,1744476246986,1744476981867,IPHONE,151
Kazakhstan,Nafeesisboujee,436817,1743884827521,1744622067139,1744622067236,IPHONE,152
Kazakhstan,MGMT,436260,1740675175279,1741001443819,1740998886147,IPHONE,153
Kazakhstan,"The American Dawn",426345,1742509858257,1744373700572,1744373700572,"IPHONE, MACINTOSH",154
Kazakhstan,"Ерлан Кокеев",418012,1738860391704,1739636917225,1739712694225,MACINTOSH,155
Kazakhstan,LXNGVX,411028,1733327795793,1735099902495,1735099902791,IPHONE,156
Kazakhstan,"Prince Royce",402068,1739638768175,1739642173299,1739642173299,MACINTOSH,157
Kazakhstan,"Penguin Piano",375972,1739637937563,1739901675292,1739901675292,MACINTOSH,158
Kazakhstan,"катя милтей",364739,1742231040409,1742393750249,1742393750686,IPHONE,159
Kazakhstan,"Валерий Меладзе",363404,1739908277261,1740166117414,1740166007055,IPHONE,160
Kazakhstan,"HammAli & Navai",358075,1733864954680,1739730346022,1739730001167,"IPHONE, MACINTOSH",161
Kazakhstan,"Ariana Grande",353224,1738269030254,1739131629694,1739131629726,IPHONE,162
Kazakhstan,Migos,343198,1733043294828,1733043638026,1733043638074,IPHONE,163
Kazakhstan,"DJ ANXVAR",331545,1733049576139,1738218883712,1738218883741,"IPHONE, MACINTOSH",164
Kazakhstan,"Molchat Doma",330399,1742594694588,1742595036577,1742595036713,IPHONE,165
Kazakhstan,"Tones And I",323039,1739998122544,1743970572109,1743970583102,IPHONE,166
Kazakhstan,Moby,320370,1742404380121,1742934799030,1742935671030,"IPHONE, MACINTOSH",167
Kazakhstan,Do-Mi-No,318274,1737995544254,1738124488116,1738124489864,IPHONE,168
Kazakhstan,"Не Всё Сказано",309782,1744381594182,1744544392591,1744544392625,IPHONE,169
Kazakhstan,"Марк Бернес",306774,1739638207365,1739638378225,1739712694225,MACINTOSH,170
Kazakhstan,"Phoebe Bridgers",304999,1737453091080,1737454794651,1737453308800,IPHONE,171
Kazakhstan,"Frank Ocean",304586,1736285317853,1736285622439,1736285622493,IPHONE,172
Kazakhstan,"Prod. 94",300090,1739965336617,1739965814998,1739965815083,IPHONE,173
Kazakhstan,"Ricky Hil",299120,1739128240143,1739128539263,1739128539294,IPHONE,174
Kazakhstan,ABBA,289000,1731576217129,1731576506129,1731576506182,IPHONE,175
Kazakhstan,"Son Pascal",286183,1740899577748,1741810200103,1741810201431,IPHONE,176
Kazakhstan,"DEVTH CXRN",283763,1739990958695,1740240127640,1740240128070,IPHONE,177
Kazakhstan,Rusha,278576,1738220468299,1738866151562,1738866151562,"IPHONE, MACINTOSH",178
Kazakhstan,Nurbullin,278295,1743970591920,1743970886719,1743970886761,IPHONE,179
Kazakhstan,Скриптонит,277656,1742403518161,1743537970063,1743537970110,IPHONE,180
Kazakhstan,"The Marías",270482,1737629334120,1737651017023,1737654391385,"IPHONE, MACINTOSH",181
Kazakhstan,Sia,252879,1733116517659,1743969676024,1743969635462,IPHONE,182
Kazakhstan,"Meirambek Besbayev",248660,1741810779840,1741811028500,1741811028773,IPHONE,183
Kazakhstan,Anar,245759,1734105254426,1738870753342,1738870753378,IPHONE,184
Kazakhstan,Света,240974,1738871108085,1738876179732,1738871151343,IPHONE,185
Kazakhstan,LeeHi,240907,1739737072126,1739737313033,1739737313071,IPHONE,186
Kazakhstan,"Kid Cudi",239830,1734939293506,1739967191023,1739967191328,IPHONE,187
Kazakhstan,"The Smashing Pumpkins",238143,1733159808455,1733160046598,1733160046654,IPHONE,188
Kazakhstan,"The White Stripes",231971,1744652499140,1744652731111,1744652731111,MACINTOSH,189
Kazakhstan,"The Last Shadow Puppets",230457,1733659024136,1739469287061,1739467741935,IPHONE,190
Kazakhstan,"Katy Perry",227377,1738858830781,1738859058158,1738859058158,MACINTOSH,191
Kazakhstan,"IL'HAN",217512,1738124489936,1738219456056,1738219457081,IPHONE,192
Kazakhstan,"Anna of the North",215773,1740946404299,1740946620072,1740946620102,IPHONE,193
Kazakhstan,"Mc Menor Do Alvorada",214153,1733343401069,1733343615222,1733343615279,IPHONE,194
Kazakhstan,"Жігіттер кв",213831,1737651040308,1739906400638,1739963860638,"IPHONE, MACINTOSH",195
Kazakhstan,Mr.Santiz,212601,1735642528142,1735642740743,1735642740743,MACINTOSH,196
Kazakhstan,"Flo Rida",207426,1739643335799,1739643543225,1739712694225,MACINTOSH,197
Kazakhstan,"Joey Bada$$",207058,1736284719582,1736284926640,1736284926666,IPHONE,198
Kazakhstan,"Jacques B",204740,1734034340978,1734034548176,1734034543901,MACINTOSH,199
Kazakhstan,"Men At Work",203226,1734104769740,1734104972966,1734104973006,IPHONE,200
Kazakhstan,"Faye Webster",202160,1738053981397,1738054183557,1738054183596,IPHONE,201
Kazakhstan,"Tanir & Tyomcha",201775,1737907082261,1739527509314,1739526811831,IPHONE,202
Kazakhstan,"Nicky Jam",198707,1739736817161,1739737015868,1739737017554,IPHONE,203
Kazakhstan,"Conan Gray",198042,1733250598524,1733250796566,1733250796622,IPHONE,204
Kazakhstan,Gunna,197460,1733119789891,1733119987351,1733119987394,IPHONE,205
Kazakhstan,"Cliff Richard",196978,1742901714254,1742901911290,1742901853897,IPHONE,206
Kazakhstan,Shakira,195884,1739643092143,1739643288027,1739643321027,MACINTOSH,207
Kazakhstan,"Наутилус Помпилиус",194032,1738859565465,1739017604874,1739017605184,"IPHONE, MACINTOSH",208
Kazakhstan,Phoenix,193000,1739967192429,1739967385429,1739967385463,IPHONE,209
Kazakhstan,Bakr,192282,1733865768366,1733865960648,1733865960648,MACINTOSH,210
Kazakhstan,Бьянка,192223,1732300068690,1732859494846,1732859494879,IPHONE,211
Kazakhstan,ORYNKHAN,192056,1739905722268,1743689692246,1743689692246,MACINTOSH,212
Kazakhstan,Pixies,188907,1737739979563,1737740168470,1737740169197,IPHONE,213
Kazakhstan,"Sam Brown",187189,1731587978023,1731588094902,1731588057024,IPHONE,214
Kazakhstan,Aaliyah,185748,1739295696366,1739295882114,1739295899821,IPHONE,215
Kazakhstan,"Chris Brown",184362,1739130615726,1739130800088,1739130800218,IPHONE,216
Kazakhstan,T-Fest,183526,1740217826942,1740218010790,1740218011068,IPHONE,217
Kazakhstan,"The 1975",182963,1734698226729,1734698439194,1734698315298,IPHONE,218
Kazakhstan,"Ben Flocks",179421,1739898467328,1739898646749,1739898926749,MACINTOSH,219
Kazakhstan,"Roy Orbison",178929,1740384460614,1740384639543,1740384639573,IPHONE,220
Kazakhstan,"Stephen Sanchez",177720,1733118491362,1733118669082,1733118669132,IPHONE,221
Kazakhstan,"Nelly Furtado",167005,1742901511761,1742901678766,1742901681997,IPHONE,222
Kazakhstan,"The Pineears",166988,1738866871222,1738867038210,1738867038210,MACINTOSH,223
Kazakhstan,"Jaman T",164855,1739729180113,1739729344968,1739729346274,IPHONE,224
Kazakhstan,ADTurnUp,164325,1738866548831,1738866749599,1738866749599,MACINTOSH,225
Kazakhstan,"Bishop Briggs",161893,1731575741285,1731576136257,1731576078650,IPHONE,226
Kazakhstan,"Piano Pop Tv",161652,1739898764097,1739898925749,1739898926749,MACINTOSH,227
Kazakhstan,"my bloody valentine",158299,1738858492254,1738858650553,1738858650553,MACINTOSH,228
Kazakhstan,Liberace,155396,1739637993330,1739638148726,1739638148726,MACINTOSH,229
Kazakhstan,blackbear,153571,1732952116567,1732952270138,1732952270510,IPHONE,230
Kazakhstan,Phonkha,148212,1740239873774,1740240021986,1740240022029,IPHONE,231
Kazakhstan,"Calvin Harris",147792,1739904095091,1739904320037,1739904320037,MACINTOSH,232
Kazakhstan,"Dj Patrick R",145846,1733343122407,1733343268253,1733343268312,IPHONE,233
Kazakhstan,"Olivia Rodrigo",144627,1737362268567,1737479464168,1737479464200,IPHONE,234
Kazakhstan,Sonder,142338,1739906086300,1739906228638,1739963860638,MACINTOSH,235
Kazakhstan,"Tom Jones",141382,1740677838171,1740677979553,1740677980476,IPHONE,236
Kazakhstan,"Диана Гурцкая",139459,1740226576535,1740226715994,1740226717257,IPHONE,237
Kazakhstan,"Artik & Asti",138620,1739879604194,1739881062349,1739879606049,IPHONE,238
Kazakhstan,WXCHSXN,137197,1734448429598,1734448566795,1734448566825,IPHONE,239
Kazakhstan,"Slavik Pogosov",135623,1737919439657,1737992329533,1737992232027,IPHONE,240
Kazakhstan,"Ringo Madlingozi",135473,1738860667240,1738860802713,1738860802713,MACINTOSH,241
Kazakhstan,"Playboi Carti",135182,1735055590229,1735055725411,1735055725487,IPHONE,242
Kazakhstan,"DJ Batidão",132923,1733343268099,1733343401022,1733343401080,IPHONE,243
Kazakhstan,HOVANNII,129859,1740501727894,1740501857753,1740501857784,IPHONE,244
Kazakhstan,Xcho,128005,1739237410291,1739237538296,1739237864296,MACINTOSH,245
Kazakhstan,"Charlie Puth",127427,1733048438638,1733048695895,1733048502683,IPHONE,246
Kazakhstan,FindMyName,127189,1740503429731,1740503556920,1740503557239,IPHONE,247
Kazakhstan,Ulukmanapo,123604,1739879354177,1739879477781,1739879478162,IPHONE,248
Kazakhstan,Aarne,123428,1740425815860,1740425939288,1740425939316,IPHONE,249
Kazakhstan,johan333,122127,1738866749065,1738866871192,1738866871192,MACINTOSH,250
Kazakhstan,Эндшпиль,122079,1741116178673,1741116314476,1741116221090,IPHONE,251
Kazakhstan,"Tobal Mj",120855,1739642925709,1739643046564,1739643046564,MACINTOSH,252
Kazakhstan,"Miyagi & Andy Panda",120382,1733050011192,1733050131867,1733050132403,IPHONE,253
Kazakhstan,dopuu,115060,1738858344170,1738858459230,1738858459230,MACINTOSH,254
Kazakhstan,"Don Toliver",114164,1735055754731,1735056481456,1735055852400,IPHONE,255
Kazakhstan,Killakah,111870,1744351789824,1744352008213,1744351900359,MACINTOSH,256
Kazakhstan,Argonya,110402,1737651126199,1740940238957,1740940239217,IPHONE,257
Kazakhstan,"Liana Flores",105048,1737287644281,1737287749329,1737287749532,IPHONE,258
Kazakhstan,velours,104630,1736281284033,1736281388663,1736281388696,IPHONE,259
Kazakhstan,Slowdive,101300,1735499709723,1735499811023,1735499811680,IPHONE,260
Kazakhstan,DOROFEEVA,95356,1738257816332,1738257911688,1738257911728,IPHONE,261
Kazakhstan,GoldLink,95157,1742222087657,1742222441955,1742222166667,IPHONE,262
Kazakhstan,Shiza,93685,1732703399095,1732703504433,1732703486563,IPHONE,263
Kazakhstan,"Death Plus",91972,1732701864111,1732701956340,1732701953016,IPHONE,264
Kazakhstan,løøm,90500,1738218960981,1738219051481,1738219051520,IPHONE,265
Kazakhstan,Nova,90299,1739238505610,1739238595909,1739239495909,MACINTOSH,266
Kazakhstan,Doechii,89852,1738877114577,1738877204429,1738877204524,IPHONE,267
Kazakhstan,Блестящие,89658,1732899999865,1732900089523,1732900089561,IPHONE,268
Kazakhstan,akimmmich,88638,1740939508004,1740939596642,1740939596851,IPHONE,269
Kazakhstan,"Dan C. Parkes",86331,1739965486400,1739965856206,1739965859613,IPHONE,270
Kazakhstan,internetBoi,86121,1738867063768,1738867149889,1738867425889,MACINTOSH,271
Kazakhstan,Ren0wned,82243,1733868275255,1733868357498,1733868357498,MACINTOSH,272
Kazakhstan,"Sabir Axmedov",81378,1740165914247,1740165995625,1740165996789,IPHONE,273
Kazakhstan,"LL Clawz",76996,1738858650448,1738858727444,1738858727444,MACINTOSH,274
Kazakhstan,"Piano Echoes",75373,1739898961283,1739899036656,1739899036656,MACINTOSH,275
Kazakhstan,"DJ Ikeraus",74422,1734448237492,1734448311914,1734448311940,IPHONE,276
Kazakhstan,"DJ CAVANHA",74003,1732682417503,1732682491506,1732682491745,IPHONE,277
Kazakhstan,"2 Chainz",73782,1733119986932,1733120060714,1733120060911,IPHONE,278
Kazakhstan,Röya,72525,1739905257555,1739905330080,1739905330080,MACINTOSH,279
Kazakhstan,Rusty,72078,1734624265041,1734627195819,1734624265412,IPHONE,280
Kazakhstan,ВесЪ,71334,1737917391630,1737918401510,1737917403306,IPHONE,281
Kazakhstan,MONA,70850,1742917768149,1742917838999,1742917839136,IPHONE,282
Kazakhstan,Scythermane,70400,1738218883700,1738218954100,1738218954188,IPHONE,283
Kazakhstan,MACAN,69510,1739133171952,1739133243188,1739133240907,IPHONE,284
Kazakhstan,"Nils van Zandt",69357,1737908075909,1737908167369,1737908076575,IPHONE,285
Kazakhstan,"Odd Future",69345,1738040917033,1738040986378,1738040986429,IPHONE,286
Kazakhstan,KREZUS,69033,1733868364393,1733868433426,1733868433426,MACINTOSH,287
Kazakhstan,"Oscar Lang",66410,1735499195440,1735499261850,1735499262049,IPHONE,288
Kazakhstan,Sadraddin,65391,1737992903412,1737992999857,1737992904586,IPHONE,289
Kazakhstan,"Nobu Woods",65007,1740991679814,1740991744821,1740991746069,IPHONE,290
Kazakhstan,IVINIGHT,64768,1740675404401,1740675469450,1740675471139,IPHONE,291
Kazakhstan,Queen,64498,1731576135978,1731576200476,1731576205546,IPHONE,292
Kazakhstan,Jane,60823,1738482516186,1738482580216,1738482535930,IPHONE,293
Kazakhstan,"Ritter Lean",60497,1739901847400,1739901907897,1739901907897,MACINTOSH,294
Kazakhstan,BOWSY,60450,1739713460872,1739713521322,1739713521322,MACINTOSH,295
Kazakhstan,Asik,56413,1742917556284,1742917753798,1742917613064,IPHONE,296
Kazakhstan,"Charli xcx",52907,1739466896450,1739466949357,1739466949654,IPHONE,297
Kazakhstan,Shihottie,51720,1736281229438,1736281281158,1736281283833,IPHONE,298
Kazakhstan,"Ludwig van Beethoven",51254,1739637644892,1739637696146,1739637696146,MACINTOSH,299
Kazakhstan,"Annie Lennox",50199,1742242828298,1742242878925,1742242878854,IPHONE,300
Kazakhstan,"Отпетые Мошенники",48066,1740227467202,1740227515895,1740227516545,IPHONE,301
Kazakhstan,Ассаи,47614,1738253711580,1738253740358,1738253740358,MACINTOSH,302
Kazakhstan,0to8,44597,1735462254695,1735462299292,1735462299471,IPHONE,303
Kazakhstan,ADAM,43870,1740384024806,1740384068676,1740384068728,IPHONE,304
Kazakhstan,Portwave,43248,1737924968267,1737925011515,1737925011668,IPHONE,305
Kazakhstan,"Lil Wayne",43150,1733042278302,1733042321452,1733042323387,IPHONE,306
Kazakhstan,"Rich The Kid",42572,1733119275726,1733119318437,1733119318806,IPHONE,307
Kazakhstan,Portishead,42399,1739713262793,1739713305507,1739713306507,MACINTOSH,308
Kazakhstan,"dj dudah",42353,1733343614742,1733343660409,1733343654228,IPHONE,309
Kazakhstan,Geoxor,41407,1738219238720,1738219282432,1738219239725,IPHONE,310
Kazakhstan,"Леша Свик",40957,1732824984078,1732825025035,1732825025077,IPHONE,311
Kazakhstan,"Miami Horror",40947,1736071501548,1736071542495,1736071542556,IPHONE,312
Kazakhstan,"DJ RD DA DZ7",40677,1733049789270,1733049850264,1733049793914,IPHONE,313
Kazakhstan,Банума,39470,1739729562707,1739729602177,1739729602724,IPHONE,314
Kazakhstan,Slovalava,37112,1740501857290,1740501894402,1740501894472,IPHONE,315
Kazakhstan,kizaru,37070,1733375472522,1733375885562,1733375505184,IPHONE,316
Kazakhstan,"Mc Jacaré",36000,1733331388177,1733331424464,1733331424712,IPHONE,317
Kazakhstan,"Big Baby Tape",35989,1740425939401,1740425975390,1740425975427,IPHONE,318
Kazakhstan,emptiness,35758,1739898925898,1739898961656,1739899036656,MACINTOSH,319
Kazakhstan,MAYOT,35472,1739568438243,1739568474687,1739635907687,MACINTOSH,320
Kazakhstan,"The Ronettes",35117,1738257478796,1738257513913,1738257514540,IPHONE,321
Kazakhstan,Rush,34471,1733327379804,1733327585091,1733327382207,IPHONE,322
Kazakhstan,"Post Malone",34227,1739351014053,1739351048280,1739351051761,IPHONE,323
Kazakhstan,dArtagnan,33980,1739638575003,1739638608983,1739638608983,MACINTOSH,324
Kazakhstan,"Qonyratbay Fam",33917,1740900665204,1740900699121,1740900699204,IPHONE,325
Kazakhstan,"Idris & Leos",33670,1733865034573,1733865068243,1733865068243,MACINTOSH,326
Kazakhstan,"Lil Baby",33628,1739782088860,1739782122488,1739782300488,MACINTOSH,327
Kazakhstan,"Phil Collins",33460,1739094962609,1739094996069,1739094996811,IPHONE,328
Kazakhstan,MORGENSHTERN,32833,1740166274297,1740166307130,1740166308861,IPHONE,329
Kazakhstan,"Cold Hart",32462,1732642158611,1732642191073,1732642192527,IPHONE,330
Kazakhstan,"Steel Deluxe",32368,1732303139577,1732303172416,1732303172446,IPHONE,331
Kazakhstan,Megadeth,31977,1741171884455,1741171916432,1741171918168,IPHONE,332
Kazakhstan,GONE.Fludd,31406,1740175024095,1740175055501,1740175055888,IPHONE,333
Kazakhstan,ния,30772,1737960424138,1737960455536,1737960456293,IPHONE,334
Kazakhstan,"Goody Grace",30745,1743288852032,1743288882777,1743288884467,IPHONE,335
Kazakhstan,Джиган,30185,1739999201273,1739999231458,1739999231883,IPHONE,336
Kazakhstan,Alternative,125044157,1731575741285,1744652946896,1744653856896,"IPHONE, MACINTOSH",1
Kazakhstan,"Hip Hop/Rap",100507123,1732300178742,1744544317787,1744544317915,"IPHONE, MACINTOSH",2
Kazakhstan,Pop,94397179,1731576217129,1744575692224,1744575692252,"IPHONE, MACINTOSH",3
Kazakhstan,Rock,36821900,1731576135978,1744653026147,1744653848147,"IPHONE, MACINTOSH",4
Kazakhstan,Electronic,27327896,1733049656378,1744381040026,1744381040090,"IPHONE, MACINTOSH",5
Kazakhstan,"R&B/Soul",21987233,1732300068690,1744462586253,1744463558234,"IPHONE, MACINTOSH",6
Kazakhstan,"Hard Rock",6120822,1733071335507,1744651891452,1744652801452,"IPHONE, MACINTOSH",7
Kazakhstan,Dance,4408184,1733049612394,1742656333021,1742656333088,"IPHONE, MACINTOSH",8
Kazakhstan,Singer/Songwriter,4344123,1731576785874,1744575824383,1744575824589,"IPHONE, MACINTOSH",9
Kazakhstan,Soundtrack,4222901,1732889408758,1744477215041,1744477172430,"IPHONE, MACINTOSH",10
Kazakhstan,"Indie Pop",4006749,1733251622696,1744461956041,1744463558234,"IPHONE, MACINTOSH",11
Kazakhstan,Brazilian,3421038,1733049789270,1742915434958,1742915435125,"IPHONE, MACINTOSH",12
Kazakhstan,"Alternative Rap",3264707,1732641346230,1740652068752,1740652069064,"IPHONE, MACINTOSH",13
Kazakhstan,"Indie Rock",2781327,1735754612762,1744575265746,1744575265775,"IPHONE, MACINTOSH",14
Kazakhstan,Latin,2274168,1739642354646,1743596444056,1743598177458,"IPHONE, MACINTOSH",15
Kazakhstan,"Teen Pop",2177754,1732299313866,1740939826284,1740939826437,"IPHONE, MACINTOSH",16
Kazakhstan,Disco,2063349,1733050399238,1744462630816,1744463558234,"IPHONE, MACINTOSH",17
Kazakhstan,"Russian Chanson",1862047,1737892534646,1741783397916,1741783397951,"IPHONE, MACINTOSH",18
Kazakhstan,Rap,1558015,1733584692158,1739347386681,1739347386835,"IPHONE, MACINTOSH",19
Kazakhstan,Hip-Hop,1345742,1735642528142,1742935745023,1742935745023,"IPHONE, MACINTOSH",20
Kazakhstan,Downtempo,1196028,1742593384032,1743494767424,1743494767455,"IPHONE, MACINTOSH",21
Kazakhstan,World,1140327,1738220776175,1739098184121,1739098184157,IPHONE,22
Kazakhstan,Jazz,758502,1739898467328,1744652499452,1744652801452,"IPHONE, MACINTOSH",23
Kazakhstan,"British Invasion",612311,1744556968818,1744652321452,1744652801452,"IPHONE, MACINTOSH",24
Kazakhstan,Reggae,607083,1738269378107,1741611011063,1741610958091,IPHONE,25
Kazakhstan,"Baile Funk",580888,1733343122407,1738219051481,1738219051520,IPHONE,26
Kazakhstan,Funk,502534,1733049576139,1738218883712,1738218883741,"IPHONE, MACINTOSH",27
Kazakhstan,"Salsa y Tropical",402068,1739638768175,1739642173299,1739642173299,MACINTOSH,28
Kazakhstan,"Russian Pop",322352,1738871108085,1740165995625,1740165996789,IPHONE,29
Kazakhstan,"Latin Urban",319562,1739642925709,1739737015868,1739737017554,"IPHONE, MACINTOSH",30
Kazakhstan,"Alternative Folk",202160,1738053981397,1738054183557,1738054183596,IPHONE,31
Kazakhstan,"Pop in Spanish",195884,1739643092143,1739643288027,1739643321027,MACINTOSH,32
Kazakhstan,Holiday,165900,1733116517659,1733116683559,1733116683611,IPHONE,33
Kazakhstan,House,137495,1733987606912,1733987838345,1733992312610,IPHONE,34
Kazakhstan,"Underground Rap",74003,1732682417503,1732682491506,1732682491745,IPHONE,35
Kazakhstan,IDM/Experimental,70400,1738218883700,1738218954100,1738218954188,IPHONE,36
Kazakhstan,"TV Soundtrack",60823,1738482516186,1738482580216,1738482535930,IPHONE,37
Kazakhstan,Instrumental,51254,1739637644892,1739637696146,1739637696146,MACINTOSH,38
Kazakhstan,Techno,40947,1736071501548,1736071542495,1736071542556,IPHONE,39
Kazakhstan,Soul,35758,1739898925898,1739898961656,1739899036656,MACINTOSH,40
Kazakhstan,Folk-Rock,33917,1740900665204,1740900699121,1740900699204,IPHONE,41
Kazakhstan,"Heavy Metal",31977,1741171884455,1741171916432,1741171918168,IPHONE,42
