"Feed URL","Episode ID",Visible?,"Marked as played on","Manually set","Is New?","Last played on","Playback position","Play count","Has been played?"
"https://access.acast.com/rss/626f876c0241f8001253acbe",648ff70b07f9cb00119b5cc7,,,Yes,No,2023-09-17T08:54:43.973Z,899.002,0,Yes
"https://access.acast.com/rss/626f876c0241f8001253acbe",64c652a16624ec0011da4baf,,,Yes,No,2023-09-17T08:40:11.542Z,12.001,1,Yes
"https://access.acast.com/rss/626f876c0241f8001253acbe",64f4a2c949644400129633a7,,,Yes,No,2023-09-17T08:39:57.323Z,5.001,1,Yes
"https://anchor.fm/s/353d33c8/podcast/rss","5511127e-31b3-41cf-bf8b-7c2bdb526827",,,No,No,2023-09-18T09:49:13.248Z,46.003,0,Yes
"https://anchor.fm/s/353d33c8/podcast/rss","75b74155-9504-480c-8298-c591dbf8496c",,,Yes,No,2023-09-17T08:12:20.397Z,125.005,0,Yes
"https://anchor.fm/s/6b7fb938/podcast/rss","b43f683f-bd25-49d7-8028-3b1706e9f44f",,,Yes,No,2023-09-18T09:48:18.365Z,48.000,0,Yes
"https://cloud.mave.digital/35642","090db37a-2a8d-4070-a087-4a37865b999f",,,Yes,No,2023-04-04T09:18:00.463Z,1159.005,0,Yes
"https://cloud.mave.digital/35642","41f3a957-ece8-4431-9dd4-ebd9ef15db31",,,No,No,2023-04-04T01:43:12.535Z,1116.000,0,Yes
"https://cloud.mave.digital/40055","63c436b5-d105-4890-9062-bc6a50bf81ea",,,Yes,No,2023-04-03T01:30:16.633Z,885.001,0,Yes
"https://cloud.mave.digital/40055","tag:soundcloud,2010:tracks/979563877",,,Yes,No,2023-04-03T09:54:51.301Z,1043.001,0,Yes
"https://cloud.mave.digital/42003","74ed170e-93b4-4a21-b440-1fdad096ed87",,,Yes,No,2023-04-03T09:37:45.978Z,1063.000,0,Yes
"https://feeds.megaphone.fm/ALLE4310393056","1ca411e4-a659-11ed-bb38-53de189c6e83",,,No,No,2023-09-17T07:02:15.510Z,155.005,0,Yes
"https://feeds.npr.org/381444908/podcast.xml","038298be-32af-44ac-a2ac-d388b1be3620",,,No,No,2023-09-17T08:39:01.127Z,26.001,0,Yes
"https://feeds.redcircle.com/9656e588-076a-46b0-a243-91eb2734ed90","6f8051cb-a2d3-4412-bc3b-8f7d47e180b6",,,Yes,No,2023-09-17T07:23:17.669Z,1.001,1,Yes
"https://feeds.redcircle.com/9656e588-076a-46b0-a243-91eb2734ed90",Buzzsprout-4465595,,,No,No,2023-09-17T07:23:13.388Z,4.000,2,Yes
"https://feeds.redcircle.com/9656e588-076a-46b0-a243-91eb2734ed90",Buzzsprout-4472636,,,No,No,2023-09-17T07:28:58.726Z,0.000,1,Yes
"https://feeds.redcircle.com/9656e588-076a-46b0-a243-91eb2734ed90",Buzzsprout-4492034,,,No,No,2023-09-17T07:38:42.189Z,0.000,1,Yes
"https://feeds.redcircle.com/9656e588-076a-46b0-a243-91eb2734ed90",Buzzsprout-4505270,,,No,No,2023-09-17T07:45:41.018Z,0.000,1,Yes
"https://feeds.soundon.fm/podcasts/09d00a5b-d14e-4609-beaf-570dcc10b4e2.xml","8c6520b9-2eed-4b98-ac0c-4175eec75724",,,Yes,No,2023-09-17T07:18:07.063Z,37.001,0,Yes
"https://ieltswritingpodcast.libsyn.com/rss","c7f896ac-edc9-44c0-a692-0d89cdb8cc76",,,Yes,No,2023-09-18T09:50:28.945Z,70.006,0,Yes
"https://podcasts.files.bbci.co.uk/p02pc9tn.rss",urn:bbc:podcast:p0gc4z7b,,,No,No,2023-09-17T08:02:16.509Z,0.000,1,Yes
"https://podcasts.files.bbci.co.uk/p02pc9tn.rss",urn:bbc:podcast:p0gdlcw4,,,No,No,2023-09-17T07:59:12.965Z,0.000,1,Yes
"https://www.eslpod.com/feed.xml","http://media.libsyn.com/media/eslpod/ESLPod867.mp3",,,No,No,2023-09-17T08:38:28.672Z,220.001,0,Yes
"https://www.ieltspodcast.com/feed/podcast/","https://www.ieltspodcast.com/?p=138372",,,Yes,No,2023-09-17T06:58:40.941Z,177.000,0,Yes
