"Last updated","Added on","Feed URL",Title,Subscribed?,"Last touched on","Show type",Sort,"Playback newest to oldest"
2023-09-17T08:10:23Z,2023-09-17T08:10:21Z,"https://anchor.fm/s/353d33c8/podcast/rss","Thinking in English",Yes,2023-09-17T08:10:21Z,,descending,Yes
2023-09-17T07:55:52Z,2023-09-17T07:55:52Z,"https://podcasts.files.bbci.co.uk/p02pc9tn.rss","6 Minute English",Yes,2023-09-17T08:10:12Z,,descending,Yes
2023-09-17T07:54:43Z,2023-09-17T07:17:35Z,"https://feeds.soundon.fm/podcasts/09d00a5b-d14e-4609-beaf-570dcc10b4e2.xml","TOEFL and IELTS vocabulary | 托福與雅思必讀英文單字",Yes,2023-09-17T07:18:30Z,,descending,Yes
2023-09-17T07:54:42Z,2023-09-17T06:58:11Z,"https://access.acast.com/rss/626f876c0241f8001253acbe","IELTS Speaking for Success",Yes,2023-09-17T06:58:11Z,,descending,Yes
2023-09-17T07:54:40Z,2023-09-17T06:56:07Z,"https://anchor.fm/s/6b7fb938/podcast/rss","Ielts cambridge listening",Yes,2023-09-17T06:56:07Z,,descending,Yes
2023-09-17T07:54:41Z,2023-09-17T06:55:04Z,"https://ieltswritingpodcast.libsyn.com/rss","IELTS Writing Podcast",Yes,2023-09-17T06:55:04Z,,descending,Yes
2023-09-17T07:54:39Z,2023-09-17T06:54:30Z,"https://www.ieltspodcast.com/feed/podcast/","IELTS Podcast",Yes,2023-09-17T06:59:31Z,,descending,Yes
2023-09-17T07:54:39Z,2023-08-13T18:31:23Z,"https://cloud.mave.digital/37372","Обольщай и властвуй | Харизма",Yes,2023-09-17T06:54:09Z,,descending,Yes
2023-09-17T07:54:34Z,2023-08-13T18:30:24Z,"https://anchor.fm/s/6ce2fe70/podcast/rss",Взлетаем,Yes,2023-09-17T06:54:09Z,,descending,Yes
2023-09-17T07:54:36Z,2023-08-13T18:28:58Z,"https://cloud.mave.digital/33276","Тело, в котором ты живешь",Yes,2023-09-17T06:54:09Z,,descending,Yes
2023-09-17T07:54:32Z,2023-04-04T01:26:59Z,"https://cloud.mave.digital/35642","Мы расстались",Yes,2023-09-17T06:54:09Z,,descending,Yes
2023-09-17T07:54:37Z,2023-04-02T12:44:41Z,"https://cloud.mave.digital/40055","Интроверт на кухне",Yes,2023-09-17T06:54:09Z,,descending,Yes
2023-09-17T07:54:36Z,2023-04-02T12:43:10Z,"https://horoshochtovyetoskazali.libsyn.com/rss","Хорошо, что вы это сказали",Yes,2023-09-17T06:54:09Z,,descending,Yes
2023-09-17T07:54:32Z,2023-04-02T12:39:30Z,"https://cloud.mave.digital/33215","Ты – это важно",Yes,2023-09-17T06:54:09Z,,descending,Yes
2023-09-17T07:54:38Z,2023-04-02T12:29:26Z,"https://cloud.mave.digital/42003","Хорошие отношения",Yes,2023-09-17T06:54:09Z,,descending,Yes
2023-09-17T07:54:34Z,2023-04-02T12:28:26Z,"https://nopravilno.libsyn.com/rss","Никакого правильно",Yes,2023-09-17T06:54:09Z,,descending,Yes
