Apple ID Number,App Name,First User Action Date,Latest User Action Date,Version
18019095426,Music Web & Privacy,2024-12-04T17:37:44Z,2024-12-04T17:37:44Z,1
18019095426,Videos & Privacy,2023-09-14T17:13:55Z,2023-09-14T17:13:55Z,5
18019095426,iTunes Store & Privacy,2023-09-14T17:13:55Z,2023-09-14T17:13:55Z,5
18019095426,Apple Books & Privacy,2022-09-02T09:46:18Z,2024-07-04T03:22:56Z,7
18019095426,Apple Music & Privacy,2022-08-05T13:36:35Z,2024-12-08T10:01:00Z,10
18019095426,Apple Podcasts & Privacy,2022-08-05T12:43:56Z,2022-08-05T12:43:56Z,5
18019095426,App Store & Privacy,2022-08-04T09:36:40Z,2024-11-03T13:00:08Z,7
18019095426,Apple Arcade & Privacy,2022-08-04T09:36:40Z,2022-08-04T09:36:40Z,5
18019095426,Emergency SOS & Privacy,2022-08-04T09:31:57Z,2022-08-04T09:31:57Z,2
18019095426,Apple ID & Privacy,2022-08-04T09:31:57Z,2022-09-13T13:29:00Z,4
18019095426,Location Services & Privacy,2022-08-04T09:31:57Z,2022-08-04T09:31:57Z,2
