Apple ID List Type,Apple ID Number,Apple ID Payment List Modification Date,Apple ID Payment List Creation Date,Apple ID Payment List Event Creation Date,Apple ID Payment List Event Entry Number,Apple ID Payment List Event Modification Date,Apple ID Payment List Event Number,Apple ID Payment List Event Type,Apple ID Payment List Identifier,Apple ID Payment List Inactivation Date,Apple ID Payment Method Creation Date,Apple ID Payment Method Deletion Date,Apple ID Payment Method Event Creation Date,Apple ID Payment Method Event Modification Date,Apple ID Payment Method Event Rank,Apple ID Payment Method Modification Date,Apple ID Payment Method Number,Apple ID Payment Method Rank,Apple ID Payment Method Signature,Apple Pay Number,Billing Info Number,Country,iCloud Family ID,Organizer Apple ID,Previous Apple ID Payment Method Event Rank
"",420000170260748,2024-07-18T16:34:46Z,2022-08-04T09:41:17Z,2022-08-04T09:41:17Z,420000233403683,2022-08-04T09:41:17Z,420000221349054,add,420000102619703,,2022-08-04T09:41:17Z,2024-07-18T16:30:47Z,2022-08-04T09:41:17Z,2022-08-04T09:41:17Z,1,2024-07-18T16:30:50Z,420000150540721,1,None,,420000496910129,143517,,,
"",420000170260748,2024-07-18T16:34:46Z,2022-08-04T09:41:17Z,2022-08-04T09:41:17Z,420000233403683,2022-08-04T09:41:17Z,420000221349054,add,420000102619703,,2024-07-18T16:30:50Z,,2022-08-04T09:41:17Z,2022-08-04T09:41:17Z,1,2024-07-18T16:30:50Z,420000223007244,1,Visa::i^t]IW~AmAAJ};=bIakB7O!pB=}HHf|^YFU,,420000600990581,143517,,,
"",420000170260748,2022-08-04T09:41:17Z,2022-08-04T09:31:14Z,2022-08-04T09:31:14Z,420000233402389,2022-08-04T09:31:14Z,420000221347845,add,420000102619427,2022-08-04T09:41:16Z,2022-08-04T09:31:14Z,,2022-08-04T09:31:14Z,2022-08-04T09:31:14Z,1,2022-08-04T09:31:14Z,420000150540103,1,None,,420000496909093,143517,,,
"",420000170260748,2024-07-18T16:34:46Z,2022-08-04T09:41:17Z,2024-07-18T16:30:50Z,420000383811796,2024-07-18T16:30:50Z,420000357749330,delete,420000102619703,,2022-08-04T09:41:17Z,2024-07-18T16:30:47Z,2024-07-18T16:30:50Z,2024-07-18T16:30:50Z,1,2024-07-18T16:30:50Z,420000150540721,1,None,,420000496910129,143517,,,
"",420000170260748,2024-07-18T16:34:46Z,2022-08-04T09:41:17Z,2024-07-18T16:30:50Z,420000383811796,2024-07-18T16:30:50Z,420000357749330,delete,420000102619703,,2024-07-18T16:30:50Z,,2024-07-18T16:30:50Z,2024-07-18T16:30:50Z,1,2024-07-18T16:30:50Z,420000223007244,1,Visa::i^t]IW~AmAAJ};=bIakB7O!pB=}HHf|^YFU,,420000600990581,143517,,,
"",420000170260748,2024-07-18T16:34:46Z,2022-08-04T09:41:17Z,2024-07-18T16:30:50Z,420000383811797,2024-07-18T16:30:50Z,420000357749329,add,420000102619703,,2022-08-04T09:41:17Z,2024-07-18T16:30:47Z,2024-07-18T16:30:50Z,2024-07-18T16:30:50Z,1,2024-07-18T16:30:50Z,420000150540721,1,None,,420000496910129,143517,,,
"",420000170260748,2024-07-18T16:34:46Z,2022-08-04T09:41:17Z,2024-07-18T16:30:50Z,420000383811797,2024-07-18T16:30:50Z,420000357749329,add,420000102619703,,2024-07-18T16:30:50Z,,2024-07-18T16:30:50Z,2024-07-18T16:30:50Z,1,2024-07-18T16:30:50Z,420000223007244,1,Visa::i^t]IW~AmAAJ};=bIakB7O!pB=}HHf|^YFU,,420000600990581,143517,,,
