Apple ID Number,Device Identifier,Device Name,Device Serial Number,Associated Date,Latest Device Details
18019095426,00008101-001365000CD1001E,Iphone Dana,DNPGKFU10DXP,2022-09-13T06:28:59Z,"com.apple.appstored/1.0 iOS/17.3.1 model/iPhone13,2 hwp/t8101 build/21D61 (6; dt:229) AMS/1"
18019095426,68CAC48E9465,dana's macbook,WM2DN7K9GK,2024-07-18T07:50:06.260Z,MacAppStore/3.0 MacAppStore/3.0 (Macintosh; OS X 15.2; 24C101) AppleWebKit/0620.1.16.11.8 AMS/1 (dt:1)
18019095426,68CAC48E9465,dana's macbook,WM2DN7K9GK,2024-07-18T07:50:06.432Z,Music/1.5.2 (Macintosh; OS X 15.2) AppleWebKit/620.1.16.11.8 build/56 (dt:1)
18019095426,00008120-000E3C622E82601E,Iphone Dana,LF94CKQ0C0,2024-11-03T12:13:37.559Z,"itunesstored/1.0 iOS/18.3.2 model/iPhone15,4 hwp/t8120 build/22D82 (6; dt:312)"
